date,index,ticker,adj_close,return_pct,conditional_volatility
2018-01-02,S&P 500,^GSPC,97.82870361072746,-2.1952159055728337,1.2219925691895832
2018-01-03,S&P 500,^GSPC,99.54948388692503,1.743681910357875,1.289631557843674
2018-01-04,S&P 500,^GSPC,97.41729156234837,-2.165111970334621,1.3178058449287076
2018-01-05,S&P 500,^GSPC,98.04421258447137,0.6414799422080897,1.372022095418377
2018-01-08,S&P 500,^GSPC,99.05112355662963,1.0217590653459396,1.3414612966327035
2018-01-09,S&P 500,^GSPC,98.0330178108173,-1.0331778044251116,1.3253753555911327
2018-01-10,S&P 500,^GSPC,97.64813532473535,-0.3933776720340454,1.3088956322491656
2018-01-11,S&P 500,^GSPC,98.39345022566545,0.7603677451962554,1.2752795117160485
2018-01-12,S&P 500,^GSPC,98.26339724319008,-0.1322638932826692,1.253225776387882
2018-01-15,S&P 500,^GSPC,97.16962343435188,-1.1193453647113216,1.2195008450494829
2018-01-16,S&P 500,^GSPC,97.1170210798972,-0.05414922458673033,1.2134204462617348
2018-01-17,S&P 500,^GSPC,97.12859534645567,0.01191714570980551,1.1812529448400442
2018-01-18,S&P 500,^GSPC,97.88409749451537,0.7748274400106503,1.1505582921641657
2018-01-19,S&P 500,^GSPC,97.90865028896104,0.02508039225386227,1.1360577059095427
2018-01-22,S&P 500,^GSPC,96.30250353922692,-1.65405882912113,1.107482944472578
2018-01-23,S&P 500,^GSPC,95.57172814195735,-0.7617270170496404,1.143215522180652
2018-01-24,S&P 500,^GSPC,94.47118724905465,-1.1582154413929402,1.1270938985206915
2018-01-25,S&P 500,^GSPC,95.68478200129401,1.2764376890115336,1.1293604855594184
2018-01-26,S&P 500,^GSPC,97.16022009517515,1.5302101353354303,1.1406214390228953
2018-01-29,S&P 500,^GSPC,96.89156261546958,-0.2768927423407952,1.1674046204248858
2018-01-30,S&P 500,^GSPC,97.92607622603218,1.062042780687289,1.1388214751856072
2018-01-31,S&P 500,^GSPC,98.60318939937831,0.6890738134379681,1.1375775280773521
2018-02-01,S&P 500,^GSPC,98.02197105097162,-0.5911959994687521,1.1208133499435107
2018-02-02,S&P 500,^GSPC,99.47049443393469,1.4669413895507688,1.1006672845339431
2018-02-05,S&P 500,^GSPC,99.90577123473331,0.43663922673884414,1.1267192664884293
2018-02-06,S&P 500,^GSPC,99.59648396141844,-0.31005917280761963,1.103556875516821
2018-02-07,S&P 500,^GSPC,98.32821251334988,-1.2815872194976485,1.0784819463644684
2018-02-08,S&P 500,^GSPC,97.16640578453597,-1.1885957954726578,1.0914997226519674
2018-02-09,S&P 500,^GSPC,96.88988994717928,-0.2849853682524994,1.098067862891134
2018-02-12,S&P 500,^GSPC,96.86716910530365,-0.023452917886856994,1.0729244649543273
2018-02-13,S&P 500,^GSPC,97.0764442151591,0.21581034559048362,1.0472856744788401
2018-02-14,S&P 500,^GSPC,97.38915922153272,0.3216150006968732,1.024339579417088
2018-02-15,S&P 500,^GSPC,96.47819995154522,-0.9397827240846368,1.004159644005697
2018-02-16,S&P 500,^GSPC,96.98636538195419,0.5253329964647335,1.0041837665823325
2018-02-19,S&P 500,^GSPC,95.8613193360292,-1.1667848759151944,0.9898959938331868
2018-02-20,S&P 500,^GSPC,95.18075319856885,-0.7124807717870496,1.0032868367679435
2018-02-21,S&P 500,^GSPC,95.91352083644787,0.7669211787361796,0.9937441089478903
2018-02-22,S&P 500,^GSPC,96.60797523984684,0.7214336368165597,0.9886854583756722
2018-02-23,S&P 500,^GSPC,96.34431536234854,-0.273290398135817,0.9820958649800287
2018-02-26,S&P 500,^GSPC,97.83534843789758,1.5357554460871725,0.9626403786725988
2018-02-27,S&P 500,^GSPC,97.09040668439101,-0.764337559943673,1.0079101877168015
2018-02-28,S&P 500,^GSPC,96.67509301098953,-0.4286772516803872,1.000038191097968
2018-03-01,S&P 500,^GSPC,97.13152192030442,0.47101565993630246,0.9823958084764131
2018-03-02,S&P 500,^GSPC,97.29168300475052,0.1647551491979371,0.967832118702822
2018-03-05,S&P 500,^GSPC,97.84329753342683,0.5653686453134021,0.9483402009310068
2018-03-06,S&P 500,^GSPC,97.60060074644305,-0.24835455480154423,0.938596006473095
2018-03-07,S&P 500,^GSPC,98.24384099461905,0.6568913117715347,0.9210923492095688
2018-03-08,S&P 500,^GSPC,97.90912599964324,-0.3412798949503859,0.9163658283546149
2018-03-09,S&P 500,^GSPC,98.40111250670664,0.5012347199480516,0.9015312495772978
2018-03-12,S&P 500,^GSPC,98.50752773960455,0.10808590534656659,0.8926083463864978
2018-03-13,S&P 500,^GSPC,98.6186680858782,0.11276061771949841,0.8765587131109096
2018-03-14,S&P 500,^GSPC,99.73370403477612,1.1243099164113701,0.8614143380600079
2018-03-15,S&P 500,^GSPC,99.79557145131498,0.06201337459961209,0.8864339802887612
2018-03-16,S&P 500,^GSPC,98.86085085501122,-0.941049358964996,0.8704184503757321
2018-03-19,S&P 500,^GSPC,98.33977782717265,-0.5284711758157812,0.8806449382143461
2018-03-20,S&P 500,^GSPC,98.84030228277445,0.5076836670079743,0.8724899935956636
2018-03-21,S&P 500,^GSPC,98.42111604280164,-0.4250064452669733,0.8655818558775814
2018-03-22,S&P 500,^GSPC,98.2397575051724,-0.18443789633231233,0.8554804452787553
2018-03-23,S&P 500,^GSPC,98.3094498440444,0.07091592251384782,0.8417470353396356
2018-03-26,S&P 500,^GSPC,97.22205401040016,-1.1122576387792904,0.8282195200200768
2018-03-27,S&P 500,^GSPC,97.9887395923967,0.7854991109259579,0.8526560038427057
2018-03-28,S&P 500,^GSPC,98.26862096483583,0.2852189200755362,0.8584776526093206
2018-03-29,S&P 500,^GSPC,99.01908444548644,0.760784458188013,0.8466965484262313
2018-03-30,S&P 500,^GSPC,99.0401911413765,0.021313514257226274,0.8517658331802819
2018-04-02,S&P 500,^GSPC,98.72312753068779,-0.3206498398981239,0.8374712379000866
2018-04-03,S&P 500,^GSPC,98.82396162897545,0.10208614814191108,0.8267459123124482
2018-04-04,S&P 500,^GSPC,98.84726030639341,0.02357316082504113,0.8142759089647317
2018-04-05,S&P 500,^GSPC,98.53099834131972,-0.32046309243884963,0.802077064191602
2018-04-06,S&P 500,^GSPC,97.64520388263712,-0.9030661910616189,0.7934594222243383
2018-04-09,S&P 500,^GSPC,97.4379060750934,-0.21252263777409297,0.8080515506253431
2018-04-10,S&P 500,^GSPC,97.22843644900522,-0.21520896136282275,0.7973339992951785
2018-04-11,S&P 500,^GSPC,96.63688478066875,-0.6102726372373191,0.7872783051447951
2018-04-12,S&P 500,^GSPC,96.53767122108195,-0.10271908512571315,0.7881863782607406
2018-04-13,S&P 500,^GSPC,96.45042467419603,-0.09041651240195847,0.7776308446305471
2018-04-16,S&P 500,^GSPC,97.3216132648707,0.8991952295529515,0.7676292076253073
2018-04-17,S&P 500,^GSPC,96.46658927848681,-0.8824371386023877,0.7869589785491041
2018-04-18,S&P 500,^GSPC,97.48979535278828,1.0550986176122379,0.8009437424780984
2018-04-19,S&P 500,^GSPC,96.92908908415616,-0.5768038684367482,0.8271977622039952
2018-04-20,S&P 500,^GSPC,96.37373124355975,-0.5746003784678599,0.8240843415544293
2018-04-23,S&P 500,^GSPC,95.68182084997542,-0.7205346364975718,0.8211024458018675
2018-04-24,S&P 500,^GSPC,96.50759245139938,0.859336285891743,0.8241689674179927
2018-04-25,S&P 500,^GSPC,95.53098254732481,-1.0171064051085033,0.8361559971603462
2018-04-26,S&P 500,^GSPC,95.96034539658817,0.4484417894157211,0.8537323933705442
2018-04-27,S&P 500,^GSPC,97.1502211451818,1.2323414802115629,0.8461825956805851
2018-04-30,S&P 500,^GSPC,97.18819475939287,0.03907988497031667,0.8804778770092792
2018-05-01,S&P 500,^GSPC,98.12176449395818,0.9559951251257637,0.8646811746677965
2018-05-02,S&P 500,^GSPC,96.38069552645332,-1.7903274560911342,0.8787445685048385
2018-05-03,S&P 500,^GSPC,95.1560121579295,-1.2788149836641338,0.9534846021572547
2018-05-04,S&P 500,^GSPC,95.7177543818522,0.5886024632040687,0.9772322297569429
2018-05-07,S&P 500,^GSPC,96.70097320356793,1.0219664077875557,0.9665014073481267
2018-05-08,S&P 500,^GSPC,95.91533676925631,-0.8157572857294682,0.975946488965474
2018-05-09,S&P 500,^GSPC,97.41247023111767,1.5488339869479617,0.9722684099460788
2018-05-10,S&P 500,^GSPC,97.28478436313999,-0.1311635200501371,1.0175201342778826
2018-05-11,S&P 500,^GSPC,95.45326128462932,-1.9005881318950202,0.9948903215894626
2018-05-14,S&P 500,^GSPC,95.86323645326415,0.4285838399003872,1.0641928163384093
2018-05-15,S&P 500,^GSPC,96.92048751636406,1.0968370573038122,1.044104289273812
2018-05-16,S&P 500,^GSPC,96.54498315439683,-0.3881879616082884,1.0516569147884276
2018-05-17,S&P 500,^GSPC,95.48031325362696,-1.1088964114994049,1.0304704081520608
2018-05-18,S&P 500,^GSPC,95.03469941603183,-0.46780003737234566,1.0372870192873302
2018-05-21,S&P 500,^GSPC,96.30470528666622,1.327509640217972,1.018516043933146
2018-05-22,S&P 500,^GSPC,93.89770045427791,-2.5311281713944034,1.0425428459850001
2018-05-23,S&P 500,^GSPC,95.55731959882466,1.7520376049330544,1.1697318755424218
2018-05-24,S&P 500,^GSPC,95.26402837597503,-0.30739899588256847,1.2100217419415509
2018-05-25,S&P 500,^GSPC,93.43246205110063,-1.9413438416406414,1.1798018247295619
2018-05-28,S&P 500,^GSPC,93.36445125890678,-0.07281790046089753,1.230579721477269
2018-05-29,S&P 500,^GSPC,92.55105736788744,-0.8750201496175336,1.1976686458229706
2018-05-30,S&P 500,^GSPC,93.68538309938815,1.2181716487937422,1.182490313637955
2018-05-31,S&P 500,^GSPC,92.63071444617688,-1.1321404131897417,1.186327690979617
2018-06-01,S&P 500,^GSPC,92.69596294088939,0.07041457638852222,1.183094319913724
2018-06-04,S&P 500,^GSPC,94.39257864737937,1.8137532134755219,1.1524840862083021
2018-06-05,S&P 500,^GSPC,92.50451849046165,-2.020496216667045,1.19943923093496
2018-06-06,S&P 500,^GSPC,90.37863805431839,-2.3249557105952334,1.2546143154459957
2018-06-07,S&P 500,^GSPC,90.03672751403043,-0.3790264188835657,1.3299535719866342
2018-06-08,S&P 500,^GSPC,90.64315443712889,0.671274735992089,1.295154646826003
2018-06-11,S&P 500,^GSPC,91.9658126582252,1.4486488511055384,1.2693031786643094
2018-06-12,S&P 500,^GSPC,91.49565422781724,-0.5125430071438508,1.2798577108060183
2018-06-13,S&P 500,^GSPC,90.09187257160404,-1.5461520362686443,1.2497543975214787
2018-06-14,S&P 500,^GSPC,90.96195883914201,0.961142836834572,1.2651747397705666
2018-06-15,S&P 500,^GSPC,91.60787974930045,0.7075907062988662,1.2511481298174072
2018-06-18,S&P 500,^GSPC,90.63032428632974,-1.0728429249468263,1.2287078184482643
2018-06-19,S&P 500,^GSPC,90.27077483785895,-0.3975099362696355,1.2198689014445465
2018-06-20,S&P 500,^GSPC,92.45137483210475,2.386906597867533,1.1905037596005021
2018-06-21,S&P 500,^GSPC,93.05786955606862,0.6538724114244054,1.284302348679936
2018-06-22,S&P 500,^GSPC,92.34039248676164,-0.7739885402942903,1.258516649594603
2018-06-25,S&P 500,^GSPC,92.04976966202804,-0.3152262159767716,1.2363795116949894
2018-06-26,S&P 500,^GSPC,91.63401369950806,-0.45268740103683314,1.2050271519432867
2018-06-27,S&P 500,^GSPC,91.23416177254006,-0.4373123570280413,1.1773679229088743
2018-06-28,S&P 500,^GSPC,89.99303712765257,-1.3697105692537015,1.1507726336574358
2018-06-29,S&P 500,^GSPC,90.24817706983951,0.28310962477409163,1.1632764049879247
2018-07-02,S&P 500,^GSPC,91.42899513106167,1.2999263196796562,1.1355439392884696
2018-07-03,S&P 500,^GSPC,92.85568465137602,1.5483848422999102,1.1477237600824575
2018-07-04,S&P 500,^GSPC,90.69293275689031,-2.3567074759043294,1.175126511222087
2018-07-05,S&P 500,^GSPC,90.30207726823272,-0.4318970961376678,1.263745148617054
2018-07-06,S&P 500,^GSPC,91.03948207277023,0.8132817118249314,1.2328755482922737
2018-07-09,S&P 500,^GSPC,90.45752885263715,-0.6412835247702198,1.2150091422628335
2018-07-10,S&P 500,^GSPC,91.19222377620139,0.8089181726361083,1.191242467391513
2018-07-11,S&P 500,^GSPC,91.20033134917587,0.008890245519310724,1.1756194111419336
2018-07-12,S&P 500,^GSPC,92.56903014758574,1.4896107773449963,1.1451793856138948
2018-07-13,S&P 500,^GSPC,94.89157554435673,2.478029168905138,1.168747341131025
2018-07-16,S&P 500,^GSPC,93.77615747525614,-1.1824290747822985,1.2748606084593948
2018-07-17,S&P 500,^GSPC,92.34912997592559,-1.5334353345013874,1.2681482164847173
2018-07-18,S&P 500,^GSPC,93.04034100233359,0.7456887661059675,1.2812781667339346
2018-07-19,S&P 500,^GSPC,91.0784692733429,-2.131173866194924,1.258423047639567
2018-07-20,S&P 500,^GSPC,91.64356208683861,0.6185292609663051,1.3163175013842254
2018-07-23,S&P 500,^GSPC,90.38112299275957,-1.3871298125605946,1.2879382821350414
2018-07-24,S&P 500,^GSPC,90.36872126603916,-0.013722531038062868,1.2909455889320143
2018-07-25,S&P 500,^GSPC,91.22825555199364,0.9466464914357431,1.255278586137938
2018-07-26,S&P 500,^GSPC,92.88732906471706,1.8022574496860955,1.2412512616191493
2018-07-27,S&P 500,^GSPC,92.00377821679663,-0.9557599462335808,1.2782384714786807
2018-07-30,S&P 500,^GSPC,92.63478030718902,0.6835024623328856,1.261444834241657
2018-07-31,S&P 500,^GSPC,93.10936286903832,0.511007869708191,1.2377176820778781
2018-08-01,S&P 500,^GSPC,92.98939239275437,-0.1289320745155642,1.2106198380186304
2018-08-02,S&P 500,^GSPC,94.56437918716641,1.6795437431533777,1.1788113755533676
2018-08-03,S&P 500,^GSPC,93.64392362875475,-0.978132083744665,1.21272877845673
2018-08-06,S&P 500,^GSPC,90.95353444941048,-2.915077728410509,1.2007618745757762
2018-08-07,S&P 500,^GSPC,91.6374845509391,0.7491642295934575,1.3443269600643744
2018-08-08,S&P 500,^GSPC,89.55740007373096,-2.2960646645734606,1.3182336595522792
2018-08-09,S&P 500,^GSPC,87.4866713583948,-2.3393306887152576,1.3834460765529042
2018-08-10,S&P 500,^GSPC,86.92129765112978,-0.6483369892881896,1.4450234023476145
2018-08-13,S&P 500,^GSPC,88.42649800930884,1.7168591428626812,1.409993293741452
2018-08-14,S&P 500,^GSPC,88.66143176074182,0.2653302114560496,1.4260472088701475
2018-08-15,S&P 500,^GSPC,89.2966480951273,0.7138973770806523,1.3860625543471012
2018-08-16,S&P 500,^GSPC,90.29857565931104,1.115773501991768,1.3567741254488395
2018-08-17,S&P 500,^GSPC,89.94384699099562,-0.39361335815168985,1.343802741768789
2018-08-20,S&P 500,^GSPC,87.68863422997468,-2.539326059782354,1.3085848137287646
2018-08-21,S&P 500,^GSPC,86.15521401940816,-1.7641808977088225,1.3970283051861596
2018-08-22,S&P 500,^GSPC,86.2134540344581,0.06757610640466538,1.4143396580692738
2018-08-23,S&P 500,^GSPC,85.98748350960496,-0.26244997011390936,1.3734424543854848
2018-08-24,S&P 500,^GSPC,86.69919650821043,0.8242871173402833,1.3352950788414926
2018-08-27,S&P 500,^GSPC,87.96588857159057,1.4504493213176595,1.3121141951902593
2018-08-28,S&P 500,^GSPC,88.09637420198024,0.14822671505534402,1.319473152801425
2018-08-29,S&P 500,^GSPC,88.88614310393741,0.8924883161302688,1.283139839361291
2018-08-30,S&P 500,^GSPC,89.79894947501441,1.0217016969331638,1.2653294366389096
2018-08-31,S&P 500,^GSPC,91.13501467616759,1.4768807971321074,1.2538715138231915
2018-09-03,S&P 500,^GSPC,91.48047577436269,0.3783485283117116,1.2673849282982483
2018-09-04,S&P 500,^GSPC,91.70016429757,0.23986009487533266,1.2361821518433262
2018-09-05,S&P 500,^GSPC,92.18533742921512,0.5276916917613228,1.204461699165404
2018-09-06,S&P 500,^GSPC,91.25861830450202,-1.0103652688659537,1.1794403650841976
2018-09-07,S&P 500,^GSPC,91.15009238481261,-0.11899205041752126,1.1709518308139968
2018-09-10,S&P 500,^GSPC,90.96600537688684,-0.2021645234946412,1.1409211144726974
2018-09-11,S&P 500,^GSPC,90.39765712955197,-0.6267519082459927,1.1128329361994822
2018-09-12,S&P 500,^GSPC,90.81305751019829,0.45847300928780754,1.094120500181964
2018-09-13,S&P 500,^GSPC,89.74048143726202,-1.1881115111996188,1.073145783785263
2018-09-14,S&P 500,^GSPC,90.51246112032119,0.8565567829793785,1.081098756239874
2018-09-17,S&P 500,^GSPC,90.06443764593462,-0.4962145177481503,1.0741453979661155
2018-09-18,S&P 500,^GSPC,88.99209286282519,-1.1977866439647933,1.054072204360246
2018-09-19,S&P 500,^GSPC,89.2923840457965,0.3368677656667707,1.0640785619571669
2018-09-20,S&P 500,^GSPC,89.54593156899796,0.2835496321998754,1.0421232431672416
2018-09-21,S&P 500,^GSPC,89.8154263969039,0.30050511856565265,1.0203849831600704
2018-09-24,S&P 500,^GSPC,88.73409378876659,-1.2112559334145345,1.000041258491067
2018-09-25,S&P 500,^GSPC,88.30572572510317,-0.4839237870978508,1.0152856513141157
2018-09-26,S&P 500,^GSPC,88.30638096636997,0.0007420117216661026,0.9980882394094571
2018-09-27,S&P 500,^GSPC,87.81024833415245,-0.5634152170750362,0.9761211377539901
2018-09-28,S&P 500,^GSPC,86.20088326083342,-1.849779319045286,0.963275813820039
2018-10-01,S&P 500,^GSPC,85.5593027967878,-0.7470688786690438,1.0320235932417137
2018-10-02,S&P 500,^GSPC,84.13717796612453,-1.6761197617759294,1.0219849586016678
2018-10-03,S&P 500,^GSPC,85.62772917325123,1.7560631772556512,1.0684430392130964
2018-10-04,S&P 500,^GSPC,86.05499865004242,0.4977441404138361,1.1199289705841338
2018-10-05,S&P 500,^GSPC,84.9586050320431,-1.2822472790332107,1.0985479779305758
2018-10-08,S&P 500,^GSPC,84.99441006167982,0.042135210307048254,1.1099788448017305
2018-10-09,S&P 500,^GSPC,84.584945748499,-0.4829185804902103,1.0826764212713047
2018-10-10,S&P 500,^GSPC,85.0154601001828,0.5076818940443317,1.0618438877113596
2018-10-11,S&P 500,^GSPC,85.26121180712008,0.288650083203823,1.043835917483737
2018-10-12,S&P 500,^GSPC,86.02861641011981,0.896036554462043,1.0220913631375217
2018-10-15,S&P 500,^GSPC,85.20393039390481,-0.9632425704623415,1.0208802211418202
2018-10-16,S&P 500,^GSPC,84.69693218115395,-0.5968182974141811,1.0208543641324175
2018-10-17,S&P 500,^GSPC,83.82725518608531,-1.0321185688209056,1.0064158693906216
2018-10-18,S&P 500,^GSPC,84.25004869594315,0.5030951732935662,1.010922696430065
2018-10-19,S&P 500,^GSPC,83.76368191200615,-0.5789623749802963,0.9956194467134174
2018-10-22,S&P 500,^GSPC,84.07217485497365,0.3676130909363806,0.9821019685470531
2018-10-23,S&P 500,^GSPC,84.04186225852828,-0.03606194615795033,0.9650698081399399
2018-10-24,S&P 500,^GSPC,84.09063661559244,0.058018953812055685,0.9447542183438422
2018-10-25,S&P 500,^GSPC,84.20234656794182,0.13275653760826955,0.9256531954079253
2018-10-26,S&P 500,^GSPC,84.14622919873601,-0.06666806776207679,0.9080521519874611
2018-10-29,S&P 500,^GSPC,84.5741392381445,0.5072427957170333,0.8907352825515186
2018-10-30,S&P 500,^GSPC,84.67250806300349,0.11624317232197257,0.8826675629487377
2018-10-31,S&P 500,^GSPC,84.98160136672433,0.3643809710884405,0.8672204374369464
2018-11-01,S&P 500,^GSPC,84.48664983461232,-0.5841246793090171,0.8566240527860236
2018-11-02,S&P 500,^GSPC,83.47546360379874,-1.2040792140028955,0.8518147698167237
2018-11-05,S&P 500,^GSPC,81.79754022450932,-2.0305567066862373,0.880246956488908
2018-11-06,S&P 500,^GSPC,81.50878792323269,-0.35363308387488246,0.9794488737232455
2018-11-07,S&P 500,^GSPC,80.2930528804478,-1.5027739067472012,0.9614127932261907
2018-11-08,S&P 500,^GSPC,79.79266786252217,-0.6251483832952154,1.0006715615444775
2018-11-09,S&P 500,^GSPC,79.1587422709506,-0.7976386645991873,0.9882887259983628
2018-11-12,S&P 500,^GSPC,78.35456227950058,-1.0211035582912587,0.9830249596490351
2018-11-13,S&P 500,^GSPC,79.31195349867792,1.2144658385790486,0.9887152084383017
2018-11-14,S&P 500,^GSPC,77.3919478458307,-2.450611278499437,1.0079331316653626
2018-11-15,S&P 500,^GSPC,77.34594003213675,-0.0594654815063933,1.131994416868011
2018-11-16,S&P 500,^GSPC,77.43234518380973,0.11165023637307314,1.1035899855139946
2018-11-19,S&P 500,^GSPC,76.61530982002861,-1.0607665854958093,1.076926537509744
2018-11-20,S&P 500,^GSPC,77.12590236871041,0.6642258359651265,1.07775597756413
2018-11-21,S&P 500,^GSPC,77.61490271150258,0.6320271764535867,1.0636006776552536
2018-11-22,S&P 500,^GSPC,78.36993415522477,0.9680906883930085,1.0491942000033587
2018-11-23,S&P 500,^GSPC,79.56364721782417,1.5116934404705518,1.0495698759806076
2018-11-26,S&P 500,^GSPC,79.23610333023247,-0.4125250209329856,1.0837503334708791
2018-11-27,S&P 500,^GSPC,79.83486704616837,0.7528294351110354,1.0613774145372499
2018-11-28,S&P 500,^GSPC,81.85925612652359,2.5041044447991823,1.0514280280074682
2018-11-29,S&P 500,^GSPC,82.49193906735375,0.7699196411796727,1.1790345303999048
2018-11-30,S&P 500,^GSPC,83.21563752948555,0.8734700949749374,1.1626959094028142
2018-12-03,S&P 500,^GSPC,82.22321215032312,-1.199763278650856,1.1513044060769864
2018-12-04,S&P 500,^GSPC,83.34639300087045,1.3567684470299213,1.1540240023167698
2018-12-05,S&P 500,^GSPC,81.21487622723761,-2.590689776928645,1.1681887695455058
2018-12-06,S&P 500,^GSPC,80.70816010113275,-0.6258748497820044,1.2815233839716198
2018-12-07,S&P 500,^GSPC,80.17383500283859,-0.6642471863814947,1.2539436320031472
2018-12-10,S&P 500,^GSPC,80.02188809058963,-0.1897016410701724,1.2287836626971134
2018-12-11,S&P 500,^GSPC,80.65181028926516,0.7841052175130869,1.1965148505520318
2018-12-12,S&P 500,^GSPC,80.53982511271465,-0.13894665723563904,1.1796788658856086
2018-12-13,S&P 500,^GSPC,80.8702672321894,0.4094447581505456,1.149342465713802
2018-12-14,S&P 500,^GSPC,82.03353413477137,1.4281884960320568,1.124461195491296
2018-12-17,S&P 500,^GSPC,82.30979764877466,0.3362032048738861,1.1457322666291758
2018-12-18,S&P 500,^GSPC,81.07660340219657,-1.509571980278679,1.1196739776250653
2018-12-19,S&P 500,^GSPC,80.5083096438226,-0.7034024288596008,1.1438794045251655
2018-12-20,S&P 500,^GSPC,80.7897250837895,0.3489388150090811,1.125784889331441
2018-12-21,S&P 500,^GSPC,82.9605092419029,2.6514909668977182,1.1009328916995087
2018-12-24,S&P 500,^GSPC,83.97343915662503,1.2135846019709184,1.2367120429077307
2018-12-25,S&P 500,^GSPC,84.4930704379096,0.6168976023420036,1.236393677070954
2018-12-26,S&P 500,^GSPC,85.30875579521941,0.960757195308215,1.2120587135331065
2018-12-27,S&P 500,^GSPC,84.52191610823635,-0.9266233339314311,1.2012741805462697
2018-12-28,S&P 500,^GSPC,83.7144835866701,-0.9598858780008435,1.1878939481019453
2018-12-31,S&P 500,^GSPC,82.78938476039902,-1.1112154386565543,1.1766944636067191
2019-01-01,S&P 500,^GSPC,82.43855014965868,-0.4246680661908364,1.173089126297441
2019-01-02,S&P 500,^GSPC,82.91568498922334,0.5771078840830945,1.146467635674673
2019-01-03,S&P 500,^GSPC,82.48541343080994,-0.5202777165377981,1.1257763129088665
2019-01-04,S&P 500,^GSPC,82.31205568604614,-0.210388921186766,1.1035612893108508
2019-01-07,S&P 500,^GSPC,81.87262714076775,-0.5352869548673311,1.077327835337634
2019-01-08,S&P 500,^GSPC,82.39085444468141,0.6309728957957006,1.058045458021541
2019-01-09,S&P 500,^GSPC,82.18793808426221,-0.2465888345907885,1.0439269937977982
2019-01-10,S&P 500,^GSPC,80.78932599528422,-1.7163699878902428,1.0209883810437177
2019-01-11,S&P 500,^GSPC,80.7678231541629,-0.02661948587414642,1.0708729115283024
2019-01-14,S&P 500,^GSPC,80.37172347968317,-0.49162416122650043,1.0453330981192388
2019-01-15,S&P 500,^GSPC,81.1557189026631,0.9707348397298254,1.026690546743254
2019-01-16,S&P 500,^GSPC,82.18027837487695,1.254558612130996,1.0288161436079022
2019-01-17,S&P 500,^GSPC,82.56889126328392,0.47176396701917866,1.0470967962689652
2019-01-18,S&P 500,^GSPC,82.00419058745958,-0.6862639816010763,1.0289599055943992
2019-01-21,S&P 500,^GSPC,81.36728265062048,-0.779709151086827,1.0169277582265543
2019-01-22,S&P 500,^GSPC,80.80487255370102,-0.6935991581418222,1.0090870450403
2019-01-23,S&P 500,^GSPC,82.20044046581592,1.7123392921409852,0.9985093775511357
2019-01-24,S&P 500,^GSPC,82.03382911612965,-0.2028948127169805,1.0544369402917868
2019-01-25,S&P 500,^GSPC,81.5987366175411,-0.5317933163490274,1.0305237573562251
2019-01-28,S&P 500,^GSPC,81.76410892273559,0.20246018748775185,1.0137038899925164
2019-01-29,S&P 500,^GSPC,82.40380367139807,0.7793215813784116,0.9922859516988825
2019-01-30,S&P 500,^GSPC,81.32800153835385,-1.314121729071971,0.9878489175282099
2019-01-31,S&P 500,^GSPC,81.68144662627257,0.4336504979117528,1.0107967451557291
2019-02-01,S&P 500,^GSPC,80.5059534475197,-1.4495747039363849,0.9936988503100396
2019-02-04,S&P 500,^GSPC,79.95864543434075,-0.6821568612031648,1.0256029714519075
2019-02-05,S&P 500,^GSPC,79.04068819726183,-1.1546808596825997,1.0136305236392034
2019-02-06,S&P 500,^GSPC,80.18232959966035,1.4340401064266928,1.0243646688278254
2019-02-07,S&P 500,^GSPC,79.16496146770127,-1.2769366195877652,1.0553311182190745
2019-02-08,S&P 500,^GSPC,79.21821624692434,0.06724802721906897,1.0699774347110056
2019-02-11,S&P 500,^GSPC,80.3690972106247,1.4423463755128374,1.044681264707345
2019-02-12,S&P 500,^GSPC,79.68526113816249,-0.8545099809617263,1.0742728726808217
2019-02-13,S&P 500,^GSPC,79.62502901446393,-0.07561611558273285,1.0658096001434028
2019-02-14,S&P 500,^GSPC,80.7752924065695,1.4342653436116848,1.0405851548670182
2019-02-15,S&P 500,^GSPC,79.15713027495454,-2.023626385129962,1.0699921493883644
2019-02-18,S&P 500,^GSPC,78.92196091356901,-0.2975340168097418,1.1409326892285683
2019-02-19,S&P 500,^GSPC,78.7069205775998,-0.27284399576839036,1.1138702458650098
2019-02-20,S&P 500,^GSPC,80.07168162448647,1.7191166053228457,1.0878050927954577
2019-02-21,S&P 500,^GSPC,79.23864134465566,-1.0458178189603373,1.1341057037213056
2019-02-22,S&P 500,^GSPC,79.6401657079154,0.5054484302183582,1.1302287453143898
2019-02-25,S&P 500,^GSPC,80.63021447684116,1.2354888800327757,1.108498413355628
2019-02-26,S&P 500,^GSPC,80.65346118191334,0.028827102480466493,1.1189847523408794
2019-02-27,S&P 500,^GSPC,80.81890920693554,0.20492432547101203,1.091220091506309
2019-02-28,S&P 500,^GSPC,80.53564337036171,-0.3511101770031111,1.065979591208804
2019-03-01,S&P 500,^GSPC,78.53200995958933,-2.519354935724305,1.0434068863418873
2019-03-04,S&P 500,^GSPC,78.9240690112349,0.49799266494172656,1.1691221700973429
2019-03-05,S&P 500,^GSPC,79.98194910822198,1.3314734559027208,1.145190245121992
2019-03-06,S&P 500,^GSPC,80.11120650093964,0.16147776001105285,1.1585140663752758
2019-03-07,S&P 500,^GSPC,79.19845331586535,-1.1458980877494973,1.1296269562917405
2019-03-08,S&P 500,^GSPC,79.0344373036682,-0.207309706972314,1.1310626211741073
2019-03-11,S&P 500,^GSPC,79.2355623029412,0.2541544298173548,1.1034864052293607
2019-03-12,S&P 500,^GSPC,79.82187249889431,0.7372341346344236,1.0782543890685319
2019-03-13,S&P 500,^GSPC,81.9815640933651,2.6696835492525217,1.0666761011843657
2019-03-14,S&P 500,^GSPC,82.45748644552633,0.5788450851082594,1.2106155084939443
2019-03-15,S&P 500,^GSPC,81.3101284458865,-1.401225478361301,1.186586309906591
2019-03-18,S&P 500,^GSPC,80.23960348894697,-1.3253387846397402,1.1981319982227074
2019-03-19,S&P 500,^GSPC,80.29701247329659,0.07152136159431777,1.2043241404846028
2019-03-20,S&P 500,^GSPC,79.25380127718094,-1.307703844420427,1.1727443010626128
2019-03-21,S&P 500,^GSPC,79.29133251520989,0.047344548309080636,1.179856738304205
2019-03-22,S&P 500,^GSPC,78.09008558449295,-1.5265719086339224,1.1493101918953028
2019-03-25,S&P 500,^GSPC,77.9883151651994,-0.1304093753239144,1.1720165895586763
2019-03-26,S&P 500,^GSPC,77.11899423707163,-1.1209401207748826,1.1419905571720017
2019-03-27,S&P 500,^GSPC,77.36149679645632,0.31395907270681533,1.1412636562991219
2019-03-28,S&P 500,^GSPC,77.27988940115564,-0.10554406537970351,1.1150607489150821
2019-03-29,S&P 500,^GSPC,78.39130555041288,1.4279263856214364,1.087586620655458
2019-04-01,S&P 500,^GSPC,76.37180395273276,-2.609945277155745,1.1121441773409622
2019-04-02,S&P 500,^GSPC,74.79553017126733,-2.085544371714043,1.2364330770552714
2019-04-03,S&P 500,^GSPC,73.91327003936725,-1.1865746777329989,1.2929403446373033
2019-04-04,S&P 500,^GSPC,75.13508295601882,1.6395220221006035,1.2852422903338712
2019-04-05,S&P 500,^GSPC,75.6258811216672,0.6510967908766041,1.3066475800309088
2019-04-08,S&P 500,^GSPC,76.56933681494786,1.2398126448389668,1.2796353760168133
2019-04-09,S&P 500,^GSPC,75.97508832186782,-0.7791192612693898,1.2776871992402816
2019-04-10,S&P 500,^GSPC,75.4393176440273,-0.7076908045675623,1.2546801780031733
2019-04-11,S&P 500,^GSPC,74.5615121394713,-1.170414225651939,1.230715591472622
2019-04-12,S&P 500,^GSPC,74.4029765860843,-0.21285020960020162,1.2263592200973488
2019-04-15,S&P 500,^GSPC,73.97978082261298,-0.5704125173609853,1.1943839031427586
2019-04-16,S&P 500,^GSPC,73.32741331547523,-0.8857296833255646,1.1698405895670132
2019-04-17,S&P 500,^GSPC,72.54060474066544,-1.078805643833114,1.1567316964023797
2019-04-18,S&P 500,^GSPC,71.49134886842384,-1.4570022938756644,1.1529063768719858
2019-04-19,S&P 500,^GSPC,72.04112259514936,0.7660655596173349,1.1707083851139495
2019-04-22,S&P 500,^GSPC,71.37148707121366,-0.9338654279962277,1.1547125794186106
2019-04-23,S&P 500,^GSPC,71.8098089183837,0.612263233695387,1.144485108282184
2019-04-24,S&P 500,^GSPC,73.63042773433865,2.503727941827627,1.1249148243860627
2019-04-25,S&P 500,^GSPC,72.8305962308733,-1.092221579648367,1.240419433825778
2019-04-26,S&P 500,^GSPC,72.28299690948405,-0.7547217442971821,1.2317118421648976
2019-04-29,S&P 500,^GSPC,72.78215836642057,0.6881920417676213,1.2104138683013341
2019-04-30,S&P 500,^GSPC,72.53242698850529,-0.3437117109216459,1.1895700698648695
2019-05-01,S&P 500,^GSPC,71.62253702664233,-1.2623943291651507,1.16081347815179
2019-05-02,S&P 500,^GSPC,71.93712226406087,0.43826481966933173,1.1662629442435803
2019-05-03,S&P 500,^GSPC,71.48820893859809,-0.6259909426619359,1.1411286802722305
2019-05-06,S&P 500,^GSPC,72.18388374584681,0.9684278014528758,1.1208554135724884
2019-05-07,S&P 500,^GSPC,74.3467324670457,2.9522919786124646,1.1163059530694164
2019-05-08,S&P 500,^GSPC,73.49357270568059,-1.1541767737862862,1.2847228253569398
2019-05-09,S&P 500,^GSPC,73.94410975476269,0.611157804315976,1.2760289699060858
2019-05-10,S&P 500,^GSPC,71.4686446289737,-3.4050717400163855,1.2494950533373117
2019-05-13,S&P 500,^GSPC,71.84913436802663,0.5309747829719491,1.4422073304142606
2019-05-14,S&P 500,^GSPC,72.24271827099827,0.5462972050230164,1.4056986969624867
2019-05-15,S&P 500,^GSPC,75.52941681250968,4.449067028910125,1.3712313223796946
2019-05-16,S&P 500,^GSPC,75.31196136079316,-0.2883235422441288,1.6811006725351307
2019-05-17,S&P 500,^GSPC,77.87685033427766,3.348976553355687,1.6300228921449158
2019-05-20,S&P 500,^GSPC,76.82705549942041,-1.3571873872610496,1.7589679080815328
2019-05-21,S&P 500,^GSPC,75.51541810275042,-1.722001457673894,1.7308778034169263
2019-05-22,S&P 500,^GSPC,74.84756249971477,-0.8883303486436844,1.721363700683051
2019-05-23,S&P 500,^GSPC,75.65100269859167,1.0677149387933405,1.6792924365770787
2019-05-24,S&P 500,^GSPC,75.26685065141531,-0.5090887106135256,1.6462343642197377
2019-05-27,S&P 500,^GSPC,76.98320849564523,2.2547519104404223,1.599349179050597
2019-05-28,S&P 500,^GSPC,76.3410340931199,-0.8376733473781428,1.636086213711203
2019-05-29,S&P 500,^GSPC,76.45953142933367,0.15510068246618047,1.5967095934834314
2019-05-30,S&P 500,^GSPC,77.08157735597457,0.8102707279741495,1.5484993362532635
2019-05-31,S&P 500,^GSPC,77.51292007638533,0.5580325909524397,1.5138514453901741
2019-06-03,S&P 500,^GSPC,78.31934605679092,1.0350015427343706,1.4745858893786807
2019-06-04,S&P 500,^GSPC,78.53376551596436,0.27340177135952715,1.451360541573539
2019-06-05,S&P 500,^GSPC,77.82362633137254,-0.90836008339652,1.4103548825539307
2019-06-06,S&P 500,^GSPC,77.2758137460343,-0.7064046950587155,1.38447928425581
2019-06-07,S&P 500,^GSPC,78.54258686121341,1.6259966986327257,1.3538442395320658
2019-06-10,S&P 500,^GSPC,78.8942597321009,0.4467486022493361,1.3686530162542474
2019-06-11,S&P 500,^GSPC,78.6720906685143,-0.28200083362222017,1.33391755106561
2019-06-12,S&P 500,^GSPC,77.03494781244866,-2.1029276575609046,1.297724785508519
2019-06-13,S&P 500,^GSPC,78.79816500464261,2.2630523268543534,1.3490067999305322
2019-06-14,S&P 500,^GSPC,78.30714808039994,-0.6250820082166264,1.4116971075291556
2019-06-17,S&P 500,^GSPC,77.99618708716154,-0.3978947770586494,1.3777186011330467
2019-06-18,S&P 500,^GSPC,78.34679403502776,0.44851074616722997,1.3410202461253549
2019-06-19,S&P 500,^GSPC,78.76242024615918,0.5290933222705796,1.3076102058980084
2019-06-20,S&P 500,^GSPC,79.02844910261257,0.33719201828370515,1.2774764186725565
2019-06-21,S&P 500,^GSPC,79.11290136352736,0.10680605508186503,1.2451368564578984
2019-06-24,S&P 500,^GSPC,80.12035432571021,1.265396981069955,1.2118742435195282
2019-06-25,S&P 500,^GSPC,79.41494137036014,-0.8843404207804717,1.2161547462401259
2019-06-26,S&P 500,^GSPC,79.63761556978487,0.28000096218514514,1.200245692055236
2019-06-27,S&P 500,^GSPC,81.42907572934324,2.224586628187186,1.170707856045388
2019-06-28,S&P 500,^GSPC,83.30602781028773,2.2788504301788137,1.2514943965500882
2019-07-01,S&P 500,^GSPC,83.5326810484221,0.2717035861997452,1.3270489790160132
2019-07-02,S&P 500,^GSPC,84.48158122716588,1.129559187515028,1.2915472755045634
2019-07-03,S&P 500,^GSPC,86.19682548859966,2.0099812752666146,1.2833336836567821
2019-07-04,S&P 500,^GSPC,86.33634371397031,0.16172919842167843,1.3322025482217834
2019-07-05,S&P 500,^GSPC,85.37015684776249,-1.1254053406505093,1.2954017676095775
2019-07-08,S&P 500,^GSPC,86.32070097740089,1.1072853309628705,1.2847062298912972
2019-07-09,S&P 500,^GSPC,85.50668699340585,-0.9474858266791841,1.275889823191607
2019-07-10,S&P 500,^GSPC,83.58066250217554,-2.2782399781795526,1.2589120170222434
2019-07-11,S&P 500,^GSPC,83.30954228102087,-0.32490877462239,1.329514927120791
2019-07-12,S&P 500,^GSPC,84.48559660171678,1.4017969610961245,1.294010536245276
2019-07-15,S&P 500,^GSPC,85.94525270282809,1.7129431644620219,1.2999049442202864
2019-07-16,S&P 500,^GSPC,87.3367064247049,1.6060340469584489,1.325017720977758
2019-07-17,S&P 500,^GSPC,88.14551162572948,0.9218152554820946,1.3408993338619724
2019-07-18,S&P 500,^GSPC,90.59782174271463,2.744118009941676,1.3208962717301507
2019-07-19,S&P 500,^GSPC,91.18746404581212,0.6487261809356326,1.432128750022714
2019-07-22,S&P 500,^GSPC,90.21187239636174,-1.075639056780897,1.3988035262625946
2019-07-23,S&P 500,^GSPC,91.13235318718709,1.0151839058927692,1.3797463800508551
2019-07-24,S&P 500,^GSPC,88.92473215009046,-2.4522574743326864,1.3611433506961155
2019-07-25,S&P 500,^GSPC,86.66317020979729,-2.576130794168119,1.435066519251291
2019-07-26,S&P 500,^GSPC,87.15186389779349,0.5623161174867164,1.511283948848143
2019-07-29,S&P 500,^GSPC,85.59763115342162,-1.799454965190339,1.472225679017872
2019-07-30,S&P 500,^GSPC,85.66248082239937,0.07573237145424017,1.4857268558411014
2019-07-31,S&P 500,^GSPC,89.26482792501803,4.119261303805999,1.4418065325765477
2019-08-01,S&P 500,^GSPC,89.0319651613979,-0.2612081709272296,1.6914922927040388
2019-08-02,S&P 500,^GSPC,88.18631297438802,-0.9543695092234294,1.6397625204592865
2019-08-05,S&P 500,^GSPC,88.82339375746548,0.7198289243215861,1.603559513962714
2019-08-06,S&P 500,^GSPC,89.47298126423789,0.728663587073175,1.5638190689121754
2019-08-07,S&P 500,^GSPC,89.12824061242269,-0.3860456007358515,1.526189951506989
2019-08-08,S&P 500,^GSPC,91.24998086717666,2.35265444066739,1.482740648575615
2019-08-09,S&P 500,^GSPC,92.81091794490877,1.696150035251609,1.5384294132996796
2019-08-12,S&P 500,^GSPC,92.14589712704318,-0.7191123867648308,1.5432879927183198
2019-08-13,S&P 500,^GSPC,92.79879772388374,0.7060524873963026,1.5052838030404332
2019-08-14,S&P 500,^GSPC,94.85020271753972,2.1865149475540413,1.469882679892046
2019-08-15,S&P 500,^GSPC,94.41072250946235,-0.4644181015787119,1.513745015864326
2019-08-16,S&P 500,^GSPC,94.22416070487762,-0.19780208435866697,1.4719676254801854
2019-08-19,S&P 500,^GSPC,94.68803073904165,0.4910969089976014,1.4290239768091588
2019-08-20,S&P 500,^GSPC,94.29549635953907,-0.41541710013621724,1.39232795255805
2019-08-21,S&P 500,^GSPC,97.09772345112009,2.9284499765457106,1.355230572473383
2019-08-22,S&P 500,^GSPC,97.63868422530891,0.5555840041884252,1.4804782793493385
2019-08-23,S&P 500,^GSPC,97.88187254111097,0.24875997207773892,1.4427036097679264
2019-08-26,S&P 500,^GSPC,98.90773555407182,1.0426082106221202,1.4018150068876793
2019-08-27,S&P 500,^GSPC,97.94713324262314,-0.9759575082229688,1.3830352789508775
2019-08-28,S&P 500,^GSPC,100.70687861579133,2.7786228990007267,1.3610332039122344
2019-08-29,S&P 500,^GSPC,100.33998898754133,-0.3649796088861734,1.4700774533827177
2019-08-30,S&P 500,^GSPC,100.67180604318591,0.3301471508041054,1.4288116385594356
2019-09-02,S&P 500,^GSPC,102.87314473965046,2.163084389943215,1.3894907729182153
2019-09-03,S&P 500,^GSPC,103.50457966647227,0.6119234999607315,1.4395830803378478
2019-09-04,S&P 500,^GSPC,104.85877613911845,1.2998595984766936,1.4049971653085134
2019-09-05,S&P 500,^GSPC,104.91936244501474,0.05776227016767166,1.3976367426813276
2019-09-06,S&P 500,^GSPC,105.55666750146273,0.6055863029073016,1.3574281522531189
2019-09-09,S&P 500,^GSPC,104.1395816374234,-1.351581100974908,1.3266742284298174
2019-09-10,S&P 500,^GSPC,104.89507305650467,0.722841587888734,1.324996479482569
2019-09-11,S&P 500,^GSPC,104.27120765846584,-0.596527553007764,1.299111736895945
2019-09-12,S&P 500,^GSPC,106.71835188700737,2.3197867944099393,1.269934501134774
2019-09-13,S&P 500,^GSPC,108.72641346764634,1.8641620081012,1.346946315251931
2019-09-16,S&P 500,^GSPC,111.0384478488567,2.10417595629524,1.3784720722028863
2019-09-17,S&P 500,^GSPC,110.25007658136082,-0.7125309412159275,1.4250247526277209
2019-09-18,S&P 500,^GSPC,110.55381163121831,0.2751176565742419,1.392548450429412
2019-09-19,S&P 500,^GSPC,113.29246875169008,2.4470308575160082,1.3541531435377714
2019-09-20,S&P 500,^GSPC,113.95551674416889,0.5835474163452758,1.4324224445930478
2019-09-23,S&P 500,^GSPC,117.99901829741665,3.4868136671052596,1.397517731026631
2019-09-24,S&P 500,^GSPC,116.56089919640584,-1.2262428609469467,1.57789098100718
2019-09-25,S&P 500,^GSPC,111.71338697667117,-4.247732981639185,1.5546586038924914
2019-09-26,S&P 500,^GSPC,113.66121337853076,1.728566483077909,1.7923332966279741
2019-09-27,S&P 500,^GSPC,112.92572979466388,-0.6491867153545883,1.7814372925527657
2019-09-30,S&P 500,^GSPC,110.46137020004491,-2.206447528218547,1.7311194881533374
2019-10-01,S&P 500,^GSPC,112.7042141607372,2.010094419040165,1.7501049297809432
2019-10-02,S&P 500,^GSPC,110.51277564431332,-1.9635682111895925,1.7579932167693433
2019-10-03,S&P 500,^GSPC,113.24777595760355,2.4446994861520466,1.75990910225286
2019-10-04,S&P 500,^GSPC,111.44682339937937,-1.6030568874220386,1.7959365186803478
2019-10-07,S&P 500,^GSPC,110.56222725795064,-0.7969051894228585,1.7764515235287168
2019-10-08,S&P 500,^GSPC,110.48463244678975,-0.07020666518560148,1.7295043712799048
2019-10-09,S&P 500,^GSPC,110.53509838754863,0.045666458325133163,1.6753432314796304
2019-10-10,S&P 500,^GSPC,111.62446006197924,0.9807099124431673,1.6234317818138928
2019-10-11,S&P 500,^GSPC,108.44060716552065,-2.893757840758582,1.5903044526014363
2019-10-14,S&P 500,^GSPC,107.512188455683,-0.8598401582966986,1.6766250013523678
2019-10-15,S&P 500,^GSPC,106.27862049259687,-1.1540081250470458,1.6359102315934955
2019-10-16,S&P 500,^GSPC,106.89658864256668,0.579776497944362,1.6066601514724594
2019-10-17,S&P 500,^GSPC,104.77063270794305,-2.008839548775221,1.5636105202924253
2019-10-18,S&P 500,^GSPC,106.05114242444868,1.214794309553735,1.5832407086769678
2019-10-21,S&P 500,^GSPC,103.4151409151356,-2.5170071592124366,1.5610539376655315
2019-10-22,S&P 500,^GSPC,101.02294235112785,-2.340373883079394,1.6183459163187968
2019-10-23,S&P 500,^GSPC,104.35395316693025,3.2440873495292344,1.65637666447791
2019-10-24,S&P 500,^GSPC,104.1534493018224,-0.19232307777663493,1.7713902617915986
2019-10-25,S&P 500,^GSPC,104.34690234758455,0.18556621103451576,1.7159375070040035
2019-10-28,S&P 500,^GSPC,106.17334374439223,1.7352128912932585,1.6629749330324104
2019-10-29,S&P 500,^GSPC,106.42931421922395,0.240797176260088,1.6611422669706537
2019-10-30,S&P 500,^GSPC,106.19652219110782,-0.21896879989835583,1.6108682185546832
2019-10-31,S&P 500,^GSPC,104.09097693593579,-2.002606556589903,1.5621902847364504
2019-11-01,S&P 500,^GSPC,104.17684071819006,0.08245516574403311,1.5815261304171018
2019-11-04,S&P 500,^GSPC,104.68098525743777,0.48276430728018127,1.5336004988045433
2019-11-05,S&P 500,^GSPC,107.31083861378696,2.481216707303169,1.49198976058933
2019-11-06,S&P 500,^GSPC,110.42462314830868,2.860348795856904,1.557345966972541
2019-11-07,S&P 500,^GSPC,111.94312679790825,1.3657801137685333,1.6486199181680157
2019-11-08,S&P 500,^GSPC,114.42181763110102,2.1900828445186704,1.6291371229869727
2019-11-11,S&P 500,^GSPC,117.11733561981539,2.3284526485729984,1.658575123222393
2019-11-12,S&P 500,^GSPC,114.73283752749263,-2.0570027082209563,1.6952946158519313
2019-11-13,S&P 500,^GSPC,112.94676278157371,-1.568969185335689,1.7075208421350525
2019-11-14,S&P 500,^GSPC,112.76660129591329,-0.15963744517941691,1.691840485559485
2019-11-15,S&P 500,^GSPC,111.12292291964457,-1.4683205146516443,1.6394826529368098
2019-11-18,S&P 500,^GSPC,112.48877833549263,1.2216466267737758,1.6232257376687163
2019-11-19,S&P 500,^GSPC,115.07691257173968,2.2747241244178262,1.5990384815657177
2019-11-20,S&P 500,^GSPC,112.90510046305057,-1.9053062828706224,1.637272273807472
2019-11-21,S&P 500,^GSPC,113.05999626807781,0.13709712829941267,1.6445893553330868
2019-11-22,S&P 500,^GSPC,116.32747081213533,2.8490619860652266,1.5942851144977512
2019-11-25,S&P 500,^GSPC,114.29151750433044,-1.7656882613125369,1.6800933317916873
2019-11-26,S&P 500,^GSPC,117.41831664990701,2.6990558902388884,1.6763167320878956
2019-11-27,S&P 500,^GSPC,117.86407576315843,0.3789145817640005,1.7400837907495799
2019-11-28,S&P 500,^GSPC,116.60689975992197,-1.0723613427327194,1.687964460647944
2019-11-29,S&P 500,^GSPC,117.5965523326438,0.8451271356451073,1.6531076280154322
2019-12-02,S&P 500,^GSPC,116.34648047721153,-1.068707828853377,1.6143370382575368
2019-12-03,S&P 500,^GSPC,118.9316973758314,2.197671684812885,1.583168599135153
2019-12-04,S&P 500,^GSPC,116.38016889854943,-2.1687206199790587,1.6172268092502422
2019-12-05,S&P 500,^GSPC,119.61842069314974,2.744469833499341,1.6431365653681587
2019-12-06,S&P 500,^GSPC,117.25651223077784,-1.9942901632383325,1.7142505990782444
2019-12-09,S&P 500,^GSPC,121.13687002267727,3.2557116334761105,1.7211814896829258
2019-12-10,S&P 500,^GSPC,121.65896124197992,0.43006671184437906,1.8289950126171612
2019-12-11,S&P 500,^GSPC,116.91400752779184,-3.978304447733283,1.7738099335809967
2019-12-12,S&P 500,^GSPC,115.46132680085759,-1.2503045173986038,1.942760280106177
2019-12-13,S&P 500,^GSPC,114.43390573164962,-0.893822719244497,1.900984577871711
2019-12-16,S&P 500,^GSPC,116.47531485615067,1.7681947099850603,1.8507145548641346
2019-12-17,S&P 500,^GSPC,115.4716502442928,-0.8654313504091959,1.8380806747983385
2019-12-18,S&P 500,^GSPC,118.41263940626949,2.515042109137955,1.789977725300003
2019-12-19,S&P 500,^GSPC,116.10918781821174,-1.964444581404745,1.8284133548227515
2019-12-20,S&P 500,^GSPC,120.2537252400924,3.5072864953177962,1.8254170220702752
2019-12-23,S&P 500,^GSPC,121.61606887595528,1.126521852949658,1.9439260088745056
2019-12-24,S&P 500,^GSPC,123.38331957773781,1.4426822571221187,1.8994752278365619
2019-12-25,S&P 500,^GSPC,124.42102019654513,0.8375209937515393,1.8688821811416425
2019-12-26,S&P 500,^GSPC,123.9287696171612,-0.3964176691139798,1.8197762596949536
2019-12-27,S&P 500,^GSPC,125.05415817130412,0.903994685968712,1.7640174229811183
2019-12-30,S&P 500,^GSPC,123.24377667212892,-1.4582590724860012,1.7215745596674918
2019-12-31,S&P 500,^GSPC,123.89823750273716,0.5296245258875842,1.6999211661439952
2020-01-01,S&P 500,^GSPC,123.57234519287353,-0.2633787779559249,1.6517848037009686
2020-01-02,S&P 500,^GSPC,124.1939495518194,0.501767735412173,1.6017223474736428
2020-01-03,S&P 500,^GSPC,123.24028059158837,-0.7708502433189324,1.557413224482095
2020-01-06,S&P 500,^GSPC,124.15037604555046,0.7357590395144165,1.520037546449834
2020-01-07,S&P 500,^GSPC,125.13013226594371,0.786071299371649,1.4847069505676376
2020-01-08,S&P 500,^GSPC,126.67793607851439,1.2293675231068946,1.452532580535821
2020-01-09,S&P 500,^GSPC,126.4600024091246,-0.17218574547603893,1.438773335450453
2020-01-10,S&P 500,^GSPC,129.22420166305812,2.162282149897976,1.3970991136737914
2020-01-13,S&P 500,^GSPC,128.53825006651837,-0.5322367251057614,1.446345897410358
2020-01-14,S&P 500,^GSPC,129.71851202939845,0.9140284810768229,1.408791522145818
2020-01-15,S&P 500,^GSPC,129.9581448533058,0.1845625207953283,1.3847282769411342
2020-01-16,S&P 500,^GSPC,131.29670204080082,1.024722730617622,1.3457888744279853
2020-01-17,S&P 500,^GSPC,129.7056687699859,-1.219186610170997,1.3295684967593113
2020-01-20,S&P 500,^GSPC,129.82308130094242,0.09048133506199818,1.3210456174875989
2020-01-21,S&P 500,^GSPC,133.29572539998875,2.6397548650842317,1.2843078395066119
2020-01-22,S&P 500,^GSPC,133.35337881816793,0.04324291225099586,1.3901842529291508
2020-01-23,S&P 500,^GSPC,137.27110495618012,2.8955250464715476,1.3502569563602844
2020-01-24,S&P 500,^GSPC,137.10205600194348,-0.12322559177242454,1.4728024013695462
2020-01-27,S&P 500,^GSPC,138.39046136938973,0.9353537243995014,1.429443200073419
2020-01-28,S&P 500,^GSPC,140.05642714986217,1.1966272409462242,1.4050140746765472
2020-01-29,S&P 500,^GSPC,137.7011307970933,-1.6959774741510003,1.3927073081415682
2020-01-30,S&P 500,^GSPC,136.87502703350728,-0.601731965915242,1.4060220318013392
2020-01-31,S&P 500,^GSPC,138.2852791273147,1.0250493333882282,1.371785806941361
2020-02-03,S&P 500,^GSPC,137.89161135409248,-0.28508398306383853,1.3540453938467565
2020-02-04,S&P 500,^GSPC,135.9113611817631,-1.446503434474522,1.3169851199893328
2020-02-05,S&P 500,^GSPC,132.33181079901473,-2.66904305785447,1.3211985301832332
2020-02-06,S&P 500,^GSPC,133.14366756474837,0.6116265815674815,1.4204771145451913
2020-02-07,S&P 500,^GSPC,133.20562266291503,0.04652169279752982,1.3868016550670945
2020-02-10,S&P 500,^GSPC,136.11794836088845,2.1627807837060864,1.3470293524868657
2020-02-11,S&P 500,^GSPC,136.79564408956927,0.4966385994496392,1.4015539412553077
2020-02-12,S&P 500,^GSPC,138.81989909728966,1.46892398201528,1.3662440447497994
2020-02-13,S&P 500,^GSPC,138.50622047127422,-0.22621652823140437,1.370624850611676
2020-02-14,S&P 500,^GSPC,139.9519053038816,1.0383592275614362,1.3322841437395063
2020-02-17,S&P 500,^GSPC,137.42753893742594,-1.82020413915982,1.3174430502078849
2020-02-18,S&P 500,^GSPC,139.1527430378801,1.2475411937415082,1.3453781081184308
2020-02-19,S&P 500,^GSPC,135.18351932815932,-2.893894287197085,1.3393582828231987
2020-02-20,S&P 500,^GSPC,139.9215285754665,3.4448497571230696,1.4587446433672566
2020-02-21,S&P 500,^GSPC,138.24532239583488,-1.2051949847639243,1.623837165574224
2020-02-24,S&P 500,^GSPC,139.69829772235207,1.0455275509522188,1.5971912869333171
2020-02-25,S&P 500,^GSPC,139.3158766102091,-0.27412324304201263,1.5676723995352084
2020-02-26,S&P 500,^GSPC,135.82040356702217,-2.5410397502517945,1.521234545146142
2020-02-27,S&P 500,^GSPC,131.11062185071506,-3.5292042549017744,1.5847179061084629
2020-02-28,S&P 500,^GSPC,130.6412153576897,-0.3586656745102168,1.7343117102242867
2020-03-02,S&P 500,^GSPC,131.98320377054443,1.0219918603265654,1.681691359676864
2020-03-03,S&P 500,^GSPC,130.20116533111695,-1.3593990277390056,1.6469507215006338
2020-03-04,S&P 500,^GSPC,131.2266770619251,0.7845507055447953,1.625336358004439
2020-03-05,S&P 500,^GSPC,131.768487631754,0.41203140520531534,1.58623576812051
2020-03-06,S&P 500,^GSPC,133.02705878172068,0.9506055857620765,1.5411473437567549
2020-03-09,S&P 500,^GSPC,133.7759998755587,0.5614201462145196,1.5112794134281906
2020-03-10,S&P 500,^GSPC,133.8551665764323,0.05916104931440458,1.4722026544071314
2020-03-11,S&P 500,^GSPC,134.6234630060693,0.5723349587045234,1.42880241193128
2020-03-12,S&P 500,^GSPC,135.76670289566303,0.8456274276057663,1.3938159474597958
2020-03-13,S&P 500,^GSPC,138.0885238002118,1.6956963478300224,1.3682029936293965
2020-03-16,S&P 500,^GSPC,141.00991387287968,2.0935242749601457,1.3863166534986142
2020-03-17,S&P 500,^GSPC,140.7206514629257,-0.20534691452764875,1.431248632132966
2020-03-18,S&P 500,^GSPC,138.36480108327603,-1.6883046512466748,1.3901076065779407
2020-03-19,S&P 500,^GSPC,137.66863372863924,-0.5044090627286835,1.4031489552469625
2020-03-20,S&P 500,^GSPC,138.54673479149494,0.635811124995378,1.3670622366934133
2020-03-23,S&P 500,^GSPC,137.0414366824311,-1.0924366393494367,1.336600131734876
2020-03-24,S&P 500,^GSPC,137.3187575198203,0.20215828512712974,1.3219163976077772
2020-03-25,S&P 500,^GSPC,136.8020373447979,-0.37700225354484473,1.2859100075830974
2020-03-26,S&P 500,^GSPC,138.21249075676278,1.0257391042637565,1.2531115229405339
2020-03-27,S&P 500,^GSPC,139.53922112358228,0.9553427760996769,1.2425959954692947
2020-03-30,S&P 500,^GSPC,138.70856191831163,-0.5970661572610503,1.229697839938345
2020-03-31,S&P 500,^GSPC,138.8308258424955,0.08810564372820906,1.2040140750108035
2020-04-01,S&P 500,^GSPC,140.023251796893,0.8552381465174008,1.1725242671998288
2020-04-02,S&P 500,^GSPC,138.15107810493276,-1.346063787127072,1.1597969291150785
2020-04-03,S&P 500,^GSPC,135.43711999979837,-1.9840381642134197,1.170155782044888
2020-04-06,S&P 500,^GSPC,135.45827604756258,0.015619348365358832,1.2255529402100072
2020-04-07,S&P 500,^GSPC,132.3917274156382,-2.28985072567669,1.1928440389767754
2020-04-08,S&P 500,^GSPC,134.74688295831737,1.763291769096309,1.2727333735973896
2020-04-09,S&P 500,^GSPC,131.9593495467841,-2.0904160308139907,1.3038557751857371
2020-04-10,S&P 500,^GSPC,132.4105743919882,0.34135901440155436,1.3534807293728095
2020-04-13,S&P 500,^GSPC,131.59310575222875,-0.6192877704756405,1.317703246099195
2020-04-14,S&P 500,^GSPC,131.7024632785754,0.08306826661579336,1.288155761049015
2020-04-15,S&P 500,^GSPC,129.51176183772193,-1.6773610267118322,1.2528433708574558
2020-04-16,S&P 500,^GSPC,129.98114026346605,0.3617663017821293,1.276635085665784
2020-04-17,S&P 500,^GSPC,129.075949830573,-0.6988375546794323,1.2447207761874455
2020-04-20,S&P 500,^GSPC,125.75719790519952,-2.6047942343499386,1.2210220455284835
2020-04-21,S&P 500,^GSPC,126.17029503221218,0.32794951629719904,1.327939877233859
2020-04-22,S&P 500,^GSPC,125.52960613240542,-0.5090906119445293,1.2931348412519668
2020-04-23,S&P 500,^GSPC,126.78092492838309,0.9918960179983394,1.2623207567802632
2020-04-24,S&P 500,^GSPC,126.39808738495175,-0.3024246217893989,1.2497599810082138
2020-04-27,S&P 500,^GSPC,128.28933616359913,1.4851801599343517,1.2176274351761138
2020-04-28,S&P 500,^GSPC,128.5813385146401,0.2273536885329719,1.2346404980653025
2020-04-29,S&P 500,^GSPC,126.34179316317191,-1.7570810110193236,1.2028515245132294
2020-04-30,S&P 500,^GSPC,125.42359693167214,-0.7294094729322076,1.2369059456947724
2020-05-01,S&P 500,^GSPC,125.84890686501498,0.33852517333556875,1.214536695116516
2020-05-04,S&P 500,^GSPC,126.11473610864454,0.21100611113800127,1.185185979914295
2020-05-05,S&P 500,^GSPC,125.00906626793471,-0.8805831824407306,1.1555221943579166
2020-05-06,S&P 500,^GSPC,126.7128644628492,1.3537352186303586,1.1430756656229126
2020-05-07,S&P 500,^GSPC,126.59447873234022,-0.09347201516947123,1.1579530121777042
2020-05-08,S&P 500,^GSPC,125.03356929971585,-1.240664120445345,1.1284253562255224
2020-05-11,S&P 500,^GSPC,125.91737977643973,0.7043720169924939,1.1351032687408815
2020-05-12,S&P 500,^GSPC,127.74925020591536,1.444338402128853,1.1189970040647785
2020-05-13,S&P 500,^GSPC,126.69606243981868,-0.8278350815853486,1.141835903913044
2020-05-14,S&P 500,^GSPC,125.87868754956145,-0.647236308229715,1.1281780819366316
2020-05-15,S&P 500,^GSPC,126.74138763179631,0.6830046545795554,1.10922530395154
2020-05-18,S&P 500,^GSPC,125.65855335922006,-0.8580357917153947,1.0938807392289707
2020-05-19,S&P 500,^GSPC,125.84499956493154,0.14826529303340052,1.0843269128550603
2020-05-20,S&P 500,^GSPC,126.20620058119518,0.28660943753591184,1.0588636816258405
2020-05-21,S&P 500,^GSPC,127.19666323418247,0.7817336253125085,1.0363241058423993
2020-05-22,S&P 500,^GSPC,127.44349622481732,0.19386813805732928,1.029108998919991
2020-05-25,S&P 500,^GSPC,127.61414568930714,0.1338124893436543,1.0068146212691715
2020-05-26,S&P 500,^GSPC,125.65357481277427,-1.5482510256105364,0.9850492489225074
2020-05-27,S&P 500,^GSPC,126.35878961726638,0.5596682899783545,1.0253244351357718
2020-05-28,S&P 500,^GSPC,125.54325062883036,-0.6475071317658454,1.0108430974047142
2020-05-29,S&P 500,^GSPC,124.87540876922245,-0.533381533573607,0.9985851657005834
2020-06-01,S&P 500,^GSPC,124.02762876115546,-0.6812157014604914,0.9835948217584025
2020-06-02,S&P 500,^GSPC,124.1896678498597,0.13056230483119435,0.9741406056172165
2020-06-03,S&P 500,^GSPC,123.56742876361729,-0.5022987458487727,0.9540034184999103
2020-06-04,S&P 500,^GSPC,123.92400776180064,0.2881548145033719,0.9407157000480203
2020-06-05,S&P 500,^GSPC,123.58385036672077,-0.27486610874758455,0.9243835711402628
2020-06-08,S&P 500,^GSPC,123.14317372277903,-0.35721835836364235,0.9080059846829648
2020-06-09,S&P 500,^GSPC,122.92680323779821,-0.1758609834630498,0.8939433504995685
2020-06-10,S&P 500,^GSPC,123.7626409364454,0.6776462608247158,0.8780222562718557
2020-06-11,S&P 500,^GSPC,125.23998026554915,1.186619367180164,0.8770551451914786
2020-06-12,S&P 500,^GSPC,123.96531512168735,-1.0229929168704466,0.9048498188195981
2020-06-15,S&P 500,^GSPC,125.93877746373899,1.5794086005801233,0.9168492709232166
2020-06-16,S&P 500,^GSPC,126.0047122528744,0.052340936227324164,0.9711660917418499
2020-06-17,S&P 500,^GSPC,126.20875780548573,0.16180388547910596,0.950689634290775
2020-06-18,S&P 500,^GSPC,126.14947503430531,-0.046983030118585845,0.9320568741999226
2020-06-19,S&P 500,^GSPC,127.39383609255461,0.9815846010462259,0.9134461447496569
2020-06-22,S&P 500,^GSPC,126.22936178046349,-0.9182775901775742,0.9248978785491552
2020-06-23,S&P 500,^GSPC,127.36841263434928,0.8983190143549535,0.9296501215543024
2020-06-24,S&P 500,^GSPC,127.78478424903965,0.3263701880805492,0.935285912799776
2020-06-25,S&P 500,^GSPC,128.57908458879376,0.619668352674374,0.919969453627742
2020-06-26,S&P 500,^GSPC,127.07203405042632,-1.1790036387403724,0.9139030116855428
2020-06-29,S&P 500,^GSPC,127.10826781408291,0.02851028473589423,0.9346783992402996
2020-06-30,S&P 500,^GSPC,125.4627508047729,-1.3030317578191841,0.9159878210791103
2020-07-01,S&P 500,^GSPC,126.7860532432967,1.0492137579289462,0.9450269142655965
2020-07-02,S&P 500,^GSPC,126.50460126896654,-0.22223645851502383,0.9577885587822506
2020-07-03,S&P 500,^GSPC,128.05133796395987,1.2152580179046524,0.9389605206489547
2020-07-06,S&P 500,^GSPC,127.79901490427503,-0.1972427543372568,0.9627599033667843
2020-07-07,S&P 500,^GSPC,127.50806016188659,-0.22792542531160365,0.9434117336356637
2020-07-08,S&P 500,^GSPC,128.42777881035116,0.718713417512884,0.9254019776580045
2020-07-09,S&P 500,^GSPC,130.27675951169678,1.4294393107285863,0.9228971262256077
2020-07-10,S&P 500,^GSPC,131.1489023239746,0.6672229816332198,0.9640612965870476
2020-07-13,S&P 500,^GSPC,130.6667652216686,-0.36830312855613556,0.9569444088132074
2020-07-14,S&P 500,^GSPC,128.99414963623582,-1.2883253693364516,0.9403951327701754
2020-07-15,S&P 500,^GSPC,126.47824640834034,-1.969672344775475,0.966027452302639
2020-07-16,S&P 500,^GSPC,126.93312618842415,0.35900541004281195,1.045857804976603
2020-07-17,S&P 500,^GSPC,124.8081058760833,-1.688297757258006,1.0252599562339242
2020-07-20,S&P 500,^GSPC,125.6235496736279,0.6512329103892434,1.0723470204434
2020-07-21,S&P 500,^GSPC,123.09141540530901,-2.0362439857689374,1.0580689471342073
2020-07-22,S&P 500,^GSPC,123.8820879357501,0.6402915462843772,1.1317308815761884
2020-07-23,S&P 500,^GSPC,121.29860230906493,-2.107491617802104,1.1137181198093102
2020-07-24,S&P 500,^GSPC,120.44311512563146,-0.7077725464633033,1.1867979077346642
2020-07-27,S&P 500,^GSPC,120.0241395553024,-0.348468231030985,1.166472673617183
2020-07-28,S&P 500,^GSPC,123.13020113707577,2.554945582538082,1.1388948423144765
2020-07-29,S&P 500,^GSPC,121.05573339824242,-1.6991295190595501,1.2576962176406707
2020-07-30,S&P 500,^GSPC,121.8101817431579,0.6212899585280596,1.2825501034519755
2020-07-31,S&P 500,^GSPC,121.25039154870507,-0.46061866523610107,1.255954976144376
2020-08-03,S&P 500,^GSPC,121.55151333583647,0.2480391919975844,1.2259786548063527
2020-08-04,S&P 500,^GSPC,122.0550897992359,0.41343475440651645,1.1948270263322516
2020-08-05,S&P 500,^GSPC,120.75217580856332,-1.0732187055213949,1.1677651416117658
2020-08-06,S&P 500,^GSPC,118.96751565523876,-1.4889833329606361,1.1629300760526322
2020-08-07,S&P 500,^GSPC,120.55107722643821,1.3223062358621362,1.1819523894131811
2020-08-10,S&P 500,^GSPC,118.50909724199093,-1.7083812914761687,1.191785240906754
2020-08-11,S&P 500,^GSPC,116.98926130052789,-1.2907580773932281,1.2233338608983724
2020-08-12,S&P 500,^GSPC,116.68194512222057,-0.2630331397660335,1.2257348103720203
2020-08-13,S&P 500,^GSPC,116.49610500273444,-0.15939764376149412,1.194265347259068
2020-08-14,S&P 500,^GSPC,114.81900695301948,-1.4500803020106368,1.163374088680592
2020-08-17,S&P 500,^GSPC,115.3656851722379,0.47499183547285995,1.179850168701991
2020-08-18,S&P 500,^GSPC,114.97245683307511,-0.34143604507352876,1.1548362561409908
2020-08-19,S&P 500,^GSPC,116.34937111195896,1.1904890715866756,1.1277153077276554
2020-08-20,S&P 500,^GSPC,118.24858077014828,1.619154076256546,1.1341127224675072
2020-08-21,S&P 500,^GSPC,116.13030063944876,-1.8076183283801228,1.167912451133174
2020-08-24,S&P 500,^GSPC,115.80573868600554,-0.27987212874780454,1.2092659715363299
2020-08-25,S&P 500,^GSPC,116.28334501474009,0.41157213885840704,1.1787480018850638
2020-08-26,S&P 500,^GSPC,117.09831323336144,0.6984023829039288,1.1524432510023261
2020-08-27,S&P 500,^GSPC,116.70004901613606,-0.34069066918593904,1.1351474246196358
2020-08-28,S&P 500,^GSPC,117.06302468003827,0.31055029340505413,1.1089722229570445
2020-08-31,S&P 500,^GSPC,118.26072068744347,1.0179222222383544,1.0843052052411868
2020-09-01,S&P 500,^GSPC,116.69699241731367,-1.3310917423514645,1.0846794026862192
2020-09-02,S&P 500,^GSPC,115.92497855035727,-0.6637521796482915,1.100235758735816
2020-09-03,S&P 500,^GSPC,115.11259156158052,-0.7032538790454623,1.0833372035257551
2020-09-04,S&P 500,^GSPC,114.9302761431821,-0.15850563713470933,1.0686812857769035
2020-09-07,S&P 500,^GSPC,115.03347728632134,0.08975427520923063,1.0437152205742206
2020-09-08,S&P 500,^GSPC,113.48996678489927,-1.350875819429298,1.0198107962705827
2020-09-09,S&P 500,^GSPC,113.78697845447829,0.26136556732128113,1.0423083315849107
2020-09-10,S&P 500,^GSPC,113.16881854980821,-0.5447416998845434,1.0202237067326414
2020-09-11,S&P 500,^GSPC,115.14581720427626,1.7318627532795894,1.0043258093582792
2020-09-14,S&P 500,^GSPC,115.09114087118091,-0.04749570579827278,1.061247190480335
2020-09-15,S&P 500,^GSPC,115.75958866076881,0.5791185144899735,1.0361866729174964
2020-09-16,S&P 500,^GSPC,116.30754594078438,0.47224118942725823,1.0216764645790257
2020-09-17,S&P 500,^GSPC,116.60201529831127,0.2528616797532912,1.0049451755666492
2020-09-18,S&P 500,^GSPC,115.764515751172,-0.720846646774298,0.9846451804115276
2020-09-21,S&P 500,^GSPC,113.560037006671,-1.9226433678890764,0.9765767200445868
2020-09-22,S&P 500,^GSPC,115.00732200776118,1.266413848671899,1.050400317318482
2020-09-23,S&P 500,^GSPC,114.82908443857067,-0.15509954030070716,1.0675743102793986
2020-09-24,S&P 500,^GSPC,112.0622019618406,-2.43907087751678,1.0426388188536408
2020-09-25,S&P 500,^GSPC,112.61664012502177,0.4935393857768311,1.159569440930309
2020-09-28,S&P 500,^GSPC,110.92017635706665,-1.5178674954100302,1.1360221907373829
2020-09-29,S&P 500,^GSPC,110.7456407218156,-0.15747639723615592,1.1593229991253906
2020-09-30,S&P 500,^GSPC,109.82003007270538,-0.8393111035246648,1.130039770549294
2020-10-01,S&P 500,^GSPC,111.56381323580781,1.575380751901978,1.1175250357659425
2020-10-02,S&P 500,^GSPC,113.28136794176771,1.5277962423592584,1.1497189323726202
2020-10-05,S&P 500,^GSPC,114.90252358631632,1.4209442311274856,1.175500684584854
2020-10-06,S&P 500,^GSPC,115.67167525944275,0.6671644355180639,1.191924442755156
2020-10-07,S&P 500,^GSPC,116.65701338580816,0.8482327688565938,1.1714320747682103
2020-10-08,S&P 500,^GSPC,114.56142084697602,-1.8127014204533332,1.1584929200439928
2020-10-09,S&P 500,^GSPC,115.22370073316725,0.5764356851988062,1.2012148671219218
2020-10-12,S&P 500,^GSPC,117.62788740113,2.065068248441726,1.1776104000803627
2020-10-13,S&P 500,^GSPC,117.06777466075376,-0.4773107426484735,1.242951846239103
2020-10-14,S&P 500,^GSPC,115.25310159677696,-1.5622444272778147,1.2139248892765184
2020-10-15,S&P 500,^GSPC,116.87536482486833,1.397751568292005,1.2333830529471737
2020-10-16,S&P 500,^GSPC,115.67833855662553,-1.0294713201012051,1.243687400456476
2020-10-19,S&P 500,^GSPC,115.85494586253424,0.1525546019037094,1.2319900091526497
2020-10-20,S&P 500,^GSPC,118.16383269035435,1.9733132223981542,1.1996280305658618
2020-10-21,S&P 500,^GSPC,118.92154923665605,0.6391951456302003,1.254535609829034
2020-10-22,S&P 500,^GSPC,118.89469587783996,-0.022583283927701814,1.2298800783100303
2020-10-23,S&P 500,^GSPC,116.54854935474208,-1.9930273903662865,1.1969441559696568
2020-10-26,S&P 500,^GSPC,116.06549312199854,-0.4153291194172404,1.2501058790487753
2020-10-27,S&P 500,^GSPC,116.00772147907053,-0.04978742955810134,1.2195986009445994
2020-10-28,S&P 500,^GSPC,119.70799461230774,3.139864570894879,1.1871448851527102
2020-10-29,S&P 500,^GSPC,118.38804456869943,-1.1087656649674038,1.3648072265480766
2020-10-30,S&P 500,^GSPC,117.68252813454399,-0.5977183234297634,1.3491197569978468
2020-11-02,S&P 500,^GSPC,119.96148546892427,1.9180177648748575,1.317524010253156
2020-11-03,S&P 500,^GSPC,118.5093710586842,-1.2178698727042914,1.3557942903077014
2020-11-04,S&P 500,^GSPC,117.9875782252912,-0.4412688465204262,1.345525641495826
2020-11-05,S&P 500,^GSPC,114.07809872268511,-3.369605929579045,1.310985182337892
2020-11-06,S&P 500,^GSPC,115.26139726895339,1.0319278340397808,1.4878540466937973
2020-11-09,S&P 500,^GSPC,115.3499512594158,0.07679933826336693,1.4637730109700686
2020-11-10,S&P 500,^GSPC,113.0031449188313,-2.055491260935227,1.4207903471942944
2020-11-11,S&P 500,^GSPC,114.20513496783275,1.058061143792255,1.4561727860471774
2020-11-12,S&P 500,^GSPC,113.65585599639496,-0.48211853468949073,1.4348845616838886
2020-11-13,S&P 500,^GSPC,113.72949003742141,0.0647658654215455,1.396942752766594
2020-11-16,S&P 500,^GSPC,114.28134648890249,0.4840625449771707,1.3567868035373585
2020-11-17,S&P 500,^GSPC,114.90730004842416,0.546235710518328,1.3233281747809402
2020-11-18,S&P 500,^GSPC,114.9549652800637,0.04147286398188399,1.2928198598359968
2020-11-19,S&P 500,^GSPC,115.2679504575479,0.2718976686591823,1.2571529179604235
2020-11-20,S&P 500,^GSPC,116.39537410093443,0.9733371014950087,1.2248482404766956
2020-11-23,S&P 500,^GSPC,115.11334709605158,-1.1075523232567441,1.2138084572455983
2020-11-24,S&P 500,^GSPC,115.69188394078907,0.5013214421548895,1.2075444295130153
2020-11-25,S&P 500,^GSPC,114.41286828691074,-1.1116926650526437,1.1817360651526974
2020-11-26,S&P 500,^GSPC,115.93887621283542,1.3249565385517137,1.1778123308844735
2020-11-27,S&P 500,^GSPC,115.95483812386,0.013766574997831071,1.1881283315837683
2020-11-30,S&P 500,^GSPC,113.19598437873171,-2.4080097326909744,1.1571210534383551
2020-12-01,S&P 500,^GSPC,112.22728379738591,-0.859455682676824,1.2533037096875685
2020-12-02,S&P 500,^GSPC,112.4271609766793,0.17794193409725878,1.2343469849322533
2020-12-03,S&P 500,^GSPC,112.3923274517676,-0.030987994353992576,1.2020855933144237
2020-12-04,S&P 500,^GSPC,112.56553504084003,0.1539911709516062,1.170412850005275
2020-12-07,S&P 500,^GSPC,111.98959760551921,-0.5129597274473596,1.1409059257096
2020-12-08,S&P 500,^GSPC,114.22650408831016,1.9777366671263508,1.1177363914665137
2020-12-09,S&P 500,^GSPC,115.91224035142295,1.4650000953617237,1.1825574447244154
2020-12-10,S&P 500,^GSPC,115.37247272639452,-0.4667568364566499,1.2012237522836893
2020-12-11,S&P 500,^GSPC,118.60480953726791,2.763125061240057,1.1740266495539238
2020-12-14,S&P 500,^GSPC,117.84738225369809,-0.6406621723701988,1.3099766115266567
2020-12-15,S&P 500,^GSPC,115.88462459463184,-1.6795336023917251,1.2813452224993924
2020-12-16,S&P 500,^GSPC,116.23995802820379,0.3061577598629128,1.3028027447253718
2020-12-17,S&P 500,^GSPC,119.29267094403619,2.592323520316686,1.2688455426084542
2020-12-18,S&P 500,^GSPC,118.84307314679336,-0.3775983594215937,1.372137391330277
2020-12-21,S&P 500,^GSPC,117.04670849546291,-1.5230836750715682,1.335399829070177
2020-12-22,S&P 500,^GSPC,117.63420074793898,0.5006742828934208,1.342661190720684
2020-12-23,S&P 500,^GSPC,120.51306884700837,2.41783863414069,1.3102148626675068
2020-12-24,S&P 500,^GSPC,118.54455604101028,-1.646931196092094,1.3912256393184188
2020-12-25,S&P 500,^GSPC,116.52520520056291,-1.7181286993268152,1.401625190408931
2020-12-28,S&P 500,^GSPC,114.60897240370842,-1.6581508815618484,1.415620623476057
2020-12-29,S&P 500,^GSPC,112.77346968862496,-1.6144980837220047,1.4248181655335432
2020-12-30,S&P 500,^GSPC,112.01439978297401,-0.6753681083155882,1.4307233419041767
2020-12-31,S&P 500,^GSPC,115.03761115881252,2.6631695926200294,1.3970277625756662
2021-01-01,S&P 500,^GSPC,117.46938466505274,2.0918615143700414,1.4899856245368717
2021-01-04,S&P 500,^GSPC,114.65457289035339,-2.4253849427917196,1.5248576730589338
2021-01-05,S&P 500,^GSPC,113.15485547341567,-1.3166611176024468,1.5784918787936586
2021-01-06,S&P 500,^GSPC,111.69803772097784,-1.295814447065613,1.5590419786923593
2021-01-07,S&P 500,^GSPC,112.21065051446477,0.45787744380181294,1.5398336430365753
2021-01-08,S&P 500,^GSPC,112.05113820275258,-0.14225547698023533,1.4975132089181402
2021-01-11,S&P 500,^GSPC,112.10482034609201,0.0478971379687998,1.4531812154806045
2021-01-12,S&P 500,^GSPC,110.91343942477803,-1.0684257476144765,1.4105595614467064
2021-01-13,S&P 500,^GSPC,108.78579736548105,-1.936928510796232,1.3905371880059547
2021-01-14,S&P 500,^GSPC,109.22057810624608,0.3988702773135344,1.4201328287869053
2021-01-15,S&P 500,^GSPC,107.85143222731104,-1.2614837198661633,1.382209870571502
2021-01-18,S&P 500,^GSPC,105.5906815939097,-2.1184527658510532,1.372310459540978
2021-01-19,S&P 500,^GSPC,107.16140660888043,1.4766045942962158,1.4171411046963769
2021-01-20,S&P 500,^GSPC,106.95575235027088,-0.19209513413018797,1.4182610909293714
2021-01-21,S&P 500,^GSPC,107.88687291477963,0.866798563135962,1.3775931660603176
2021-01-22,S&P 500,^GSPC,105.42232226547821,-2.3108805245954045,1.353571861963389
2021-01-25,S&P 500,^GSPC,104.90343018397044,-0.49341854548758945,1.416056784222944
2021-01-26,S&P 500,^GSPC,105.58717441745928,0.6496695087021997,1.379174825892224
2021-01-27,S&P 500,^GSPC,107.64382690137424,1.9290968492114757,1.348473277460153
2021-01-28,S&P 500,^GSPC,107.27399370665249,-0.34416276763415965,1.3846009433016864
2021-01-29,S&P 500,^GSPC,107.51380181745387,0.22329779944927353,1.3468589147895407
2021-02-01,S&P 500,^GSPC,108.93801480585772,1.3159820642157705,1.3099403347082688
2021-02-02,S&P 500,^GSPC,111.20098055003905,2.056015070535544,1.3098965069708786
2021-02-03,S&P 500,^GSPC,110.58049734419643,-0.5595461177688499,1.359679522321054
2021-02-04,S&P 500,^GSPC,112.57759295805549,1.7898960587033663,1.3267309238538372
2021-02-05,S&P 500,^GSPC,113.88173069236964,1.1517760720764159,1.3548098263070614
2021-02-08,S&P 500,^GSPC,111.32085673761142,-2.2743827005969663,1.3435903606155344
2021-02-09,S&P 500,^GSPC,109.55813686700746,-1.5961294142537774,1.4040940595274163
2021-02-10,S&P 500,^GSPC,109.89393440107817,0.306032924829136,1.4104716246860427
2021-02-11,S&P 500,^GSPC,107.80618868829283,-1.9180602094159838,1.3716532964999375
2021-02-12,S&P 500,^GSPC,107.82796716143528,0.02019946527553884,1.4016146593091316
2021-02-15,S&P 500,^GSPC,108.9523082747897,1.0373187255603433,1.3611455182163552
2021-02-16,S&P 500,^GSPC,111.68442902483658,2.476704868364621,1.3445358959141471
2021-02-17,S&P 500,^GSPC,110.75457465415104,-0.8360582196917932,1.426699706348801
2021-02-18,S&P 500,^GSPC,108.143554125238,-2.385716482768263,1.3976431242212413
2021-02-19,S&P 500,^GSPC,108.85911552731567,0.6594978732368695,1.4615764097680164
2021-02-22,S&P 500,^GSPC,110.1798951194776,1.2059912033334896,1.4270957232189625
2021-02-23,S&P 500,^GSPC,108.7721959797604,-1.2858690036140707,1.4138431641329958
2021-02-24,S&P 500,^GSPC,107.79930685748916,-0.8984521545536417,1.40308174170454
2021-02-25,S&P 500,^GSPC,109.69784217386736,1.7458468279584416,1.3772614966535088
2021-02-26,S&P 500,^GSPC,109.16302675548097,-0.48872736869549627,1.3979203451870743
2021-03-01,S&P 500,^GSPC,109.41010535874614,0.22608333066154174,1.36178805646685
2021-03-02,S&P 500,^GSPC,107.93203042083788,-1.360157541358742,1.3242329924331768
2021-03-03,S&P 500,^GSPC,107.0774504517583,-0.7949272429742749,1.3231801134566812
2021-03-04,S&P 500,^GSPC,107.28594784627367,0.19452710856269206,1.2982469079079266
2021-03-05,S&P 500,^GSPC,106.3026589062572,-0.9207381438131712,1.2632327827101406
2021-03-08,S&P 500,^GSPC,105.53673939156208,-0.7231165291489816,1.2459649075683172
2021-03-09,S&P 500,^GSPC,107.23683127774355,1.598063200756794,1.2229203372773383
2021-03-10,S&P 500,^GSPC,111.05011682865992,3.494183739615142,1.2469621113638376
2021-03-11,S&P 500,^GSPC,113.7257952377794,2.380864369337754,1.456876521775149
2021-03-12,S&P 500,^GSPC,111.36646194521309,-2.096402364198102,1.5176310782941718
2021-03-15,S&P 500,^GSPC,108.40890587556721,-2.691597927335554,1.547161283698186
2021-03-16,S&P 500,^GSPC,105.91816415397733,-2.324348349913752,1.6206027752356384
2021-03-17,S&P 500,^GSPC,106.53337414109534,0.5791548620173614,1.6572509716620663
2021-03-18,S&P 500,^GSPC,105.4221908289305,-1.0485155154605685,1.6119183398743526
2021-03-19,S&P 500,^GSPC,105.81139350360364,0.36850495752105417,1.5801801582889545
2021-03-22,S&P 500,^GSPC,109.25898439842463,3.2062864954811587,1.5347404884407436
2021-03-23,S&P 500,^GSPC,107.53868133183593,-1.5870458462532433,1.662592035522954
2021-03-24,S&P 500,^GSPC,109.16990115230388,1.5054785655932434,1.6506302842467035
2021-03-25,S&P 500,^GSPC,108.2246666233623,-0.8696081924249199,1.6375832877014258
2021-03-26,S&P 500,^GSPC,109.71984203530802,1.3720913440915083,1.599009014277168
2021-03-29,S&P 500,^GSPC,109.49807988832477,-0.2023212524632001,1.582811430757655
2021-03-30,S&P 500,^GSPC,106.93461885016708,-2.3689404918228796,1.5352012683625436
2021-03-31,S&P 500,^GSPC,106.82471048756632,-0.10283375479032131,1.5833330872746996
2021-04-01,S&P 500,^GSPC,108.10238233649045,1.1889491297491617,1.535256354840591
2021-04-02,S&P 500,^GSPC,110.21067922194743,1.9315036996018442,1.5147633384172021
2021-04-05,S&P 500,^GSPC,110.12079504093938,-0.08158996466125501,1.5362481211940053
2021-04-06,S&P 500,^GSPC,108.89369840636593,-1.1205737626106327,1.4900877323161934
2021-04-07,S&P 500,^GSPC,112.85568369491557,3.5737704645582014,1.4675971372655372
2021-04-08,S&P 500,^GSPC,113.29590026409835,0.389311555977212,1.6458506525129462
2021-04-09,S&P 500,^GSPC,113.10337544496714,-0.17007551365688656,1.5978653444267947
2021-04-12,S&P 500,^GSPC,113.94546738958657,0.7417750254141708,1.5494452129992176
2021-04-13,S&P 500,^GSPC,115.05103331463597,0.9655820166772244,1.512850554052712
2021-04-14,S&P 500,^GSPC,113.75308234203665,-1.1345642904389663,1.4849934220207217
2021-04-15,S&P 500,^GSPC,111.09511327067705,-2.3643444260524227,1.46334716100811
2021-04-16,S&P 500,^GSPC,111.43423288850609,0.30478665956001905,1.5184183987582358
2021-04-19,S&P 500,^GSPC,109.1781814014708,-2.0453337979927433,1.4748515053328235
2021-04-20,S&P 500,^GSPC,108.00736684512064,-1.0781803004674018,1.504572553589138
2021-04-21,S&P 500,^GSPC,104.6089643806531,-3.1970186832277037,1.4796433518623977
2021-04-22,S&P 500,^GSPC,101.85848969398796,-2.6644755420848654,1.6099230467771137
2021-04-23,S&P 500,^GSPC,99.90516196864777,-1.9363138396262691,1.6741864334774617
2021-04-26,S&P 500,^GSPC,102.77825990485276,2.8352495453913384,1.6806132090606893
2021-04-27,S&P 500,^GSPC,101.47877619350783,-1.2724176056067016,1.7553534534431583
2021-04-28,S&P 500,^GSPC,102.28937176728677,0.7956099692183471,1.7241241460017758
2021-04-29,S&P 500,^GSPC,100.5602888137356,-1.7048338435732724,1.6806446013844445
2021-04-30,S&P 500,^GSPC,96.1744399164332,-4.459381129822582,1.6735560515071617
2021-05-03,S&P 500,^GSPC,94.49911589436424,-1.7573146192757072,1.9145735163886928
2021-05-04,S&P 500,^GSPC,97.75445046763738,3.386824806900801,1.8951923013507637
2021-05-05,S&P 500,^GSPC,96.34037269457636,-1.4571257181043684,1.9940202566747853
2021-05-06,S&P 500,^GSPC,93.8766156527891,-2.5906149110332954,1.957100775134982
2021-05-07,S&P 500,^GSPC,93.11587563741838,-0.8136628451394401,1.98328835567841
2021-05-10,S&P 500,^GSPC,92.1141464376202,-1.0816162029554377,1.9274864020462146
2021-05-11,S&P 500,^GSPC,90.44354528925436,-1.8302683039818746,1.8810922399874324
2021-05-12,S&P 500,^GSPC,91.9316914709811,1.6319970162593123,1.8674208169258313
2021-05-13,S&P 500,^GSPC,93.61655457439275,1.8161415695593597,1.8470466797740384
2021-05-14,S&P 500,^GSPC,91.86808121727611,-1.8853584737091644,1.8371418769303303
2021-05-17,S&P 500,^GSPC,89.97996407170521,-2.0766624097758424,1.8292196834155732
2021-05-18,S&P 500,^GSPC,91.39651990951904,1.562037822608442,1.8326169235221081
2021-05-19,S&P 500,^GSPC,91.53284808386685,0.14905009630989952,1.811076255910146
2021-05-20,S&P 500,^GSPC,90.42527403576484,-1.2174094945563319,1.7540166869577314
2021-05-21,S&P 500,^GSPC,91.29420921668427,0.9563551339689447,1.7208042290865824
2021-05-24,S&P 500,^GSPC,90.66767245497704,-0.6886488884468633,1.6820014322269927
2021-05-25,S&P 500,^GSPC,92.00361786919675,1.4627030121246776,1.636897755275364
2021-05-26,S&P 500,^GSPC,93.31058904008621,1.4105695006938923,1.622635980080743
2021-05-27,S&P 500,^GSPC,92.06984593743154,-1.3386111969569292,1.6067816970482416
2021-05-28,S&P 500,^GSPC,91.94416437621342,-0.13660001273478883,1.5866200036023528
2021-05-31,S&P 500,^GSPC,93.59677008829742,1.7814391433436327,1.5385191192158247
2021-06-01,S&P 500,^GSPC,92.16420713653395,-1.5424029025834507,1.5484822081275211
2021-06-02,S&P 500,^GSPC,94.29443512577699,2.285032918746399,1.541700715731633
2021-06-03,S&P 500,^GSPC,93.75333757919535,-0.5754910384539791,1.5861319330848107
2021-06-04,S&P 500,^GSPC,95.54878506943432,1.8969690414976093,1.5430563789988918
2021-06-07,S&P 500,^GSPC,93.48602589522321,-2.182498601758276,1.5599411867280142
2021-06-08,S&P 500,^GSPC,94.84421078912212,1.4423689625706615,1.5918196373251794
2021-06-09,S&P 500,^GSPC,93.85200003677714,-1.0516585285337499,1.5794126929754702
2021-06-10,S&P 500,^GSPC,95.23173986189481,1.4594214342574574,1.549487609156566
2021-06-11,S&P 500,^GSPC,95.92762058024881,0.7280666671880986,1.5406547602997276
2021-06-14,S&P 500,^GSPC,96.31454093356997,0.40253487864196913,1.5041220481809023
2021-06-15,S&P 500,^GSPC,96.51598060412616,0.2089293149507121,1.4624970515408673
2021-06-16,S&P 500,^GSPC,94.81439534485386,-1.7787349387472062,1.4203764682186186
2021-06-17,S&P 500,^GSPC,95.07167005208275,0.2709781406233347,1.4367195674231032
2021-06-18,S&P 500,^GSPC,97.20347004152798,2.217538207640146,1.3963283795696408
2021-06-21,S&P 500,^GSPC,95.36341597871126,-1.9111386245028505,1.450095428903516
2021-06-22,S&P 500,^GSPC,96.57302771323477,1.2604461411410028,1.4726949249855477
2021-06-23,S&P 500,^GSPC,94.92868638231626,-1.717354596410292,1.459115823014163
2021-06-24,S&P 500,^GSPC,96.91466981202701,2.07049586400494,1.4685619808937849
2021-06-25,S&P 500,^GSPC,96.60446355413208,-0.32059519717151375,1.5038496003519948
2021-06-28,S&P 500,^GSPC,95.92471966815067,-0.7061232993310185,1.460594288050737
2021-06-29,S&P 500,^GSPC,96.22637308559469,0.3139754876547052,1.426221124841881
2021-06-30,S&P 500,^GSPC,97.914279612622,1.7388929470081749,1.3868043043545093
2021-07-01,S&P 500,^GSPC,99.56034272559269,1.6671521827150038,1.4062009565910236
2021-07-02,S&P 500,^GSPC,98.66885149337669,-0.8994610971225114,1.4194086730566353
2021-07-05,S&P 500,^GSPC,98.85023937035942,0.18366622403904742,1.3927543946151217
2021-07-06,S&P 500,^GSPC,99.99630785430234,1.1527292684371027,1.3534561567784666
2021-07-07,S&P 500,^GSPC,98.87815005276062,-1.1244979328479232,1.3423658606704119
2021-07-08,S&P 500,^GSPC,98.98387431161557,0.10686666049881666,1.3287141269448055
2021-07-09,S&P 500,^GSPC,99.66553006480471,0.6862929499480863,1.2917186506632912
2021-07-12,S&P 500,^GSPC,99.58591229194738,-0.07991688908557393,1.266482720546975
2021-07-13,S&P 500,^GSPC,100.4064125284497,0.8205363288681156,1.2319741438657879
2021-07-14,S&P 500,^GSPC,100.13958066832025,-0.26610555846460215,1.214422923155881
2021-07-15,S&P 500,^GSPC,99.97594330227551,-0.1635429368699981,1.1835109097949579
2021-07-16,S&P 500,^GSPC,99.39496812508301,-0.5828100172877271,1.1531424346476535
2021-07-19,S&P 500,^GSPC,101.8556584905666,2.4455208331811917,1.1310544261990818
2021-07-20,S&P 500,^GSPC,102.45696699110324,0.5886177961352601,1.2394432813118028
2021-07-21,S&P 500,^GSPC,103.87324367204465,1.372846875138567,1.2141841263615953
2021-07-22,S&P 500,^GSPC,103.2015988586511,-0.6486999197806043,1.2245014931751148
2021-07-23,S&P 500,^GSPC,103.42147079011575,0.21282426481157302,1.200442896959333
2021-07-26,S&P 500,^GSPC,104.71331430749883,1.2413687660329131,1.170084920565617
2021-07-27,S&P 500,^GSPC,102.58807869271722,-2.05045421452148,1.1761416100577062
2021-07-28,S&P 500,^GSPC,102.62390925560543,0.034920536183680184,1.2365167376066728
2021-07-29,S&P 500,^GSPC,103.80704185996635,1.1462869816592836,1.2033524462645577
2021-07-30,S&P 500,^GSPC,103.22201906722692,-0.5651615742169547,1.201880387896294
2021-08-02,S&P 500,^GSPC,102.58172289701521,-0.6222415880675847,1.1768254937186782
2021-08-03,S&P 500,^GSPC,101.58036988866819,-0.9809470742882631,1.1545428686566113
2021-08-04,S&P 500,^GSPC,100.8674123754636,-0.7043401045780051,1.14634871480337
2021-08-05,S&P 500,^GSPC,100.95644668878299,0.08822972616613356,1.128146302951827
2021-08-06,S&P 500,^GSPC,100.11133164960191,-0.8406319728758049,1.1001800461075069
2021-08-09,S&P 500,^GSPC,100.74859863613683,0.6345408204423642,1.0895381169235085
2021-08-10,S&P 500,^GSPC,99.2603677606525,-1.4881916235183645,1.0737214841868084
2021-08-11,S&P 500,^GSPC,98.7084792567019,-0.5575523037618879,1.1006708978506283
2021-08-12,S&P 500,^GSPC,98.67566347127331,-0.03325068090820338,1.0807094467023333
2021-08-13,S&P 500,^GSPC,96.11259803479662,-2.6317944971166796,1.054700714037635
2021-08-16,S&P 500,^GSPC,94.33583437396082,-1.865927893642283,1.1912497333555643
2021-08-17,S&P 500,^GSPC,94.40054956295181,0.06857733541068001,1.2347547398499414
2021-08-18,S&P 500,^GSPC,97.5643410592931,3.296517388455733,1.2017788422960334
2021-08-19,S&P 500,^GSPC,95.06405437515464,-2.596114768823199,1.395921061751116
2021-08-20,S&P 500,^GSPC,93.32311227538639,-1.8483123803083146,1.4786447475693418
2021-08-23,S&P 500,^GSPC,95.04619210551886,1.829520894821357,1.4947403290251229
2021-08-24,S&P 500,^GSPC,94.38605940806576,-0.696961963310283,1.5111735048203596
2021-08-25,S&P 500,^GSPC,94.49810629116845,0.11864085677126823,1.4741532363131247
2021-08-26,S&P 500,^GSPC,94.826244577971,0.34664174351926036,1.43091288653707
2021-08-27,S&P 500,^GSPC,93.3159727841212,-1.605492117172247,1.3917234613931138
2021-08-30,S&P 500,^GSPC,93.28871476816386,-0.029214717495840148,1.3995879070487638
2021-08-31,S&P 500,^GSPC,96.10616774985033,2.9754350315783995,1.3591724867313881
2021-09-01,S&P 500,^GSPC,97.06625473157654,0.9940289352326381,1.488778741419379
2021-09-02,S&P 500,^GSPC,96.53772362295298,-0.5459933479805557,1.4632366354391053
2021-09-03,S&P 500,^GSPC,96.32217223816127,-0.22353167161268672,1.4251702085604887
2021-09-06,S&P 500,^GSPC,96.5200175548718,0.20518890221863373,1.3844251284014872
2021-09-07,S&P 500,^GSPC,95.80843378253147,-0.7399706224693325,1.3456740207928624
2021-09-08,S&P 500,^GSPC,98.34390296600101,2.611983327495615,1.3179229925505656
2021-09-09,S&P 500,^GSPC,96.08333474334782,-2.325466452918157,1.4163899284878112
2021-09-10,S&P 500,^GSPC,94.01578760940575,-2.175316369699143,1.473239427602619
2021-09-13,S&P 500,^GSPC,94.79872158261263,0.8293202295589275,1.5125747700187664
2021-09-14,S&P 500,^GSPC,95.20340217624191,0.425975454959282,1.4802856708816896
2021-09-15,S&P 500,^GSPC,95.25502557406197,0.05420962431958998,1.4400934282965085
2021-09-16,S&P 500,^GSPC,93.77607590427156,-1.5648005392527864,1.3980483507742838
2021-09-17,S&P 500,^GSPC,92.3949184263614,-1.4837787405191705,1.403050510521786
2021-09-20,S&P 500,^GSPC,92.4106274445108,0.01700059174432056,1.4031267678545498
2021-09-21,S&P 500,^GSPC,92.23703975283752,-0.18802051003028453,1.362587411507288
2021-09-22,S&P 500,^GSPC,92.46849053345771,0.2506161038096977,1.324320063038056
2021-09-23,S&P 500,^GSPC,91.62821332598747,-0.9128713606600058,1.2886979139024746
2021-09-24,S&P 500,^GSPC,91.23979662800198,-0.42480615630688945,1.2696754834994182
2021-09-27,S&P 500,^GSPC,89.88152808732262,-1.4998719846015973,1.2384022677748074
2021-09-28,S&P 500,^GSPC,90.2160731451865,0.3715157118893586,1.2518429218660425
2021-09-29,S&P 500,^GSPC,92.95807654139837,2.994099593143229,1.2212603894449081
2021-09-30,S&P 500,^GSPC,94.0630125117465,1.1816301918697647,1.3753802216276176
2021-10-01,S&P 500,^GSPC,94.50799201688962,0.47194989728041037,1.364242446434394
2021-10-04,S&P 500,^GSPC,92.5321375661868,-2.112838520559368,1.3301924140184829
2021-10-05,S&P 500,^GSPC,93.42504589060297,0.9603449248603013,1.3788693022546283
2021-10-06,S&P 500,^GSPC,93.83952052755593,0.442662829049123,1.3581736323814488
2021-10-07,S&P 500,^GSPC,93.66550566778199,-0.18561092815874147,1.323850993165274
2021-10-08,S&P 500,^GSPC,93.86717867189911,0.21508046191680563,1.2872765135301552
2021-10-11,S&P 500,^GSPC,93.04673119249084,-0.8778937311866741,1.2529526079535265
2021-10-12,S&P 500,^GSPC,92.79905607489304,-0.2665384756564748,1.2346809943439514
2021-10-13,S&P 500,^GSPC,91.51083567656684,-1.3979080168886604,1.2028355502974801
2021-10-14,S&P 500,^GSPC,91.68385234158666,0.1888883551520948,1.2128969382461834
2021-10-15,S&P 500,^GSPC,94.09212119083287,2.59280435232343,1.1817219094353242
2021-10-18,S&P 500,^GSPC,92.93491264394542,-1.2374930949044405,1.297881050114617
2021-10-19,S&P 500,^GSPC,93.67248292992554,0.7905089984591385,1.2923303956937446
2021-10-20,S&P 500,^GSPC,94.0611161767554,0.41402690177578805,1.2703492020680058
2021-10-21,S&P 500,^GSPC,94.47441711786387,0.43843364265514495,1.2396398851380435
2021-10-22,S&P 500,^GSPC,95.55403478850755,1.1362817261305835,1.2108804415511158
2021-10-25,S&P 500,^GSPC,96.14366459517824,0.6151682237413247,1.2083791889911875
2021-10-26,S&P 500,^GSPC,95.72599623429701,-0.43536744558707596,1.185464638866678
2021-10-27,S&P 500,^GSPC,95.00059325514098,-0.7606768190241198,1.158434560879072
2021-10-28,S&P 500,^GSPC,93.35732146394565,-1.7448839208601186,1.1414069223745016
2021-10-29,S&P 500,^GSPC,92.70713037172766,-0.6988908760823698,1.1806209200284175
2021-11-01,S&P 500,^GSPC,94.79016931297507,2.2220316251043037,1.1603589551914815
2021-11-02,S&P 500,^GSPC,95.51792479297336,0.7648219387980326,1.242262950326215
2021-11-03,S&P 500,^GSPC,96.46638916395315,0.9880724814081532,1.222171185177376
2021-11-04,S&P 500,^GSPC,96.24869046515865,-0.22592813371362652,1.21193995527743
2021-11-05,S&P 500,^GSPC,96.71421606421764,0.48250361749735404,1.1807426371724923
2021-11-08,S&P 500,^GSPC,97.19074869747719,0.4915125233668327,1.1558548245307867
2021-11-09,S&P 500,^GSPC,97.76343285961063,0.5875081055625841,1.1324505374627363
2021-11-10,S&P 500,^GSPC,97.64702896041713,-0.11913785155384105,1.1128116625295492
2021-11-11,S&P 500,^GSPC,98.57535885433946,0.9462088709161875,1.0855033435681658
2021-11-12,S&P 500,^GSPC,97.67768594300102,-0.9148180836819897,1.0822974992402044
2021-11-15,S&P 500,^GSPC,98.23557879906079,0.5695319965282053,1.075874024898233
2021-11-16,S&P 500,^GSPC,97.59973124727387,-0.6493719503638751,1.0588263558754114
2021-11-17,S&P 500,^GSPC,98.4208054503165,0.8377479410407673,1.0438290327044537
2021-11-18,S&P 500,^GSPC,97.6956633601815,-0.7395048454302611,1.0384966025172202
2021-11-19,S&P 500,^GSPC,97.07549797611853,-0.6368165344718513,1.027780918614776
2021-11-22,S&P 500,^GSPC,96.40094585246743,-0.697299209669211,1.0141804043918594
2021-11-23,S&P 500,^GSPC,96.71608234299187,0.3263687031600959,1.0034237905146468
2021-11-24,S&P 500,^GSPC,96.02159634757382,-0.7206572225969765,0.9844277036452538
2021-11-25,S&P 500,^GSPC,96.04289924348127,0.022183065047265416,0.9763658294005411
2021-11-26,S&P 500,^GSPC,96.49253390340039,0.4670677703077608,0.9555273887457701
2021-11-29,S&P 500,^GSPC,96.83615206405007,0.3554759820242559,0.9423957082232653
2021-11-30,S&P 500,^GSPC,96.75303207755132,-0.08587255736953736,0.9272869676816443
2021-12-01,S&P 500,^GSPC,96.11739165489861,-0.6591396562656726,0.9090234881171589
2021-12-02,S&P 500,^GSPC,96.36010444321326,0.2521987472626108,0.9034899650937759
2021-12-03,S&P 500,^GSPC,96.02920403321947,-0.3439907746523474,0.8885853965784319
2021-12-06,S&P 500,^GSPC,95.32299223221366,-0.7381310705683042,0.8753599372358728
2021-12-07,S&P 500,^GSPC,95.60047336936663,0.2906728428064831,0.8752701891010806
2021-12-08,S&P 500,^GSPC,96.645497601678,1.0871848395549222,0.8626281528923323
2021-12-09,S&P 500,^GSPC,96.36725098152112,-0.2883196213208983,0.885044624730205
2021-12-10,S&P 500,^GSPC,95.7092138836837,-0.6851851139078491,0.8710320816586674
2021-12-13,S&P 500,^GSPC,95.84540528927586,0.14219592211146548,0.8690414449362255
2021-12-14,S&P 500,^GSPC,96.34760831747684,0.5226039820790618,0.8545783657914096
2021-12-15,S&P 500,^GSPC,96.44458006402289,0.10059718242514393,0.8493110645447298
2021-12-16,S&P 500,^GSPC,95.9256884631538,-0.5394730311373053,0.8355661426501372
2021-12-17,S&P 500,^GSPC,96.94035140381311,1.052204216707242,0.8306261331761561
2021-12-20,S&P 500,^GSPC,97.35724831705429,0.4291329935323773,0.8537747331388966
2021-12-21,S&P 500,^GSPC,97.28551679256225,-0.0737058248211575,0.8456688144860786
2021-12-22,S&P 500,^GSPC,97.61527118659585,0.3383821195388492,0.8317341518801116
2021-12-23,S&P 500,^GSPC,97.45309197922744,-0.16627939262274793,0.8226533985044995
2021-12-24,S&P 500,^GSPC,98.47154333566638,1.0396451963938347,0.8105888769640027
2021-12-27,S&P 500,^GSPC,100.5714434028844,2.110074828174202,0.834841866004304
2021-12-28,S&P 500,^GSPC,101.48472175517713,0.9039907997764551,0.9559890676970401
2021-12-29,S&P 500,^GSPC,101.79538200319642,0.3056477088764886,0.9599285807287449
2021-12-30,S&P 500,^GSPC,101.92807913906456,0.130271843891272,0.9428709594073503
2021-12-31,S&P 500,^GSPC,101.66007724227255,-0.2632786271672849,0.9243453646493078
2022-01-03,S&P 500,^GSPC,101.44202391922528,-0.21472294533628755,0.9078040182649945
2022-01-04,S&P 500,^GSPC,101.01034020405275,-0.42645525160756037,0.8915368043134624
2022-01-05,S&P 500,^GSPC,100.45802696708743,-0.5482891715073102,0.8799362746654781
2022-01-06,S&P 500,^GSPC,101.09828295184691,0.6353144077106521,0.8724425126441852
2022-01-07,S&P 500,^GSPC,100.86524232251608,-0.23077506934967573,0.870130413294958
2022-01-10,S&P 500,^GSPC,102.60080383536632,1.7060375831223773,0.8561157253945627
2022-01-11,S&P 500,^GSPC,103.69731084828666,1.0630415508617652,0.9302071253590399
2022-01-12,S&P 500,^GSPC,102.94890838576964,-0.7243352793372182,0.9450413869006726
2022-01-13,S&P 500,^GSPC,102.85839491538202,-0.08795944047808035,0.939650391620874
2022-01-14,S&P 500,^GSPC,101.02605036280599,-1.7974827700435014,0.920753358610647
2022-01-17,S&P 500,^GSPC,100.7429530296223,-0.28061547035935774,0.9903098591329114
2022-01-18,S&P 500,^GSPC,100.37106747362681,-0.36982601106121393,0.9705297911683413
2022-01-19,S&P 500,^GSPC,100.37037566581863,-0.000689252600061252,0.9532741362841602
2022-01-20,S&P 500,^GSPC,98.75789576650142,-1.619574291453585,0.933566894131847
2022-01-21,S&P 500,^GSPC,99.94884069212608,1.1987104287004335,0.9855069610693004
2022-01-24,S&P 500,^GSPC,100.29712072605716,0.34785259353142806,1.003995286473679
2022-01-25,S&P 500,^GSPC,100.74759947364468,0.44813860423369434,0.9853811630762276
2022-01-26,S&P 500,^GSPC,101.58161257246658,0.8244166169705913,0.9700507264686455
2022-01-27,S&P 500,^GSPC,100.9074187089076,-0.6659090130785472,0.9691280078138786
2022-01-28,S&P 500,^GSPC,101.02036811972488,0.11187110438939385,0.9600258144779867
2022-01-31,S&P 500,^GSPC,100.99830955822233,-0.02183814075387147,0.9404635204760707
2022-02-01,S&P 500,^GSPC,100.23902385041545,-0.7546207237840719,0.9214007352489684
2022-02-02,S&P 500,^GSPC,101.73136839217389,1.4778123514847863,0.9188179823395798
2022-02-03,S&P 500,^GSPC,101.66084378217721,-0.06934839054961728,0.9643362442184307
2022-02-04,S&P 500,^GSPC,101.842478695276,0.17850810406381257,0.9441146337964105
2022-02-07,S&P 500,^GSPC,100.6114836154711,-1.2160890667931135,0.9260080971332536
2022-02-08,S&P 500,^GSPC,101.10902402837978,0.49329780859670436,0.948107087587956
2022-02-09,S&P 500,^GSPC,99.87356765867715,-1.2294317840377822,0.9361462362759564
2022-02-10,S&P 500,^GSPC,97.68158766942834,-2.2191979191313216,0.9581940666368185
2022-02-11,S&P 500,^GSPC,97.64997839105037,-0.03236474195276173,1.0649981760411338
2022-02-14,S&P 500,^GSPC,97.22979719426614,-0.43122160484339034,1.0397431183625223
2022-02-15,S&P 500,^GSPC,96.71171041376114,-0.5342724404696853,1.0200345449228736
2022-02-16,S&P 500,^GSPC,96.0293797022327,-0.7080312367214958,1.0038634113696125
2022-02-17,S&P 500,^GSPC,96.30939615713406,0.29117025569300736,0.9941230203279617
2022-02-18,S&P 500,^GSPC,96.83010879843155,0.5392101455882425,0.974991305321979
2022-02-21,S&P 500,^GSPC,97.43739321500918,0.625206365887454,0.9628156800692502
2022-02-22,S&P 500,^GSPC,99.16164389112501,1.7541234313235954,0.9542313763096312
2022-02-23,S&P 500,^GSPC,101.27010352569474,2.103995442030371,1.0194156193429609
2022-02-24,S&P 500,^GSPC,99.98314227207054,-1.2789645119687165,1.1093187338433643
2022-02-25,S&P 500,^GSPC,98.81775324258768,-1.1724317196148526,1.119694771075531
2022-02-28,S&P 500,^GSPC,98.6563043862738,-0.16351402733540965,1.123261760054044
2022-03-01,S&P 500,^GSPC,100.27190845133627,1.6243443450086659,1.0957135525241744
2022-03-02,S&P 500,^GSPC,101.85464019614487,1.566112027416544,1.1337333107410812
2022-03-03,S&P 500,^GSPC,102.0278139382679,0.16987610287841903,1.1637043222443622
2022-03-04,S&P 500,^GSPC,102.67183947116425,0.6292415714018063,1.1346467451643363
2022-03-07,S&P 500,^GSPC,100.92779817507417,-1.7132485849144174,1.1161295744295976
2022-03-08,S&P 500,^GSPC,101.53502409093515,0.5998412249493157,1.155489653027239
2022-03-09,S&P 500,^GSPC,103.29930611435707,1.722685501789467,1.1349589896153505
2022-03-10,S&P 500,^GSPC,104.8352403759773,1.4759319578875107,1.176540412254095
2022-03-11,S&P 500,^GSPC,104.17871183628615,-0.6282171041079643,1.1964383860986387
2022-03-14,S&P 500,^GSPC,105.03674340368974,0.8202418670145484,1.1732868645080177
2022-03-15,S&P 500,^GSPC,105.13845088549259,0.09678353345741186,1.1591483795882578
2022-03-16,S&P 500,^GSPC,103.97107169958669,-1.1165357742491722,1.1297759012721986
2022-03-17,S&P 500,^GSPC,104.9050587727524,0.8943035242027442,1.1296852559842385
2022-03-18,S&P 500,^GSPC,104.87396273409277,-0.029646471476496572,1.1212352139252793
2022-03-21,S&P 500,^GSPC,104.35845781516002,-0.49275916291291466,1.093303515727317
2022-03-22,S&P 500,^GSPC,104.90206699910442,0.5195537068038547,1.0721394843334988
2022-03-23,S&P 500,^GSPC,105.87850302146668,0.9265019134130803,1.0538875482326837
2022-03-24,S&P 500,^GSPC,105.88198791248946,0.0032913514770527286,1.0519158461456362
2022-03-25,S&P 500,^GSPC,107.33166132456782,1.3598526704604375,1.0273068008520945
2022-03-28,S&P 500,^GSPC,108.02138694296231,0.6405555735516266,1.0527372256877807
2022-03-29,S&P 500,^GSPC,108.90013100663394,0.8101998168521973,1.0392473497112351
2022-03-30,S&P 500,^GSPC,108.76807820934356,-0.12133403767755624,1.0330313953535284
2022-03-31,S&P 500,^GSPC,107.26725742763001,-1.3894439280923265,1.009581858844369
2022-04-01,S&P 500,^GSPC,107.4944695278296,0.21159467116795838,1.0356578976075985
2022-04-04,S&P 500,^GSPC,106.5391921478188,-0.892648115001915,1.01324252413017
2022-04-05,S&P 500,^GSPC,105.71305296696134,-0.7784542889974766,1.0104346692973842
2022-04-06,S&P 500,^GSPC,105.35716471825145,-0.337222929766412,1.0029577011222182
2022-04-07,S&P 500,^GSPC,105.70943571424154,0.33380110577532207,0.9833937910943743
2022-04-08,S&P 500,^GSPC,104.87523901824073,-0.7922713849502827,0.9656048671236438
2022-04-11,S&P 500,^GSPC,104.66903030541901,-0.19681643411457728,0.9616211938570843
2022-04-12,S&P 500,^GSPC,104.28009658094408,-0.3722764286749225,0.9423277384409662
2022-04-13,S&P 500,^GSPC,102.29409693914155,-1.9228547371290539,0.9266560798003094
2022-04-14,S&P 500,^GSPC,103.4767536034773,1.1495016750497022,1.007518752098601
2022-04-15,S&P 500,^GSPC,103.91042650281723,0.418225978329545,1.0210676703456452
2022-04-18,S&P 500,^GSPC,103.35001395050745,-0.5407823285857205,1.0030468340578238
2022-04-19,S&P 500,^GSPC,103.0036778240776,-0.33567264888736403,0.9880073911022039
2022-04-20,S&P 500,^GSPC,104.54293931415948,1.4833194913348002,0.9692018864934531
2022-04-21,S&P 500,^GSPC,104.68997292996353,0.14054542225698796,1.009559940127131
2022-04-22,S&P 500,^GSPC,103.56394691440187,-1.0814077256319443,0.987713952799025
2022-04-25,S&P 500,^GSPC,103.90506060225646,0.3288336887653287,0.9963307433862081
2022-04-26,S&P 500,^GSPC,104.04860504767903,0.13805428028632605,0.977756478509131
2022-04-27,S&P 500,^GSPC,104.40997306448601,0.34670521315396385,0.9574990041702375
2022-04-28,S&P 500,^GSPC,104.2155311300174,-0.18640289596429938,0.9413720619745766
2022-04-29,S&P 500,^GSPC,104.13864847556225,-0.07379996704663938,0.9230319505583356
2022-05-02,S&P 500,^GSPC,105.3243467051343,1.1321435495101007,0.9049498511241716
2022-05-03,S&P 500,^GSPC,104.76490143976498,-0.5325799322499769,0.9263761065222689
2022-05-04,S&P 500,^GSPC,106.76853026222224,1.894441677290537,0.9155597147772742
2022-05-05,S&P 500,^GSPC,107.8256089086322,0.9851967072311396,0.9996383429232545
2022-05-06,S&P 500,^GSPC,107.13672692565828,-0.6409349233738482,1.0045127336367474
2022-05-09,S&P 500,^GSPC,106.37005767240875,-0.7181716027443663,0.9924146083229133
2022-05-10,S&P 500,^GSPC,106.8733195947949,0.4720079593461435,0.9837579627468487
2022-05-11,S&P 500,^GSPC,106.42626340928616,-0.4191821041820809,0.9691435834265627
2022-05-12,S&P 500,^GSPC,107.94614713950101,1.4180082164081398,0.9529779174147343
2022-05-13,S&P 500,^GSPC,107.911893579409,-0.03173711784416611,0.9900055282574777
2022-05-16,S&P 500,^GSPC,106.51893296462663,-1.2992350322254431,0.9684304171053708
2022-05-17,S&P 500,^GSPC,105.93142963937565,-0.5530749071483321,0.9921680252231595
2022-05-18,S&P 500,^GSPC,107.03793519790827,1.039131159551232,0.978093765803491
2022-05-19,S&P 500,^GSPC,106.58716733524425,-0.4220183174461489,0.9875831329274719
2022-05-20,S&P 500,^GSPC,106.34301273862334,-0.22932841510767688,0.9704712370087539
2022-05-23,S&P 500,^GSPC,108.0136702818387,1.5587956934027147,0.9510647864114048
2022-05-24,S&P 500,^GSPC,108.41376921159882,0.36973073883661556,0.999551178955326
2022-05-25,S&P 500,^GSPC,108.37067251925492,-0.03975995008458355,0.9816205217006182
2022-05-26,S&P 500,^GSPC,109.5124006876203,1.048028744794216,0.9604719911564595
2022-05-27,S&P 500,^GSPC,107.10532238769773,-2.2225119417588424,0.9718919287325718
2022-05-30,S&P 500,^GSPC,107.65699869089114,0.5137563366422349,1.0768265939198252
2022-05-31,S&P 500,^GSPC,107.39824255173858,-0.24064167190287478,1.0581635846216355
2022-06-01,S&P 500,^GSPC,105.83930282675027,-1.462188562686606,1.0344506326843963
2022-06-02,S&P 500,^GSPC,103.9301354775823,-1.8203033590232565,1.0632817019700926
2022-06-03,S&P 500,^GSPC,103.39393559009014,-0.5172588790705923,1.117040672333021
2022-06-06,S&P 500,^GSPC,104.43082027535225,0.9978534891867952,1.0952092896953984
2022-06-07,S&P 500,^GSPC,105.40527649425904,0.9287851222492094,1.093818401083087
2022-06-08,S&P 500,^GSPC,105.54529941160129,0.1327542599068643,1.0892418310003462
2022-06-09,S&P 500,^GSPC,107.41784314153222,1.7586066465061556,1.0634162019082778
2022-06-10,S&P 500,^GSPC,107.45150833185812,0.031335497939100065,1.1156875728334676
2022-06-13,S&P 500,^GSPC,107.13678040845713,-0.2933320834218378,1.0880846513464708
2022-06-14,S&P 500,^GSPC,108.3974727210133,1.1698434673079738,1.063541542024777
2022-06-15,S&P 500,^GSPC,107.5335358308026,-0.8002014217261433,1.0737443547552583
2022-06-16,S&P 500,^GSPC,108.80647064801059,1.176804538644216,1.063152720704462
2022-06-17,S&P 500,^GSPC,107.83699572846068,-0.8950017346275985,1.0737942725486547
2022-06-20,S&P 500,^GSPC,106.45551717967246,-1.2893569341694722,1.0670648992335647
2022-06-21,S&P 500,^GSPC,107.56043709850127,1.0325676323653887,1.0814997147603826
2022-06-22,S&P 500,^GSPC,109.37159503807625,1.6698317955921915,1.0828190593830735
2022-06-23,S&P 500,^GSPC,109.37157322410582,-1.994482445866197e-05,1.125716076236002
2022-06-24,S&P 500,^GSPC,108.45957454510342,-0.8373494948724414,1.0975842975904333
2022-06-27,S&P 500,^GSPC,109.96452034970832,1.3780252773308632,1.0869728234435225
2022-06-28,S&P 500,^GSPC,107.51853291659776,-2.249453955624592,1.1082155380514191
2022-06-29,S&P 500,^GSPC,108.7470225998147,1.1361059268645946,1.1955493472859737
2022-06-30,S&P 500,^GSPC,108.14954371251795,-0.5509357835659756,1.1941003521145825
2022-07-01,S&P 500,^GSPC,108.06447806417748,-0.07868652738665105,1.169099639489198
2022-07-04,S&P 500,^GSPC,109.42851155593154,1.254340545415733,1.1390118636748043
2022-07-05,S&P 500,^GSPC,108.99633907060003,-0.39571783892737855,1.148201985324893
2022-07-06,S&P 500,^GSPC,107.26434414271301,-1.601800137137488,1.1222845316694146
2022-07-07,S&P 500,^GSPC,109.0611634792225,1.6612563904414124,1.1527276583693724
2022-07-08,S&P 500,^GSPC,107.585111460831,-1.3626588859252386,1.1878305820805717
2022-07-11,S&P 500,^GSPC,107.8610343580292,0.25614108528726476,1.1969743143465896
2022-07-12,S&P 500,^GSPC,106.40321432419046,-1.3607893418449812,1.1672792843706852
2022-07-13,S&P 500,^GSPC,106.2955674554221,-0.10122002303774025,1.1779250947846767
2022-07-14,S&P 500,^GSPC,104.6251581079531,-1.5839546039056351,1.1475003426483168
2022-07-15,S&P 500,^GSPC,104.97348922777965,0.3323794737608132,1.1743155482160155
2022-07-18,S&P 500,^GSPC,105.38593756484782,0.3921372784480681,1.1467997054336134
2022-07-19,S&P 500,^GSPC,105.87879881730282,0.4665825021478831,1.1217028665631155
2022-07-20,S&P 500,^GSPC,105.52884001153251,-0.33107519422612697,1.0994768271346236
2022-07-21,S&P 500,^GSPC,105.00403941116633,-0.4985460596843794,1.0749096153550746
2022-07-22,S&P 500,^GSPC,105.38066320415763,0.358033821501369,1.054851157121518
2022-07-25,S&P 500,^GSPC,105.03469222965181,-0.3288460441199348,1.0337673497120943
2022-07-26,S&P 500,^GSPC,104.24281987043823,-0.7567713611400073,1.0124726024056518
2022-07-27,S&P 500,^GSPC,106.54103301060312,2.18072132677376,1.004019026788225
2022-07-28,S&P 500,^GSPC,105.9532603653307,-0.5532140510487338,1.104134176545665
2022-07-29,S&P 500,^GSPC,104.6998667890461,-1.1900211354994639,1.0838750579682859
2022-08-01,S&P 500,^GSPC,104.87252896527188,0.16477572312965094,1.0911072325200268
2022-08-02,S&P 500,^GSPC,104.98397886934528,0.1062153522911835,1.0654620016694258
2022-08-03,S&P 500,^GSPC,105.16161747072078,0.16906244697008077,1.040598375161449
2022-08-04,S&P 500,^GSPC,105.76619593542127,0.5732578464619387,1.0174682597201345
2022-08-05,S&P 500,^GSPC,105.82205577963619,0.05280051709855016,1.003858658222674
2022-08-08,S&P 500,^GSPC,106.89456180276207,1.0083980495708467,0.9817408537669131
2022-08-09,S&P 500,^GSPC,104.24187236715726,-2.5129050185299207,0.9892321854986234
2022-08-10,S&P 500,^GSPC,105.06310845696368,0.784730779836007,1.1237556306079546
2022-08-11,S&P 500,^GSPC,104.59617347750876,-0.4454234004365176,1.1112234315250593
2022-08-12,S&P 500,^GSPC,105.04855095434544,0.43156648009015086,1.0881024717257812
2022-08-15,S&P 500,^GSPC,105.68794262153902,0.6068181342111956,1.0668250704290676
2022-08-16,S&P 500,^GSPC,106.72835527772048,0.9796056013837706,1.0514229025512694
2022-08-17,S&P 500,^GSPC,107.9868905488014,1.1722965263689211,1.0522139032590476
2022-08-18,S&P 500,^GSPC,108.56553982893517,0.5344208387190186,1.0634678739363497
2022-08-19,S&P 500,^GSPC,109.5278647390056,0.8824945049849653,1.0461017818303773
2022-08-22,S&P 500,^GSPC,108.77743846571339,-0.687504351100543,1.0426134912635765
2022-08-23,S&P 500,^GSPC,108.49488632325645,-0.26009046666501945,1.0298117529641986
2022-08-24,S&P 500,^GSPC,108.7616790344927,0.24560164145563945,1.0077426457018674
2022-08-25,S&P 500,^GSPC,110.38193201409779,1.478740353360397,0.9871934721615788
2022-08-26,S&P 500,^GSPC,110.86185054466536,0.43383753229049304,1.0252782758464791
2022-08-29,S&P 500,^GSPC,110.53286950201692,-0.29718981980595416,1.0073956049126003
2022-08-30,S&P 500,^GSPC,109.0862391509531,-1.3174184003093004,0.9869705827467494
2022-08-31,S&P 500,^GSPC,110.54020933003255,1.3240585828743434,1.0102212426799897
2022-09-01,S&P 500,^GSPC,109.82659602898153,-0.6476617876784552,1.0347795194648757
2022-09-02,S&P 500,^GSPC,109.57672143492347,-0.22777659424662033,1.0211186855594068
2022-09-05,S&P 500,^GSPC,109.34466824400192,-0.21199689822086754,0.9991113456841632
2022-09-06,S&P 500,^GSPC,111.31750083717438,1.7881498840940147,0.9780493595348432
2022-09-07,S&P 500,^GSPC,111.39857305339207,0.07280320488982639,1.0432620614699026
2022-09-08,S&P 500,^GSPC,112.58363931042747,1.0581887756091035,1.019289365385168
2022-09-09,S&P 500,^GSPC,111.83454406751143,-0.6675912029639797,1.026610873704308
2022-09-12,S&P 500,^GSPC,112.40350152713174,0.5074595428896878,1.014085064169008
2022-09-13,S&P 500,^GSPC,113.70749895876047,1.1534263133551548,0.998724714946067
2022-09-14,S&P 500,^GSPC,113.51981660272506,-0.16519351843946595,1.0132467616919565
2022-09-15,S&P 500,^GSPC,114.38802585153054,0.7618987037385061,0.991056933375143
2022-09-16,S&P 500,^GSPC,115.7812117623849,1.2105900335477315,0.985965054519912
2022-09-19,S&P 500,^GSPC,116.08659020437511,0.2634075244329459,1.0051762070536854
2022-09-20,S&P 500,^GSPC,115.895741840165,-0.16453701933611953,0.9850221630810139
2022-09-21,S&P 500,^GSPC,114.46109741384545,-1.2456005039146234,0.9642477358962042
2022-09-22,S&P 500,^GSPC,114.21337360381385,-0.21666074558686077,0.9847992000418654
2022-09-23,S&P 500,^GSPC,115.84965291916174,1.422485769467663,0.9645152126050087
2022-09-26,S&P 500,^GSPC,115.98469486557714,0.116498666378817,1.0006738253611356
2022-09-27,S&P 500,^GSPC,115.42715373906907,-0.48186141605723876,0.9790803125765972
2022-09-28,S&P 500,^GSPC,116.27313351639575,0.7302395233645953,0.9638369785047419
2022-09-29,S&P 500,^GSPC,117.27080852821652,0.8543840375704548,0.9592290973541941
2022-09-30,S&P 500,^GSPC,116.18628823418193,-0.9291027008108799,0.960481498524773
2022-10-03,S&P 500,^GSPC,117.46293269039273,1.0927981321369629,0.9631296348299172
2022-10-04,S&P 500,^GSPC,117.02605034728772,-0.3726254794179873,0.9769703593719046
2022-10-05,S&P 500,^GSPC,116.09461035950785,-0.7991097327712637,0.9594217338319737
2022-10-06,S&P 500,^GSPC,114.60344989692443,-1.292755758743347,0.9561439725416477
2022-10-07,S&P 500,^GSPC,114.7777432824566,0.15196836031732275,0.9805894110336821
2022-10-10,S&P 500,^GSPC,113.24331394277817,-1.3458866655839508,0.9603147452371634
2022-10-11,S&P 500,^GSPC,114.37651382270273,0.9957034528959241,0.9880461669711393
2022-10-12,S&P 500,^GSPC,112.74297913142044,-1.4385052016840483,0.9943609767188245
2022-10-13,S&P 500,^GSPC,111.96731397707052,-0.6903717888363303,1.0253918772797768
2022-10-14,S&P 500,^GSPC,111.47081349569893,-0.4444194947210711,1.013715241281926
2022-10-17,S&P 500,^GSPC,112.31395212176376,0.7535299494024983,0.9956815354504807
2022-10-18,S&P 500,^GSPC,112.54673011502561,0.20704204407753224,0.9899385170909344
2022-10-19,S&P 500,^GSPC,112.45841807181797,-0.07849780189834732,0.9697897558387997
2022-10-20,S&P 500,^GSPC,113.16291058050017,0.6244930853303465,0.9493175905614459
2022-10-21,S&P 500,^GSPC,112.17063327073772,-0.880724375818609,0.9415544378279574
2022-10-24,S&P 500,^GSPC,113.20952477738055,0.9219080097407684,0.9432241376538582
2022-10-25,S&P 500,^GSPC,114.25399829262395,0.9183721786324206,0.9490508474089163
2022-10-26,S&P 500,^GSPC,115.1189673515933,0.7542067189040047,0.9542497935324411
2022-10-27,S&P 500,^GSPC,113.41905848348286,-1.48766509470315,0.9512938070042546
2022-10-28,S&P 500,^GSPC,111.76358073696903,-1.4703687443320845,0.9904626626525586
2022-10-31,S&P 500,^GSPC,111.22635222309236,-0.4818419792815831,1.0242268199810873
2022-11-01,S&P 500,^GSPC,111.19577590636722,-0.027493952310297942,1.0064913047951964
2022-11-02,S&P 500,^GSPC,112.61326597709345,1.2667129196371363,0.9840932046573386
2022-11-03,S&P 500,^GSPC,111.92868922038177,-0.6097558713853424,1.0071731169892384
2022-11-04,S&P 500,^GSPC,111.87249241560045,-0.050220294237579566,0.9939220261425946
2022-11-07,S&P 500,^GSPC,111.76634192630071,-0.09493029024572053,0.9721699977703285
2022-11-08,S&P 500,^GSPC,111.01164267826947,-0.6775374473844131,0.9516359073565097
2022-11-09,S&P 500,^GSPC,110.17947550664502,-0.7524453103822104,0.9440461348257564
2022-11-10,S&P 500,^GSPC,109.19395266100555,-0.8984948486329358,0.9398480257963305
2022-11-11,S&P 500,^GSPC,107.02043011569017,-2.010593131846683,0.9425022583510858
2022-11-14,S&P 500,^GSPC,107.75242781480134,0.6816508757259143,1.029839843547707
2022-11-15,S&P 500,^GSPC,107.83884674768206,0.08016923475651083,1.0191552059904068
2022-11-16,S&P 500,^GSPC,107.19131653598733,-0.6022710108472218,0.9964066318937694
2022-11-17,S&P 500,^GSPC,105.99263718061994,-1.1245611753639473,0.9835525953558896
2022-11-18,S&P 500,^GSPC,107.45295535570247,1.3683496044628818,0.9949673211579855
2022-11-21,S&P 500,^GSPC,107.31542608243434,-0.12807219679702442,1.0240714897604661
2022-11-22,S&P 500,^GSPC,107.08402708727083,-0.21585790597136167,1.0010997695066384
2022-11-23,S&P 500,^GSPC,105.67486323297366,-1.324677392741247,0.9799767182857948
2022-11-24,S&P 500,^GSPC,104.99597974598109,-0.6444990937913175,1.0043683221668955
2022-11-25,S&P 500,^GSPC,104.13553453166872,-0.8228793948723556,0.9923960464096937
2022-11-28,S&P 500,^GSPC,105.49996524048375,1.3017356099702226,0.9879225831271943
2022-11-29,S&P 500,^GSPC,104.60489537511579,-0.8520271996956374,1.0130296579504177
2022-11-30,S&P 500,^GSPC,104.23411973135256,-0.3550831085351369,1.008436129984121
2022-12-01,S&P 500,^GSPC,104.94040121249435,0.6753061147678707,0.9888943376178104
2022-12-02,S&P 500,^GSPC,103.89972080267398,-0.9966370579272521,0.9805096522978829
2022-12-05,S&P 500,^GSPC,104.62310774322114,0.6938231631709257,0.9851030353434144
2022-12-06,S&P 500,^GSPC,103.8336144359632,-0.7574685755611377,0.9776612445180138
2022-12-07,S&P 500,^GSPC,104.68824592174609,0.819709041247485,0.9714576863827611
2022-12-08,S&P 500,^GSPC,107.20524280759972,2.3758307011464197,0.9702212718817983
2022-12-09,S&P 500,^GSPC,108.02444189857276,0.7612361166656534,1.0974215798866607
2022-12-12,S&P 500,^GSPC,108.79981611445066,0.7152128901108945,1.0855861943087077
2022-12-13,S&P 500,^GSPC,110.16980224018045,1.2513188012097665,1.0727564561719574
2022-12-14,S&P 500,^GSPC,111.55703189971827,1.2513124680728183,1.0871006957047178
2022-12-15,S&P 500,^GSPC,109.19596586093641,-2.1391837025715787,1.1002621465908433
2022-12-16,S&P 500,^GSPC,108.819280454137,-0.34555911845890463,1.178054533177458
2022-12-19,S&P 500,^GSPC,108.93682083174876,0.10795600062021293,1.1498760734336404
2022-12-20,S&P 500,^GSPC,109.86143597903634,0.8451810035128737,1.1210016080174001
2022-12-21,S&P 500,^GSPC,108.27899930934603,-1.4508675810591676,1.1110342458915434
2022-12-22,S&P 500,^GSPC,107.47406902144603,-0.7461622944414437,1.1320531011026775
2022-12-23,S&P 500,^GSPC,108.39405530362818,0.8523647064597739,1.116038244414309
2022-12-26,S&P 500,^GSPC,109.77256305849767,1.2637369650481567,1.1066786533974593
2022-12-27,S&P 500,^GSPC,109.97250626844826,0.18197747575436907,1.1189999692097983
2022-12-28,S&P 500,^GSPC,107.86398016049621,-1.9359401136317622,1.0921757693349385
2022-12-29,S&P 500,^GSPC,107.39930936410072,-0.43172388487979774,1.1524914595357172
2022-12-30,S&P 500,^GSPC,105.89849611728077,-1.4072700015671735,1.1270212002609112
2023-01-02,S&P 500,^GSPC,106.54985342520713,0.6131931363825949,1.143826235566757
2023-01-03,S&P 500,^GSPC,103.62660621251314,-2.781886932367428,1.124319543570335
2023-01-04,S&P 500,^GSPC,101.9870898296053,-1.5947878601125787,1.2658768428929714
2023-01-05,S&P 500,^GSPC,100.91618869306971,-1.0555877541417402,1.2830743021163626
2023-01-06,S&P 500,^GSPC,100.16909379468335,-0.7430661525239302,1.2700724916487103
2023-01-09,S&P 500,^GSPC,100.37838215465914,0.2087170979955033,1.2463510991096587
2023-01-10,S&P 500,^GSPC,101.09245636590668,0.7088640783993405,1.2138283793957132
2023-01-11,S&P 500,^GSPC,102.83203565631946,1.706142769941188,1.1934556798371243
2023-01-12,S&P 500,^GSPC,103.755067057447,0.8936061653849414,1.2279223893209967
2023-01-13,S&P 500,^GSPC,102.80281327688243,-0.9220277872892702,1.2133923116261585
2023-01-16,S&P 500,^GSPC,102.95954538928231,0.1523428713865016,1.1991025502058537
2023-01-17,S&P 500,^GSPC,103.52750772041807,0.5501204602874843,1.1682496794594461
2023-01-18,S&P 500,^GSPC,103.6186817865057,0.08802872231665759,1.1456707135250939
2023-01-19,S&P 500,^GSPC,104.70839501895234,1.0461656620845083,1.1168805227301195
2023-01-20,S&P 500,^GSPC,103.72937847460754,-0.9393918649443833,1.1163752815473902
2023-01-23,S&P 500,^GSPC,102.93834116868076,-0.7655198115340767,1.108814758878305
2023-01-24,S&P 500,^GSPC,103.39456708628614,0.4422238458878347,1.0948268139533415
2023-01-25,S&P 500,^GSPC,103.83733296110553,0.42731504990607405,1.0734387610292997
2023-01-26,S&P 500,^GSPC,103.51804343527489,-0.3079638287940334,1.0528342070243928
2023-01-27,S&P 500,^GSPC,103.05727386322236,-0.44610396074533654,1.0302524457018603
2023-01-30,S&P 500,^GSPC,102.33269644712479,-0.7055655355770796,1.0113688432500512
2023-01-31,S&P 500,^GSPC,101.7999887062565,-0.5219242080078956,1.001078467850026
2023-02-01,S&P 500,^GSPC,100.31677679619038,-1.467704603203135,0.985638054161822
2023-02-02,S&P 500,^GSPC,100.40708367918899,0.08998121984884477,1.01969384575327
2023-02-03,S&P 500,^GSPC,101.28355493948851,0.8691298550937532,0.9969741019241264
2023-02-06,S&P 500,^GSPC,100.12313911840549,-1.1523238261460733,0.9962476620836
2023-02-07,S&P 500,^GSPC,100.09848898900276,-0.024622843955768303,1.0082542339812628
2023-02-08,S&P 500,^GSPC,100.0893914986872,-0.009088952138025519,0.9857681385474726
2023-02-09,S&P 500,^GSPC,98.47543527741396,-1.6256572641792033,0.964407436990425
2023-02-10,S&P 500,^GSPC,99.53123036847988,1.066433893764085,1.013233389888116
2023-02-13,S&P 500,^GSPC,98.44722616226402,-1.0950838369820026,1.0214854787407657
2023-02-14,S&P 500,^GSPC,97.34119896060474,-1.1298308022725578,1.0282327222748435
2023-02-15,S&P 500,^GSPC,97.63342636633506,0.2997596472462227,1.0363881878076315
2023-02-16,S&P 500,^GSPC,97.30484530057315,-0.33711325552756577,1.0152062006388936
2023-02-17,S&P 500,^GSPC,95.96430082089617,-1.3872529632031672,0.9950027182049531
2023-02-20,S&P 500,^GSPC,95.92150092057321,-0.04460976335334266,1.0223085302779118
2023-02-21,S&P 500,^GSPC,96.83634571651608,0.9492237862683162,0.9991417817469861
2023-02-22,S&P 500,^GSPC,96.67326515859139,-0.16855038444392179,1.0021870116651423
2023-02-23,S&P 500,^GSPC,96.78502561050996,0.1155395965787065,0.9805772293092957
2023-02-24,S&P 500,^GSPC,95.4754147460908,-1.362351107953419,0.9599920484323278
2023-02-27,S&P 500,^GSPC,97.28116296386544,1.8736595825543212,0.988922117614578
2023-02-28,S&P 500,^GSPC,97.76937995821625,0.5006066700710576,1.0606326428952968
2023-03-01,S&P 500,^GSPC,97.14266048536167,-0.6430814959186293,1.0425030810544398
2023-03-02,S&P 500,^GSPC,96.03742616652863,-1.1442653302285777,1.0282470430823476
2023-03-03,S&P 500,^GSPC,96.82821583607823,0.8200466323557087,1.0372180170060865
2023-03-06,S&P 500,^GSPC,99.54076243962979,2.762879531300566,1.0315549404352369
2023-03-07,S&P 500,^GSPC,99.39778822978681,-0.14373708260935203,1.1932997303729171
2023-03-08,S&P 500,^GSPC,100.79374937682255,1.39464813584107,1.1623612140130397
2023-03-09,S&P 500,^GSPC,101.40952696119365,0.6090697432072467,1.1782114988756283
2023-03-10,S&P 500,^GSPC,101.2194534611856,-0.18760747387798204,1.15672598356212
2023-03-13,S&P 500,^GSPC,101.01807955954625,-0.1991459895540615,1.1277754600867969
2023-03-14,S&P 500,^GSPC,100.86955940247182,-0.1471315278445573,1.1002848746299676
2023-03-15,S&P 500,^GSPC,100.07974720311661,-0.7860850875905712,1.0737237920339653
2023-03-16,S&P 500,^GSPC,98.61620519438672,-1.4731739219008944,1.062594675622824
2023-03-17,S&P 500,^GSPC,98.73777224559913,0.12319697648361938,1.0895333369998221
2023-03-20,S&P 500,^GSPC,100.44210492407394,1.7113920346379707,1.0636227113470047
2023-03-21,S&P 500,^GSPC,99.8034573783943,-0.6378665312152698,1.111952163938617
2023-03-22,S&P 500,^GSPC,98.82152410447016,-0.9887389452241102,1.093614364931688
2023-03-23,S&P 500,^GSPC,100.10197593189672,1.287398937053652,1.089779002155279
2023-03-24,S&P 500,^GSPC,99.5936926524887,-0.5090589902654763,1.1049427506403884
2023-03-27,S&P 500,^GSPC,99.38821521371064,-0.20652883874587857,1.0835497518388593
2023-03-28,S&P 500,^GSPC,97.04524219474912,-2.3856263270762845,1.0582478259357204
2023-03-29,S&P 500,^GSPC,96.24816372150255,-0.8247389377116221,1.1668901725259646
2023-03-30,S&P 500,^GSPC,98.41695986859263,2.228325082694127,1.1516401799362814
2023-03-31,S&P 500,^GSPC,97.25556031127927,-1.187098929326691,1.2353030700136611
2023-04-03,S&P 500,^GSPC,97.05854495491492,-0.20278036286125456,1.2314625410847064
2023-04-04,S&P 500,^GSPC,94.56765906039553,-2.599880546349276,1.1991713163545465
2023-04-05,S&P 500,^GSPC,97.27063145974991,2.818156147526363,1.3087965879428802
2023-04-06,S&P 500,^GSPC,96.62949377585366,-0.661309547572575,1.4294277637035027
2023-04-07,S&P 500,^GSPC,97.81229928157622,1.216631545017055,1.3954523443962699
2023-04-10,S&P 500,^GSPC,98.08686957995421,0.28031816548024224,1.384679410534409
2023-04-11,S&P 500,^GSPC,97.27927354250662,-0.826755982012628,1.346694755379889
2023-04-12,S&P 500,^GSPC,95.946033724202,-1.3800065796917949,1.3215241945362526
2023-04-13,S&P 500,^GSPC,96.5369020824437,0.6139455549416972,1.3217265523151616
2023-04-14,S&P 500,^GSPC,97.89718462481608,1.3992451213998613,1.2929566764182756
2023-04-17,S&P 500,^GSPC,97.57538704336271,-0.32925117771211987,1.2987830634981505
2023-04-18,S&P 500,^GSPC,97.4512538300701,-0.1272987418537319,1.2647309492594654
2023-04-19,S&P 500,^GSPC,98.48896214207278,1.0592190163029258,1.230465821858847
2023-04-20,S&P 500,^GSPC,98.43306857536376,-0.056767206803964854,1.2229193324577996
2023-04-21,S&P 500,^GSPC,97.55468714528251,-0.8963695800090044,1.1903247444160707
2023-04-24,S&P 500,^GSPC,99.24913788940206,1.7220118717259147,1.1764041689843494
2023-04-25,S&P 500,^GSPC,97.76883330176575,-1.5027384920573539,1.2137304204138633
2023-04-26,S&P 500,^GSPC,97.99617148920274,0.23225631146273074,1.2293649540403602
2023-04-27,S&P 500,^GSPC,99.02322991354153,1.0426056730195477,1.1978741138214182
2023-04-28,S&P 500,^GSPC,99.86780079475783,0.8492851132332113,1.1916842041031548
2023-05-01,S&P 500,^GSPC,99.23589138287076,-0.634756218422261,1.1775715193495744
2023-05-02,S&P 500,^GSPC,101.39240068525856,2.1498387267227415,1.1555950408003284
2023-05-03,S&P 500,^GSPC,102.10316286505754,0.6985558384783097,1.2313374415622784
2023-05-04,S&P 500,^GSPC,100.20261835260752,-1.878938322817092,1.2096830047779799
2023-05-05,S&P 500,^GSPC,102.3620591646664,2.132180840445397,1.252309214369406
2023-05-08,S&P 500,^GSPC,103.2543221367976,0.8678963876729284,1.3147533182026847
2023-05-09,S&P 500,^GSPC,104.39986331763956,1.1033274375589208,1.2942341445777858
2023-05-10,S&P 500,^GSPC,106.16677222838806,1.6782814415873482,1.2846240303722982
2023-05-11,S&P 500,^GSPC,106.97461076980788,0.75803431352508,1.3087043909979847
2023-05-12,S&P 500,^GSPC,106.64182377874707,-0.31157458552772965,1.2847731901161268
2023-05-15,S&P 500,^GSPC,106.62716824229486,-0.013743710547320376,1.2511414424984757
2023-05-16,S&P 500,^GSPC,105.33492197185335,-1.2193334003707257,1.2172498081293233
2023-05-17,S&P 500,^GSPC,104.87652806119159,-0.43612718257755034,1.2162901558494228
2023-05-18,S&P 500,^GSPC,103.26832394239929,-1.545304729855168,1.187771607084433
2023-05-19,S&P 500,^GSPC,103.9235767552909,0.6325102431491203,1.2083605122816
2023-05-22,S&P 500,^GSPC,101.8913698863145,-1.9748545470452683,1.1859440030706423
2023-05-23,S&P 500,^GSPC,103.8787978848883,1.9317569922908895,1.2388121837144
2023-05-24,S&P 500,^GSPC,105.13575501129009,1.2027605369206107,1.2860847079529152
2023-05-25,S&P 500,^GSPC,103.2661339335576,-1.7942939453775786,1.2818008823981406
2023-05-26,S&P 500,^GSPC,101.99485952658587,-1.2387065275254017,1.311139500020739
2023-05-29,S&P 500,^GSPC,102.69401840419667,0.6831456635572941,1.3047672165381317
2023-05-30,S&P 500,^GSPC,100.94644581071512,-1.7163735134991143,1.278760316047271
2023-05-31,S&P 500,^GSPC,100.11862358403911,-0.8234417910054859,1.302935769374177
2023-06-01,S&P 500,^GSPC,100.88856546893669,0.7660876748904144,1.2800014023544706
2023-06-02,S&P 500,^GSPC,100.13017292987027,-0.754552678380982,1.2578790392145363
2023-06-05,S&P 500,^GSPC,98.83040374434067,-1.306578115128243,1.2351621679483962
2023-06-06,S&P 500,^GSPC,98.8937325892374,0.06405778094329406,1.2375675166347138
2023-06-07,S&P 500,^GSPC,98.37750994969083,-0.5233644916765812,1.2044469484488247
2023-06-08,S&P 500,^GSPC,98.60410537088093,0.2300676850182093,1.178287297244051
2023-06-09,S&P 500,^GSPC,100.16437627307894,1.569970185623859,1.1491592016050012
2023-06-12,S&P 500,^GSPC,100.04267557259905,-0.12157485398036627,1.1779548402225526
2023-06-13,S&P 500,^GSPC,101.95821638501165,1.896623539358533,1.1476120277411441
2023-06-14,S&P 500,^GSPC,103.63276621991868,1.6290470001291801,1.2019195614717706
2023-06-15,S&P 500,^GSPC,103.70612878342816,0.07076585082588238,1.230010620230743
2023-06-16,S&P 500,^GSPC,103.65807666642002,-0.046345624370403016,1.1972583742088276
2023-06-19,S&P 500,^GSPC,103.36727753788561,-0.28093111677698346,1.1658173959451257
2023-06-20,S&P 500,^GSPC,101.91967180913572,-1.410347543579693,1.1373575144505854
2023-06-21,S&P 500,^GSPC,103.17426115278468,1.2234442770377996,1.1534890613321915
2023-06-22,S&P 500,^GSPC,103.50385311237127,0.31894256453286474,1.1597884948683017
2023-06-23,S&P 500,^GSPC,102.94221441491244,-0.5441034453094851,1.1327616709380628
2023-06-26,S&P 500,^GSPC,102.00235763210644,-0.9171878640827025,1.110759570198238
2023-06-27,S&P 500,^GSPC,101.67796759444683,-0.31852886288579185,1.1026018850484407
2023-06-28,S&P 500,^GSPC,102.67053658694807,0.9714549195230404,1.077694706708111
2023-06-29,S&P 500,^GSPC,102.6179199615378,-0.051261164360738576,1.0762328127241396
2023-06-30,S&P 500,^GSPC,102.29264195418837,-0.3174831765916153,1.0504565761171196
2023-07-03,S&P 500,^GSPC,102.18553043155107,-0.10476573727604688,1.028136234925062
2023-07-04,S&P 500,^GSPC,103.68454368102917,1.4562968886224326,1.0048487760219982
2023-07-05,S&P 500,^GSPC,105.39940651608639,1.6403949586521804,1.0394035398298225
2023-07-06,S&P 500,^GSPC,106.3314483741123,0.8804081756145443,1.0846301381166201
2023-07-07,S&P 500,^GSPC,107.3497963568705,0.9531540250933723,1.0784852388030877
2023-07-10,S&P 500,^GSPC,106.47279163000559,-0.8203152464343333,1.0760879897731739
2023-07-11,S&P 500,^GSPC,104.43482304296138,-1.9326300973868449,1.0661349358400527
2023-07-12,S&P 500,^GSPC,104.90721694641663,0.4513137497895947,1.1293106540973392
2023-07-13,S&P 500,^GSPC,105.57991979460665,0.6391888349532415,1.1063408684996172
2023-07-14,S&P 500,^GSPC,105.58980973625793,0.009366817564693264,1.0897186123101605
2023-07-17,S&P 500,^GSPC,106.3882139174726,0.7532931413425814,1.063301298092708
2023-07-18,S&P 500,^GSPC,106.95979322922138,0.5358200312350903,1.0532507653216154
2023-07-19,S&P 500,^GSPC,107.90756999787212,0.8822027704773916,1.0364913025417237
2023-07-20,S&P 500,^GSPC,107.99174540430658,0.07797654248493657,1.0336422757986512
2023-07-21,S&P 500,^GSPC,107.98902034099156,-0.002523431478529403,1.0101672922758693
2023-07-24,S&P 500,^GSPC,106.51261877427496,-1.3766094172819265,0.987596518255874
2023-07-25,S&P 500,^GSPC,106.92718086758319,0.3884585867450774,1.0148630967316081
2023-07-26,S&P 500,^GSPC,105.0192091403926,-1.8004772521938328,0.9965098656166843
2023-07-27,S&P 500,^GSPC,102.61267770974689,-2.3181788093791234,1.0565241362591171
2023-07-28,S&P 500,^GSPC,101.05479173070535,-1.529862739701482,1.1583225383294824
2023-07-31,S&P 500,^GSPC,102.86862006263988,1.7789778543410684,1.180453421662977
2023-08-01,S&P 500,^GSPC,101.89671076592661,-0.9492980003388496,1.221734416813513
2023-08-02,S&P 500,^GSPC,101.00600231316174,-0.8779716750085598,1.2080336124608173
2023-08-03,S&P 500,^GSPC,103.02037430112266,1.9746833498207828,1.1923588684464754
2023-08-04,S&P 500,^GSPC,102.94234779170088,-0.07576760722685094,1.248194586985086
2023-08-07,S&P 500,^GSPC,102.33330452648728,-0.5933923925637075,1.214496064068289
2023-08-08,S&P 500,^GSPC,101.49620289162856,-0.8213789571544616,1.1894960604206088
2023-08-09,S&P 500,^GSPC,102.49805444661679,0.9822429542325928,1.172813572524595
2023-08-10,S&P 500,^GSPC,101.67358455654995,-0.8076286946821831,1.1654753134931537
2023-08-11,S&P 500,^GSPC,100.91900927557751,-0.7449223646695202,1.1496864757071694
2023-08-14,S&P 500,^GSPC,100.29627021175361,-0.618979884321913,1.1326232095331359
2023-08-15,S&P 500,^GSPC,100.09479767379634,-0.20107942730938078,1.1126108012839901
2023-08-16,S&P 500,^GSPC,99.30844983201982,-0.7887052270990402,1.0858599666110798
2023-08-17,S&P 500,^GSPC,100.62003283667697,1.3120709997675561,1.0740918706283598
2023-08-18,S&P 500,^GSPC,100.58599653180178,-0.033832291514013235,1.0921476816228601
2023-08-21,S&P 500,^GSPC,99.1928752752614,-1.3946858601864953,1.0655935765976678
2023-08-22,S&P 500,^GSPC,98.55123633051778,-0.6489611158782438,1.0869011135664297
2023-08-23,S&P 500,^GSPC,98.69226518553491,0.1429997723276344,1.0702948097268714
2023-08-24,S&P 500,^GSPC,99.76274077917577,1.078819826904276,1.0454684975818318
2023-08-25,S&P 500,^GSPC,100.14164678790853,0.3790876899778972,1.0519158613396247
2023-08-28,S&P 500,^GSPC,99.00959906495889,-1.1368845936511995,1.0314038565943167
2023-08-29,S&P 500,^GSPC,99.5262033002925,0.5204153559413172,1.0397088850904292
2023-08-30,S&P 500,^GSPC,99.54263977774926,0.016513360142145217,1.023271632779358
2023-08-31,S&P 500,^GSPC,99.99089133010395,0.4493002293292747,1.0000834671672514
2023-09-01,S&P 500,^GSPC,99.80202661334239,-0.189060528232865,0.9839622714139543
2023-09-04,S&P 500,^GSPC,99.7515036495845,-0.05063600205001961,0.9634487825242906
2023-09-05,S&P 500,^GSPC,100.63420066115789,0.8810036863074799,0.9432327769897927
2023-09-06,S&P 500,^GSPC,99.76682130385568,-0.8656490522858995,0.9469622941190837
2023-09-07,S&P 500,^GSPC,100.12068316141567,0.35406137884672617,0.947529469125807
2023-09-08,S&P 500,^GSPC,100.11150676456538,-0.009165755875883974,0.932105705732229
2023-09-11,S&P 500,^GSPC,98.9338616634973,-1.1833069532263707,0.9134794774152702
2023-09-12,S&P 500,^GSPC,100.19761803194405,1.26928533565982,0.9345744033783231
2023-09-13,S&P 500,^GSPC,98.54112685029028,-1.6670423720855254,0.9625270238011747
2023-09-14,S&P 500,^GSPC,97.85001130353778,-0.7038183149944643,1.0150604221728152
2023-09-15,S&P 500,^GSPC,97.13234079154498,-0.736142266406592,1.004482010997821
2023-09-18,S&P 500,^GSPC,97.4904096273091,0.3679623671985155,0.9957436737560984
2023-09-19,S&P 500,^GSPC,96.29850633332781,-1.2301202242588793,0.9779808093829816
2023-09-20,S&P 500,^GSPC,97.11814967091918,0.8475467015186311,0.9963106952362246
2023-09-21,S&P 500,^GSPC,97.36459140613897,0.2534331486274688,0.9946260967243764
2023-09-22,S&P 500,^GSPC,98.14215923436102,0.7954425364684603,0.9748685480897253
2023-09-25,S&P 500,^GSPC,96.8382225920744,-1.337525415897023,0.972306438892357
2023-09-26,S&P 500,^GSPC,95.05286149452307,-1.8608604202170476,0.9983036295310098
2023-09-27,S&P 500,^GSPC,95.28761001477586,0.2466618238495144,1.0635126239826003
2023-09-28,S&P 500,^GSPC,93.30651186846207,-2.100989150619892,1.0401551293300972
2023-09-29,S&P 500,^GSPC,93.9041500382945,0.6384681234803402,1.122420854708538
2023-10-02,S&P 500,^GSPC,93.35535648711702,-0.5861332570182398,1.1048708488681465
2023-10-03,S&P 500,^GSPC,93.63852199453407,0.3028609558348272,1.0854464260452832
2023-10-04,S&P 500,^GSPC,91.94422294549904,-1.825973772659406,1.0618279209326893
2023-10-05,S&P 500,^GSPC,90.75604710658035,-1.3007015151906387,1.1162363350037934
2023-10-06,S&P 500,^GSPC,90.56529300189636,-0.2104045502226093,1.127351865526266
2023-10-09,S&P 500,^GSPC,89.27675031787076,-1.43299610048091,1.0999797753266105
2023-10-10,S&P 500,^GSPC,89.74101313821686,0.5186790988933154,1.1207862697426147
2023-10-11,S&P 500,^GSPC,89.1125223427532,-0.7028023021155683,1.0998913303712063
2023-10-12,S&P 500,^GSPC,88.36240692809315,-0.8453248968882221,1.0842656259628285
2023-10-13,S&P 500,^GSPC,88.63468771964959,0.3076672042333861,1.074799448646404
2023-10-16,S&P 500,^GSPC,88.09422300481172,-0.6116332607931874,1.0517942543395367
2023-10-17,S&P 500,^GSPC,88.81080158646706,0.810132445340539,1.0360362572736006
2023-10-18,S&P 500,^GSPC,88.89443927817238,0.09413081738509632,1.0300269301201026
2023-10-19,S&P 500,^GSPC,88.5856132810855,-0.3480124152805075,1.006821122191371
2023-10-20,S&P 500,^GSPC,89.53039913720262,1.0608756666398378,0.9872398473293653
2023-10-23,S&P 500,^GSPC,90.20485532796131,0.7505031314187782,0.9972346229631098
2023-10-24,S&P 500,^GSPC,90.82713084253616,0.687478471184022,0.991265817704437
2023-10-25,S&P 500,^GSPC,91.3045940831231,0.5243066078244318,0.9831906867756528
2023-10-26,S&P 500,^GSPC,90.56684828911295,-0.8112871716833503,0.9700852878048086
2023-10-27,S&P 500,^GSPC,92.08668281454635,1.6642104796163792,0.9666097795250324
2023-10-30,S&P 500,^GSPC,91.95993292036461,-0.13773675078363468,1.022215138569263
2023-10-31,S&P 500,^GSPC,93.23863991642398,1.3809256699132355,0.9993915722590956
2023-11-01,S&P 500,^GSPC,92.7868418639975,-0.4857387669908064,1.0289655106159352
2023-11-02,S&P 500,^GSPC,91.56852660271856,-1.321722288306848,1.0110663554845907
2023-11-03,S&P 500,^GSPC,91.4171408781054,-0.1654618760425386,1.03241115606365
2023-11-06,S&P 500,^GSPC,91.44199582179951,0.027184798414481293,1.0092711261406853
2023-11-07,S&P 500,^GSPC,90.72320379353938,-0.7891691280576651,0.9867992968071501
2023-11-08,S&P 500,^GSPC,90.30655090410139,-0.4603150745449369,0.9812833861983685
2023-11-09,S&P 500,^GSPC,90.74484285873645,0.48416397323407523,0.9653896318189472
2023-11-10,S&P 500,^GSPC,89.7168586506019,-1.1392947299185607,0.9521603617363038
2023-11-13,S&P 500,^GSPC,90.75607711750393,1.1516740156911176,0.9670641423094559
2023-11-14,S&P 500,^GSPC,92.14750562020525,1.5215178674337082,0.9841836470158224
2023-11-15,S&P 500,^GSPC,91.10801690266571,-1.1344813538349818,1.025930602510547
2023-11-16,S&P 500,^GSPC,91.3845479115929,0.303060259862864,1.0345285281521552
2023-11-17,S&P 500,^GSPC,92.78370576375823,1.5194635813516655,1.0134975299941993
2023-11-20,S&P 500,^GSPC,93.23230169695287,0.48232064430431265,1.0519587115598787
2023-11-21,S&P 500,^GSPC,93.67781988047656,0.4767200657814996,1.0338260951443028
2023-11-22,S&P 500,^GSPC,93.77718844973697,0.10601859022383309,1.0165410351723823
2023-11-23,S&P 500,^GSPC,93.4605163426302,-0.3382570934620688,0.9940796596986323
2023-11-24,S&P 500,^GSPC,94.70801610600955,1.3259581978773305,0.9749985683101704
2023-11-27,S&P 500,^GSPC,96.12017492405805,1.4800586737012011,1.003025424764548
2023-11-28,S&P 500,^GSPC,96.21580416960165,0.09943979683297854,1.0395594092854692
2023-11-29,S&P 500,^GSPC,95.03083590730634,-1.2392201254680657,1.0159172223662245
2023-11-30,S&P 500,^GSPC,97.18591701307537,2.242438684149395,1.031545492232537
2023-12-01,S&P 500,^GSPC,96.56360226811043,-0.6423932171350621,1.1338808454291496
2023-12-04,S&P 500,^GSPC,97.31496192796085,0.775086636848954,1.1144733411610164
2023-12-05,S&P 500,^GSPC,98.20802019159038,0.9135135567880148,1.1021331798416236
2023-12-06,S&P 500,^GSPC,98.2164625799996,0.008596065312538315,1.0963116170826936
2023-12-07,S&P 500,^GSPC,99.27471992258707,1.0717111094612264,1.0695793664253868
2023-12-08,S&P 500,^GSPC,99.94269421038993,0.6706008046254652,1.0738221905447025
2023-12-11,S&P 500,^GSPC,101.23892643683101,1.2886367648792252,1.0601150190358724
2023-12-12,S&P 500,^GSPC,100.02026260946417,-1.2110539923511077,1.0778712502943708
2023-12-13,S&P 500,^GSPC,98.94020546796968,-1.085710906679349,1.086766958131062
2023-12-14,S&P 500,^GSPC,99.71018208073804,0.7752116452068414,1.0881645829473796
2023-12-15,S&P 500,^GSPC,100.37000289806979,0.6595587757459498,1.07743164566138
2023-12-18,S&P 500,^GSPC,101.23383891421757,0.8569690885090964,1.0631373174746412
2023-12-19,S&P 500,^GSPC,98.49778963004924,-2.739896996247726,1.0573729462021886
2023-12-20,S&P 500,^GSPC,99.42167470839371,0.9336037686150434,1.206076112028567
2023-12-21,S&P 500,^GSPC,101.12377151972962,1.6975081860357122,1.1945069983926573
2023-12-22,S&P 500,^GSPC,99.33850492698451,-1.7811967663297956,1.2282345146096978
2023-12-25,S&P 500,^GSPC,99.17160190721592,-0.16815572945754198,1.2616307032202612
2023-12-26,S&P 500,^GSPC,99.9083859412842,0.7401923276838751,1.2277246776591944
2023-12-27,S&P 500,^GSPC,97.72901227897583,-2.205515781874734,1.2076116824114367
2023-12-28,S&P 500,^GSPC,97.4932752266493,-0.24150640781570587,1.2779054043637774
2023-12-29,S&P 500,^GSPC,97.11692112032058,-0.3867778590970872,1.24383452953474
2024-01-01,S&P 500,^GSPC,99.36065138030882,2.2840548923847237,1.2131564059631046
2024-01-02,S&P 500,^GSPC,97.62394788161181,-1.7633342962835918,1.2940306818642444
2024-01-03,S&P 500,^GSPC,97.92989633376753,0.31290481965235983,1.3200899449421761
2024-01-04,S&P 500,^GSPC,99.8355142637723,1.9272095205373319,1.285433457191695
2024-01-05,S&P 500,^GSPC,99.37789380294946,-0.45942817824968785,1.3275684768321703
2024-01-08,S&P 500,^GSPC,99.61964307238196,0.24296721673557897,1.2941773617613948
2024-01-09,S&P 500,^GSPC,102.0419531041051,2.4024668916235115,1.2598337647375697
2024-01-10,S&P 500,^GSPC,103.4840743783908,1.4033696462134593,1.3458280295955658
2024-01-11,S&P 500,^GSPC,103.68008566121748,0.18923286854324317,1.3479989710971962
2024-01-12,S&P 500,^GSPC,102.46089544788303,-1.1828840851046962,1.3107173637864167
2024-01-15,S&P 500,^GSPC,102.55879882693986,0.09550632376553736,1.301693929299368
2024-01-16,S&P 500,^GSPC,104.40353814817955,1.7827283984545694,1.2658371471852854
2024-01-17,S&P 500,^GSPC,104.68913987990443,0.2731821238650234,1.2990162156850475
2024-01-18,S&P 500,^GSPC,106.80319654184301,1.9992469824106962,1.2648052385596327
2024-01-19,S&P 500,^GSPC,107.5611203360345,0.7071391018172335,1.314762916715199
2024-01-22,S&P 500,^GSPC,106.50557199514921,-0.9861944279280443,1.2889415823373207
2024-01-23,S&P 500,^GSPC,105.99349776476814,-0.48195525953875773,1.272719373938935
2024-01-24,S&P 500,^GSPC,107.3686356951898,1.2890356402919245,1.2423464753586297
2024-01-25,S&P 500,^GSPC,106.78213518151536,-0.5477467838696626,1.2456962126913842
2024-01-26,S&P 500,^GSPC,105.36790155288536,-1.3332588573692128,1.218029072856858
2024-01-29,S&P 500,^GSPC,107.44433250504774,1.9514825902102295,1.223175981554762
2024-01-30,S&P 500,^GSPC,105.70648181177873,-1.63066625627728,1.2737020788518973
2024-01-31,S&P 500,^GSPC,104.30664569273156,-1.333113664940555,1.2925754790761024
2024-02-01,S&P 500,^GSPC,104.26547814603914,-0.039475598626825814,1.2923063038782685
2024-02-02,S&P 500,^GSPC,104.2719591122931,0.006215638152351488,1.2565838059972212
2024-02-05,S&P 500,^GSPC,106.51734176142631,2.130532786969752,1.2224639346750166
2024-02-06,S&P 500,^GSPC,103.51899729656888,-2.855266071264584,1.2882421408385376
2024-02-07,S&P 500,^GSPC,104.27708682452435,0.7296507963450161,1.4112162411073907
2024-02-08,S&P 500,^GSPC,106.64298845652442,2.2435046678675796,1.3811057941471667
2024-02-09,S&P 500,^GSPC,106.83437596940722,0.17930478453651588,1.438625323492079
2024-02-12,S&P 500,^GSPC,107.04123769092355,0.1934412086367132,1.3972973591130158
2024-02-13,S&P 500,^GSPC,109.26921873915121,2.0600574541545846,1.3578802073335363
2024-02-14,S&P 500,^GSPC,110.80369253557177,1.3945366154264782,1.4030562758193823
2024-02-15,S&P 500,^GSPC,111.72370990317091,0.826884778776904,1.4007016418456713
2024-02-16,S&P 500,^GSPC,112.59782716077827,0.7793470866881869,1.37410607717846
2024-02-19,S&P 500,^GSPC,111.13714620458907,-1.305742850630054,1.3473911638820995
2024-02-20,S&P 500,^GSPC,113.24361616620484,1.8776403341444592,1.3419363954839707
2024-02-21,S&P 500,^GSPC,114.12961993731273,0.779342609321354,1.3749006772779668
2024-02-22,S&P 500,^GSPC,115.20512033913053,0.9379375188112604,1.3481440572285002
2024-02-23,S&P 500,^GSPC,118.51535362702748,2.8328323992660387,1.3283392234922191
2024-02-26,S&P 500,^GSPC,119.69046689805573,0.9866449117130749,1.4476020813561015
2024-02-27,S&P 500,^GSPC,118.56091133627925,-0.9482119544370171,1.4240499578957797
2024-02-28,S&P 500,^GSPC,119.06958609771814,0.4281231103644423,1.3988044621803601
2024-02-29,S&P 500,^GSPC,119.2899025941643,0.18486074156038867,1.362341758365178
2024-03-01,S&P 500,^GSPC,120.31807006169966,0.8582133280182092,1.3243894774039313
2024-03-04,S&P 500,^GSPC,117.63386535955765,-2.256185527372434,1.3029858847918452
2024-03-05,S&P 500,^GSPC,117.66285547183055,0.024641322936602705,1.3665009014288962
2024-03-06,S&P 500,^GSPC,116.54871093293082,-0.95140727687264,1.327559924025402
2024-03-07,S&P 500,^GSPC,116.52187871589983,-0.023024970409135648,1.3077637164872644
2024-03-08,S&P 500,^GSPC,115.46358681796993,-0.9123840900090663,1.2713513047861125
2024-03-11,S&P 500,^GSPC,113.69822062626183,-1.5407463700923607,1.2533011072046238
2024-03-12,S&P 500,^GSPC,114.55841457499294,0.7537112952989311,1.2680896530826065
2024-03-13,S&P 500,^GSPC,116.57071870059144,1.7413252450021233,1.2462087857689352
2024-03-14,S&P 500,^GSPC,116.95113953201508,0.325812042459539,1.2782219788345235
2024-03-15,S&P 500,^GSPC,117.00758090649148,0.04824900346998007,1.2456777218259083
2024-03-18,S&P 500,^GSPC,117.36450098265765,0.3045758259324849,1.2121374088606223
2024-03-19,S&P 500,^GSPC,119.62971328678391,1.9116764482806303,1.1823822410292266
2024-03-20,S&P 500,^GSPC,118.62879277553526,-0.8402020276446542,1.2340764332811602
2024-03-21,S&P 500,^GSPC,117.22874338739963,-1.1872131417376863,1.2155219086612086
2024-03-22,S&P 500,^GSPC,117.20671195894477,-0.018795304223218068,1.2130389781979938
2024-03-25,S&P 500,^GSPC,116.32818688267123,-0.7523751052517902,1.1808662056191148
2024-03-26,S&P 500,^GSPC,116.85574443651656,0.45248268263096136,1.1622952743917063
2024-03-27,S&P 500,^GSPC,116.71138845032509,-0.12360986136012997,1.1376680997750597
2024-03-28,S&P 500,^GSPC,116.2325916725716,-0.4110837736744699,1.1092095004379807
2024-03-29,S&P 500,^GSPC,114.12554331176396,-1.829418462437804,1.0855155844893178
2024-04-01,S&P 500,^GSPC,115.34772323618401,1.0652146974103438,1.1374994743427895
2024-04-02,S&P 500,^GSPC,114.91763931213819,-0.373555466106712,1.1365071926259374
2024-04-03,S&P 500,^GSPC,114.91858897965945,0.000826386273633517,1.110787222054942
2024-04-04,S&P 500,^GSPC,114.66766415628504,-0.21858880473812903,1.0833590972941127
2024-04-05,S&P 500,^GSPC,115.15035349093203,0.4200628387225791,1.0581806164229453
2024-04-08,S&P 500,^GSPC,114.79772402984163,-0.30670379271375836,1.038217739506022
2024-04-09,S&P 500,^GSPC,117.30993884963894,2.164782408107069,1.0163565980858216
2024-04-10,S&P 500,^GSPC,117.06680888766337,-0.2074694282027778,1.1129215308840967
2024-04-11,S&P 500,^GSPC,116.78719559418597,-0.23913503413854897,1.0862122061464865
2024-04-12,S&P 500,^GSPC,115.30197590213629,-1.2798873442038783,1.0611056878929743
2024-04-15,S&P 500,^GSPC,115.13520426008532,-0.14474371804951147,1.0754527705847945
2024-04-16,S&P 500,^GSPC,114.78425888921251,-0.30527702058442685,1.0500694060954088
2024-04-17,S&P 500,^GSPC,113.16874661798364,-1.4174319092093768,1.0275878946318666
2024-04-18,S&P 500,^GSPC,114.35294839280074,1.0409666367838355,1.0539172098641403
2024-04-19,S&P 500,^GSPC,113.83225384448224,-0.4563796836741574,1.0576859936050778
2024-04-22,S&P 500,^GSPC,113.98199675612987,0.1314605498279775,1.0375732370954156
2024-04-23,S&P 500,^GSPC,113.68849708108701,-0.257828612468991,1.0142571820067905
2024-04-24,S&P 500,^GSPC,114.51568511207097,0.7249574883878118,0.9929469132727657
2024-04-25,S&P 500,^GSPC,113.36640297958476,-1.0086724114940715,0.9862230268824941
2024-04-26,S&P 500,^GSPC,111.72139637816115,-1.4616837467428034,0.9910153648485681
2024-04-29,S&P 500,^GSPC,110.66000323903052,-0.9545773168217586,1.0240794702844982
2024-04-30,S&P 500,^GSPC,110.40534111924613,-0.23039543640228644,1.0234104723996462
2024-05-01,S&P 500,^GSPC,110.40972220116821,0.003968100596729585,1.0013164594398947
2024-05-02,S&P 500,^GSPC,110.47133830919324,0.0557912113251291,0.9791928697575819
2024-05-03,S&P 500,^GSPC,110.22808079267475,-0.2204424606256694,0.958324587902927
2024-05-06,S&P 500,^GSPC,109.8196940878591,-0.37118046198472143,0.9394486063773736
2024-05-07,S&P 500,^GSPC,109.75384464876745,-0.059979395918663414,0.9239137297584534
2024-05-08,S&P 500,^GSPC,110.87097542638014,1.0127059364505975,0.9057496956074361
2024-05-09,S&P 500,^GSPC,111.12433345316974,0.22825539698931863,0.9196537245236508
2024-05-10,S&P 500,^GSPC,110.82055394533378,-0.2737433613320128,0.9034971730236895
2024-05-13,S&P 500,^GSPC,109.87075404371906,-0.8607550288036947,0.8882387786907913
2024-05-14,S&P 500,^GSPC,109.44949540452282,-0.384149806780254,0.8928794334163511
2024-05-15,S&P 500,^GSPC,109.03485759261883,-0.3795588141718653,0.8802320465908964
2024-05-16,S&P 500,^GSPC,108.90022948858756,-0.12354882635872144,0.8682142179338168
2024-05-17,S&P 500,^GSPC,110.25444528686532,1.2358696306480788,0.8532816206885505
2024-05-20,S&P 500,^GSPC,110.14426154199566,-0.0999858444129309,0.8870843699762122
2024-05-21,S&P 500,^GSPC,111.73309516238862,1.4321973203747618,0.871003293318899
2024-05-22,S&P 500,^GSPC,110.40335163778441,-1.1972455915941538,0.9183296203007492
2024-05-23,S&P 500,^GSPC,110.04299965919624,-0.32692970188037407,0.939892854197527
2024-05-24,S&P 500,^GSPC,107.58793383160696,-2.2562693073102658,0.9235096975046709
2024-05-27,S&P 500,^GSPC,106.98817707444366,-0.5590168602607193,1.040295663456209
2024-05-28,S&P 500,^GSPC,106.39038645064214,-0.5603113807581828,1.0236692762913284
2024-05-29,S&P 500,^GSPC,108.59228104277048,2.0485108101541805,1.0080096410468797
2024-05-30,S&P 500,^GSPC,108.21162858939158,-0.3511494282218308,1.0940057686488163
2024-05-31,S&P 500,^GSPC,109.43967151573995,1.1284618631522747,1.0700246656417922
2024-06-03,S&P 500,^GSPC,110.2717483626128,0.7574306564117173,1.0773488647724574
2024-06-04,S&P 500,^GSPC,110.29655278311196,0.022491373850996865,1.0665923347403468
2024-06-05,S&P 500,^GSPC,111.34096558579935,0.9424582453343433,1.0413081337677912
2024-06-06,S&P 500,^GSPC,110.40342219872477,-0.8456123585375508,1.040980918267393
2024-06-07,S&P 500,^GSPC,109.22754775283403,-1.070783124418817,1.0342804147790816
2024-06-10,S&P 500,^GSPC,109.56232420920308,0.3060257905330488,1.0387457060392264
2024-06-11,S&P 500,^GSPC,109.77908092864712,0.19764329481466447,1.0175480281831093
2024-06-12,S&P 500,^GSPC,111.08563658262487,1.183141345427785,0.9958789135650249
2024-06-13,S&P 500,^GSPC,110.48196283544951,-0.5449129227386607,1.0124802694358612
2024-06-14,S&P 500,^GSPC,109.91278153531235,-0.51651192243094,0.9970221509478587
2024-06-17,S&P 500,^GSPC,111.59536797886105,1.5192387368782256,0.9816657975459189
2024-06-18,S&P 500,^GSPC,112.442676052696,0.7564002063367603,1.023505811260868
2024-06-19,S&P 500,^GSPC,114.10162623429352,1.4645963893746838,1.0160810737660746
2024-06-20,S&P 500,^GSPC,114.43030363924682,0.28764263422926817,1.050118189471657
2024-06-21,S&P 500,^GSPC,115.27092137616393,0.7319259961498403,1.028037945153371
2024-06-24,S&P 500,^GSPC,114.25127136731625,-0.8885038127076861,1.0193564171312688
2024-06-25,S&P 500,^GSPC,114.61556341570609,0.3183443825657939,1.0159465788033242
2024-06-26,S&P 500,^GSPC,114.02083742054103,-0.5202385397381271,0.9961456653573415
2024-06-27,S&P 500,^GSPC,114.77758211885045,0.6614971023754634,0.9809377843635899
2024-06-28,S&P 500,^GSPC,115.70182911830751,0.802025611573498,0.9725387242597932
2024-07-01,S&P 500,^GSPC,117.3448637052054,1.41007090949401,0.9704289062716861
2024-07-02,S&P 500,^GSPC,115.08171950545628,-1.9474671917841135,1.0050384424798806
2024-07-03,S&P 500,^GSPC,113.59410306008515,-1.3010885141415685,1.0773799412239553
2024-07-04,S&P 500,^GSPC,113.90658563651066,0.27470929844541914,1.091681417432207
2024-07-05,S&P 500,^GSPC,112.47816968043057,-1.2619532711998893,1.0673198390663337
2024-07-08,S&P 500,^GSPC,111.65283502011422,-0.7364785536324803,1.0800614699688393
2024-07-09,S&P 500,^GSPC,111.83990485313369,0.1674057750723712,1.06673970632929
2024-07-10,S&P 500,^GSPC,111.21880009544422,-0.556899461118654,1.0423050647383558
2024-07-11,S&P 500,^GSPC,109.1643541841629,-1.8644849996018564,1.025508719017107
2024-07-12,S&P 500,^GSPC,108.57926289698929,-0.5374143253471964,1.0876230808767449
2024-07-15,S&P 500,^GSPC,108.5650925260333,-0.013051567422550647,1.0678423024160921
2024-07-16,S&P 500,^GSPC,106.60278843876749,-1.8240254857497362,1.0424497493620286
2024-07-17,S&P 500,^GSPC,105.75259569246012,-0.8007306171473161,1.0989639157851172
2024-07-18,S&P 500,^GSPC,107.23690052830625,1.3938047571937062,1.086855710063513
2024-07-19,S&P 500,^GSPC,106.4548368184447,-0.7319582977252104,1.109163159396163
2024-07-22,S&P 500,^GSPC,106.96207032150483,0.4753460866359305,1.0939825689082237
2024-07-23,S&P 500,^GSPC,107.26820485999451,0.28579970464930327,1.0734196019644433
2024-07-24,S&P 500,^GSPC,106.10552741941342,-1.0898145106200907,1.050134747095381
2024-07-25,S&P 500,^GSPC,106.7725673863333,0.6266893271804186,1.0544291082230626
2024-07-26,S&P 500,^GSPC,105.35229415464893,-1.3391117336826852,1.0403803041403805
2024-07-29,S&P 500,^GSPC,104.61708735740373,-0.7003019170061187,1.0602586037374673
2024-07-30,S&P 500,^GSPC,106.02904268223539,1.3406146806004493,1.0468511065788302
2024-07-31,S&P 500,^GSPC,106.9938329955315,0.9058153092547094,1.0691809017772604
2024-08-01,S&P 500,^GSPC,107.95290951737601,0.8923911806164142,1.0652025397662797
2024-08-02,S&P 500,^GSPC,107.24606979001283,-0.6569197229192802,1.0608791603851129
2024-08-05,S&P 500,^GSPC,108.1190758775078,0.8107262356753075,1.0460036833916506
2024-08-06,S&P 500,^GSPC,108.40412089497764,0.2632929740437717,1.039370929468373
2024-08-07,S&P 500,^GSPC,109.07546737537261,0.6173899980328024,1.0174634919684127
2024-08-08,S&P 500,^GSPC,109.63064599048799,0.5076948230360756,1.0052812411403225
2024-08-09,S&P 500,^GSPC,108.50681033352916,-1.030401306834161,0.9904260413214814
2024-08-12,S&P 500,^GSPC,107.52710025280474,-0.907002788969713,0.9960482058455727
2024-08-13,S&P 500,^GSPC,108.18503560029538,0.6100142536075381,0.9950877681348472
2024-08-14,S&P 500,^GSPC,109.4005203132405,1.1172592331077702,0.9839971782959479
2024-08-15,S&P 500,^GSPC,109.60145790177434,0.18350304098344594,0.9975617375618321
2024-08-16,S&P 500,^GSPC,109.0623343901801,-0.49310825387944845,0.9767461363631526
2024-08-19,S&P 500,^GSPC,108.95782428614189,-0.09587197136049497,0.9619200389899133
2024-08-20,S&P 500,^GSPC,110.34259286182242,1.2629132209998062,0.9419109798618793
2024-08-21,S&P 500,^GSPC,111.05532281499978,0.6438474482649781,0.9687040707365252
2024-08-22,S&P 500,^GSPC,111.90354354685216,0.7608801012669808,0.960424078258757
2024-08-23,S&P 500,^GSPC,111.88180928025857,-0.01942420840981285,0.9573362955445609
2024-08-26,S&P 500,^GSPC,111.81565188120604,-0.05914899582482036,0.9374089298711216
2024-08-27,S&P 500,^GSPC,110.77365656375567,-0.9362560459717173,0.9185429328668631
2024-08-28,S&P 500,^GSPC,110.42769224908982,-0.312805142119732,0.9247028914868546
2024-08-29,S&P 500,^GSPC,109.87160449775803,-0.5048485770374533,0.9089049637641765
2024-08-30,S&P 500,^GSPC,109.12036995713457,-0.6860867749176158,0.89833429954385
2024-09-02,S&P 500,^GSPC,109.50369065090402,0.35066688039950833,0.8945312068166698
2024-09-03,S&P 500,^GSPC,109.49150384073387,-0.011129751235827712,0.882024853522007
2024-09-04,S&P 500,^GSPC,111.47736233346295,1.7974586137006199,0.8660349298703819
2024-09-05,S&P 500,^GSPC,110.8882183787105,-0.5298889615694691,0.9477461444785829
2024-09-06,S&P 500,^GSPC,110.26037711031623,-0.567801892478581,0.9355865290852831
2024-09-09,S&P 500,^GSPC,109.9495921143844,-0.2822626090607905,0.9252799000862418
2024-09-10,S&P 500,^GSPC,110.3701606691051,0.3817806258815004,0.9089637334627142
2024-09-11,S&P 500,^GSPC,109.85937514229927,-0.463867338063384,0.8963407696126048
2024-09-12,S&P 500,^GSPC,108.09322156634084,-1.6207122669904983,0.8854007262567813
2024-09-13,S&P 500,^GSPC,107.7877197316243,-0.28302826253669977,0.9433985313964122
2024-09-16,S&P 500,^GSPC,108.89368012904488,1.0208259705977163,0.926120225150862
2024-09-17,S&P 500,^GSPC,110.08959628352852,1.092255138076137,0.9387900828213633
2024-09-18,S&P 500,^GSPC,108.82311184276286,-1.1570809038007113,0.9546677168378528
2024-09-19,S&P 500,^GSPC,110.77011138703372,1.7733248210506147,0.9704449113602602
2024-09-20,S&P 500,^GSPC,111.61701544903926,0.7616521407733501,1.035284722675545
2024-09-23,S&P 500,^GSPC,111.73421843427695,0.10494949497932282,1.0273203690975554
2024-09-24,S&P 500,^GSPC,115.66763848829457,3.4597891703277206,1.0043171117774596
2024-09-25,S&P 500,^GSPC,115.8944520125297,0.1958987296065473,1.26578415248783
2024-09-26,S&P 500,^GSPC,117.23049370526506,1.1462148043510645,1.2322505525887149
2024-09-27,S&P 500,^GSPC,115.04292409618581,-1.883671676713572,1.2287849933175825
2024-09-30,S&P 500,^GSPC,113.5316108073018,-1.322400427161341,1.2698380375462721
2024-10-01,S&P 500,^GSPC,113.33874700797628,-0.17002119416780204,1.270607283667966
2024-10-02,S&P 500,^GSPC,113.73933373342742,0.3528188539281274,1.2363088100178463
2024-10-03,S&P 500,^GSPC,113.41098448227653,-0.2891032532353677,1.2061525973114855
2024-10-04,S&P 500,^GSPC,113.98237176351722,0.5025551258500016,1.1758884304614594
2024-10-07,S&P 500,^GSPC,114.88635954152512,0.789965910967716,1.151718682769139
2024-10-08,S&P 500,^GSPC,115.86417663275064,0.8475152087045856,1.1377131260770015
2024-10-09,S&P 500,^GSPC,116.29038408492028,0.36717601385021226,1.1268036940644106
2024-10-10,S&P 500,^GSPC,117.63883830022507,1.1528864477099887,1.1022319903539446
2024-10-11,S&P 500,^GSPC,117.78654191227159,0.1254780867660621,1.1084592910619524
2024-10-14,S&P 500,^GSPC,118.86332382482566,0.9100274283531107,1.081658262949769
2024-10-15,S&P 500,^GSPC,120.68632961212235,1.5220568721342254,1.0770361520390108
2024-10-16,S&P 500,^GSPC,123.60518746228584,2.389765143349809,1.1092658444965178
2024-10-17,S&P 500,^GSPC,123.17143618690119,-0.3515338816519886,1.215132197661887
2024-10-18,S&P 500,^GSPC,121.322917257164,-1.5121446583989062,1.1852748586812627
2024-10-21,S&P 500,^GSPC,120.03113143544944,-1.0704590736965613,1.2038989288332043
2024-10-22,S&P 500,^GSPC,118.67319533665186,-1.1377680212558694,1.1965517529264347
2024-10-23,S&P 500,^GSPC,120.19382006010034,1.273214941744527,1.1928999501295376
2024-10-24,S&P 500,^GSPC,117.44546303778954,-2.313152549325004,1.1990387165584926
2024-10-25,S&P 500,^GSPC,119.30396895500253,1.5700515766233103,1.2803154472340403
2024-10-28,S&P 500,^GSPC,117.13796346243508,-1.8322182233177386,1.2975707026857835
2024-10-29,S&P 500,^GSPC,117.56082824544288,0.3603471815988968,1.3281689583554672
2024-10-30,S&P 500,^GSPC,115.84287484098239,-1.4721141153489548,1.293836046444948
2024-10-31,S&P 500,^GSPC,115.89280130575317,0.043089149131869675,1.3012594208656127
2024-11-01,S&P 500,^GSPC,114.28658404075716,-1.3956448223233942,1.265222702316392
2024-11-04,S&P 500,^GSPC,112.46236123876498,-1.6090590042286301,1.2703833128050206
2024-11-05,S&P 500,^GSPC,111.92545173576434,-0.47855587213536666,1.2881276843650393
2024-11-06,S&P 500,^GSPC,112.50117002560143,0.5130581641320298,1.2569517640479106
2024-11-07,S&P 500,^GSPC,113.2418382012546,0.6562071085003396,1.2289441658492164
2024-11-08,S&P 500,^GSPC,112.04829494086029,-1.0595709720845115,1.2061278669742368
2024-11-11,S&P 500,^GSPC,112.21438912087159,0.14812469678142648,1.1981373326753577
2024-11-12,S&P 500,^GSPC,114.30958550598815,1.8499199829111745,1.1672963000571146
2024-11-13,S&P 500,^GSPC,114.0025402022793,-0.26896993566660754,1.2155821317077022
2024-11-14,S&P 500,^GSPC,112.6239159497104,-1.2166640047988508,1.1846474761228287
2024-11-15,S&P 500,^GSPC,113.14339956885327,0.46019463423876417,1.1858576084815375
2024-11-18,S&P 500,^GSPC,110.73282388101103,-2.1535729129603,1.1602115038463368
2024-11-19,S&P 500,^GSPC,111.70779269455349,0.8766160353686381,1.2316475566189014
2024-11-20,S&P 500,^GSPC,111.59785952085868,-0.09845982982090717,1.2162290684521773
2024-11-21,S&P 500,^GSPC,111.20625728939409,-0.3515219021224425,1.1840406899255413
2024-11-22,S&P 500,^GSPC,111.51551619598949,0.2777089105496344,1.1556640208318896
2024-11-25,S&P 500,^GSPC,111.66246592561603,0.13168839458632675,1.128221740138373
2024-11-26,S&P 500,^GSPC,112.64033805396019,0.8719269721718881,1.1005263618424828
2024-11-27,S&P 500,^GSPC,113.55011896001737,0.8044422600875123,1.092980845673378
2024-11-28,S&P 500,^GSPC,112.53015119132608,-0.9023119869763896,1.0831057346105066
2024-11-29,S&P 500,^GSPC,111.92032065965758,-0.5434000893353996,1.0760877194635126
2024-12-02,S&P 500,^GSPC,112.14710552921294,0.2024256277250558,1.0570809666654322
2024-12-03,S&P 500,^GSPC,110.83010994417913,-1.1812963915053487,1.0334894936232253
2024-12-04,S&P 500,^GSPC,107.66386100042804,-2.898451239900446,1.0441789320023158
2024-12-05,S&P 500,^GSPC,108.54854177783693,0.8183487193627492,1.2147087165413215
2024-12-06,S&P 500,^GSPC,106.4746296764421,-1.9290724818800342,1.198071277817761
2024-12-09,S&P 500,^GSPC,105.59491143736508,-0.8296554805323986,1.2458833649383572
2024-12-10,S&P 500,^GSPC,105.53909484988479,-0.052873139445530626,1.2262955468326806
2024-12-11,S&P 500,^GSPC,103.88117416961767,-1.5833761705280835,1.193542490363745
2024-12-12,S&P 500,^GSPC,104.14153948624008,0.25032406125795603,1.216175655422782
2024-12-13,S&P 500,^GSPC,104.53149158052817,0.37374503664047154,1.1855083637875905
2024-12-16,S&P 500,^GSPC,105.84185137269782,1.2457630992970259,1.1581567397678816
2024-12-17,S&P 500,^GSPC,107.19932395927229,1.2743930429566674,1.1653700420867468
2024-12-18,S&P 500,^GSPC,106.99636105805779,-0.1895117186348827,1.1736799033671503
2024-12-19,S&P 500,^GSPC,107.2942138739913,0.2779898349155374,1.1439515923956107
2024-12-20,S&P 500,^GSPC,108.3458483293247,0.9753686599724531,1.1170785710726383
2024-12-23,S&P 500,^GSPC,109.3933747297785,0.9621918067901802,1.1131085184267349
2024-12-24,S&P 500,^GSPC,110.77992120621312,1.2595213243879577,1.1087872301393618
2024-12-25,S&P 500,^GSPC,111.538300702253,0.6822494631186338,1.120683937663165
2024-12-26,S&P 500,^GSPC,111.250699802719,-0.2581824584158454,1.1046552062404655
2024-12-27,S&P 500,^GSPC,113.25155285821955,1.7825264653411388,1.078863724405335
2024-12-30,S&P 500,^GSPC,113.09174013739336,-0.14121270859677182,1.1313807819382509
2024-12-31,S&P 500,^GSPC,114.58389001843649,1.3107869688059992,1.103310034174376
2025-01-01,S&P 500,^GSPC,111.62889187873107,-2.612731439979221,1.1188052949034775
2025-01-02,S&P 500,^GSPC,111.44849958592111,-0.16173071681206963,1.2423103951254495
2025-01-03,S&P 500,^GSPC,109.4218548157175,-1.8351957242802364,1.2092381266408605
2025-01-06,S&P 500,^GSPC,108.491025557495,-0.8543184029136341,1.2485322436583441
2025-01-07,S&P 500,^GSPC,108.57875253122099,0.08082836705742835,1.2296618783796462
2025-01-08,S&P 500,^GSPC,105.56733992107112,-2.812669708986082,1.1969687472741324
2025-01-09,S&P 500,^GSPC,104.67996651965284,-0.8441284557741291,1.3297150890631302
2025-01-10,S&P 500,^GSPC,105.12462348066092,0.4238778825372158,1.3060181257473642
2025-01-13,S&P 500,^GSPC,106.53541400931171,1.3330919131941954,1.273797184286205
2025-01-14,S&P 500,^GSPC,106.58599165008012,0.047463690061011476,1.2772921939283026
2025-01-15,S&P 500,^GSPC,108.77034605628468,2.0286649957709457,1.2423328371613216
2025-01-16,S&P 500,^GSPC,108.65260981993023,-0.10830157964507592,1.2971308558771362
2025-01-17,S&P 500,^GSPC,107.4147050482641,-1.1458635630910763,1.2613432646071834
2025-01-20,S&P 500,^GSPC,104.99388811043254,-2.2794951223708004,1.2537737399146855
2025-01-21,S&P 500,^GSPC,105.61370269024546,0.5885983187039479,1.3251077280188448
2025-01-22,S&P 500,^GSPC,103.27684442678937,-2.2374930681547056,1.295527161024946
2025-01-23,S&P 500,^GSPC,102.25551154085,-0.9938496426547871,1.3582851709337056
2025-01-24,S&P 500,^GSPC,104.04322074039382,1.733170078227264,1.3383481928370768
2025-01-27,S&P 500,^GSPC,103.87905168511253,-0.15791390453898657,1.3614822999986955
2025-01-28,S&P 500,^GSPC,103.7145796122756,-0.15845583144571407,1.3230828916823685
2025-01-29,S&P 500,^GSPC,103.28488118872346,-0.41516923676914175,1.286375992982849
2025-01-30,S&P 500,^GSPC,104.35798994791116,1.0336192205987693,1.2541547649802904
2025-01-31,S&P 500,^GSPC,103.79486676281893,-0.5410682974032355,1.2439242544016755
2025-02-03,S&P 500,^GSPC,104.04011201446977,0.23600008710777942,1.2161942239407155
2025-02-04,S&P 500,^GSPC,105.11702446204734,1.0297731000834531,1.1853574236704834
2025-02-05,S&P 500,^GSPC,102.91916322076955,-2.113039123338911,1.1793906989630374
2025-02-06,S&P 500,^GSPC,104.75713290535533,1.7700794050352187,1.2448488686354993
2025-02-07,S&P 500,^GSPC,104.6245989286317,-0.12659556615872702,1.2790943417223897
2025-02-10,S&P 500,^GSPC,103.95419498422069,-0.6428326105887727,1.2441830494628388
2025-02-11,S&P 500,^GSPC,104.09442961491466,0.1348094967724478,1.2189455902800148
2025-02-12,S&P 500,^GSPC,102.99803630521755,-1.058854119602337,1.1870503768884955
2025-02-13,S&P 500,^GSPC,101.9867490394004,-0.986702958337915,1.180266468325028
2025-02-14,S&P 500,^GSPC,100.37279199477611,-1.5951719003037823,1.1706872307791638
2025-02-17,S&P 500,^GSPC,100.64648837945202,0.27230875893362594,1.1961671911682996
2025-02-18,S&P 500,^GSPC,100.99890255674386,0.3495388954484646,1.1667189638677573
2025-02-19,S&P 500,^GSPC,99.5504406581442,-1.444519400630906,1.1398593649920037
2025-02-20,S&P 500,^GSPC,100.50634514645616,0.9556404290679943,1.1579655282168226
2025-02-21,S&P 500,^GSPC,99.87654579791592,-0.6285979999301361,1.1503909684954692
2025-02-24,S&P 500,^GSPC,99.5485802666124,-0.328911239464702,1.1296928954737329
2025-02-25,S&P 500,^GSPC,98.20532752024567,-1.3585303275324812,1.1036087000124133
2025-02-26,S&P 500,^GSPC,98.56337358964912,0.36392623679901703,1.1192987931750735
2025-02-27,S&P 500,^GSPC,96.40193592126315,-2.217344440486535,1.0950427191436904
2025-02-28,S&P 500,^GSPC,95.46786356662602,-0.973659988593667,1.1810577201495118
2025-03-03,S&P 500,^GSPC,92.90475159553492,-2.721489176555547,1.1708671890212519
2025-03-04,S&P 500,^GSPC,93.3174022307254,0.443181761264988,1.297834693954133
2025-03-05,S&P 500,^GSPC,91.37574396757485,-2.102654959399164,1.2663663723345016
2025-03-06,S&P 500,^GSPC,89.69917385902978,-1.8518500974725072,1.3210004299822986
2025-03-07,S&P 500,^GSPC,89.52707386718654,-0.19204781322157416,1.3508531302250297
2025-03-10,S&P 500,^GSPC,88.0170313114666,-1.7010747463342746,1.3131287272571321
2025-03-11,S&P 500,^GSPC,90.37370918842245,2.6423064155378206,1.3333055901563509
2025-03-12,S&P 500,^GSPC,90.56948100285626,0.21639044897829862,1.4326586650369075
2025-03-13,S&P 500,^GSPC,90.7627256878824,0.2131389251904814,1.391897373746859
2025-03-14,S&P 500,^GSPC,87.12902537760368,-4.085862094075399,1.3528894156206623
2025-03-17,S&P 500,^GSPC,86.6592398572534,-0.5406425618117439,1.611432532017763
2025-03-18,S&P 500,^GSPC,88.67509257260757,2.299539989227739,1.5665997493084922
2025-03-19,S&P 500,^GSPC,87.0971159867407,-1.7955272821207124,1.609740906638095
2025-03-20,S&P 500,^GSPC,85.76859782620177,-1.5370824991151721,1.6126019016406812
2025-03-21,S&P 500,^GSPC,87.48733916202364,1.9841140802405732,1.6013556989757969
2025-03-24,S&P 500,^GSPC,85.95145944909497,-1.7711375707811783,1.6191854191559547
2025-03-25,S&P 500,^GSPC,89.44751612385316,3.986932935481935,1.6199701504208495
2025-03-26,S&P 500,^GSPC,90.06317315113637,0.6859306748371985,1.8197004835914241
2025-03-27,S&P 500,^GSPC,91.41281023962448,1.4874276435360656,1.7693236200365312
2025-03-28,S&P 500,^GSPC,90.11481486690626,-1.430104640041474,1.748142787189118
2025-03-31,S&P 500,^GSPC,90.5817713192422,0.5168415205360155,1.7237116492305211
2025-04-01,S&P 500,^GSPC,90.51628333056,-0.07232324131072332,1.6743199247817664
2025-04-02,S&P 500,^GSPC,90.09087325581567,-0.4710897059998054,1.6224168284836276
2025-04-03,S&P 500,^GSPC,89.84790620030664,-0.2700554087411433,1.5759768699773935
2025-04-04,S&P 500,^GSPC,89.80335948574552,-0.04959243154116777,1.5291523778027754
2025-04-07,S&P 500,^GSPC,90.6010437514507,0.8843348055218136,1.483240571672757
2025-04-08,S&P 500,^GSPC,91.87591738601138,1.3973209219003024,1.4541907911042298
2025-04-09,S&P 500,^GSPC,92.39576641494162,0.5642216940833222,1.4484986475931352
2025-04-10,S&P 500,^GSPC,90.17668341025596,-2.4310264703488293,1.4124027794368328
2025-04-11,S&P 500,^GSPC,91.47596957142628,1.430541527975393,1.478554479707019
2025-04-14,S&P 500,^GSPC,90.57160440227324,-0.9935563424066096,1.4729445470152291
2025-04-15,S&P 500,^GSPC,89.89318848046001,-0.7518575859811527,1.4466537765189198
2025-04-16,S&P 500,^GSPC,87.36524808745048,-2.8524586416918574,1.4141594603120786
2025-04-17,S&P 500,^GSPC,86.43439603465696,-1.0711885612010974,1.518848527214672
2025-04-18,S&P 500,^GSPC,87.16064860600086,0.8367252763193278,1.4928760355840272
2025-04-21,S&P 500,^GSPC,86.50017563442383,-0.7606507212961411,1.461812831642106
2025-04-22,S&P 500,^GSPC,87.89617099239749,1.6009798399677422,1.4288095386605943
2025-04-23,S&P 500,^GSPC,89.34979311922072,1.6402683413899055,1.4362278809243387
2025-04-24,S&P 500,^GSPC,89.16281480506227,-0.20948479181432944,1.4454382797351553
2025-04-25,S&P 500,^GSPC,89.04227189279142,-0.13528562275020306,1.4037133787346017
2025-04-28,S&P 500,^GSPC,87.74322548997141,-1.469656508724082,1.363366323693174
2025-04-29,S&P 500,^GSPC,89.56197106937242,2.0516142883411526,1.3654987617473366
2025-04-30,S&P 500,^GSPC,89.11028562872661,-0.5056032886282757,1.4092555602945618
2025-05-01,S&P 500,^GSPC,90.18743558379508,1.201535531688247,1.3729089870618028
2025-05-02,S&P 500,^GSPC,88.71813912375498,-1.6425754173805984,1.3628603440974882
2025-05-05,S&P 500,^GSPC,87.25129948865951,-1.6671913287979123,1.3752147723923123
2025-05-06,S&P 500,^GSPC,86.04644605061154,-1.3905234000506361,1.3881206522370042
2025-05-07,S&P 500,^GSPC,83.56006090788097,-2.9321555223917883,1.384252909522954
2025-05-08,S&P 500,^GSPC,83.33043880565498,-0.2751771341285014,1.501066124461766
2025-05-09,S&P 500,^GSPC,85.06899139937441,2.064869653291801,1.4574791298688428
2025-05-12,S&P 500,^GSPC,85.41846469893851,0.4099700905207726,1.493382661259643
2025-05-13,S&P 500,^GSPC,84.43611023385432,-1.1567135222439795,1.4523493997083536
2025-05-14,S&P 500,^GSPC,84.9182922723162,0.569437031758202,1.4334923027658477
2025-05-15,S&P 500,^GSPC,83.59513868728986,-1.5704158065681817,1.398218957025148
2025-05-16,S&P 500,^GSPC,83.51470268472869,-0.09626723131646031,1.4035338220325262
2025-05-19,S&P 500,^GSPC,83.65542406659699,0.16835713155396448,1.3630534913323265
2025-05-20,S&P 500,^GSPC,82.90666319070387,-0.899083257253519,1.324939589180241
2025-05-21,S&P 500,^GSPC,82.11565506781406,-0.9586753954467397,1.3033859641067496
2025-05-22,S&P 500,^GSPC,82.17283715959695,0.0696118070313112,1.2852464495449645
2025-05-23,S&P 500,^GSPC,82.96189535010772,0.9556610942129673,1.2500079720088941
2025-05-26,S&P 500,^GSPC,82.45374256619259,-0.6143970289752332,1.2366719932328627
2025-05-27,S&P 500,^GSPC,83.59402046513058,1.373455207147245,1.2110731262182337
2025-05-28,S&P 500,^GSPC,84.41927661160864,0.9823779399817489,1.221671810230415
2025-05-29,S&P 500,^GSPC,83.03147604053422,-1.6576006084355832,1.211222857695065
2025-05-30,S&P 500,^GSPC,83.23539521262818,0.24529152777335028,1.237366438098996
2025-06-02,S&P 500,^GSPC,82.09804078159372,-1.3758528220617627,1.20565393389063
2025-06-03,S&P 500,^GSPC,82.93809837362544,1.0180374451540075,1.2141909433313036
2025-06-04,S&P 500,^GSPC,82.26936867911776,-0.8095679436454617,1.2058040882493697
2025-06-05,S&P 500,^GSPC,81.92980679867443,-0.4135981359349117,1.187773064343206
2025-06-06,S&P 500,^GSPC,82.31249042700516,0.4659997178690922,1.1602326716290525
2025-06-09,S&P 500,^GSPC,81.98148463360792,-0.4029438585757106,1.1360113481578273
2025-06-10,S&P 500,^GSPC,80.96362416968309,-1.2493455138142373,1.110825516927345
2025-06-11,S&P 500,^GSPC,80.33489716988119,-0.7795858000910094,1.1193543393569751
2025-06-12,S&P 500,^GSPC,79.7030296351915,-0.7896513415767359,1.1052506563934703
2025-06-13,S&P 500,^GSPC,77.76144824158303,-2.466181357759112,1.0923511776966406
2025-06-16,S&P 500,^GSPC,77.39903605902866,-0.467145798429236,1.2042264589068588
2025-06-17,S&P 500,^GSPC,77.02221981759425,-0.4880377215105369,1.1768893994056546
2025-06-18,S&P 500,^GSPC,76.86148999852871,-0.2088978459219959,1.1513393052411287
2025-06-19,S&P 500,^GSPC,77.11408407712469,0.3280965915597456,1.1228173562756023
2025-06-20,S&P 500,^GSPC,76.16036952142902,-1.2444694360825181,1.0977529800400305
2025-06-23,S&P 500,^GSPC,75.82693775760612,-0.43876334768873093,1.1070214767668394
2025-06-24,S&P 500,^GSPC,76.29065494035564,0.6096844039487515,1.0839793028307985
2025-06-25,S&P 500,^GSPC,77.65448396235914,1.771884079675079,1.0676916516439756
2025-06-26,S&P 500,^GSPC,76.8322073127789,-1.0645375444140903,1.1205903276205806
2025-06-27,S&P 500,^GSPC,76.58525814044096,-0.3219312545538422,1.1185412811980397
2025-06-30,S&P 500,^GSPC,78.11785702314043,1.9814068022245834,1.0929005662920943
2025-07-01,S&P 500,^GSPC,77.65530410706593,-0.5938818628588471,1.1611185304410068
2025-07-02,S&P 500,^GSPC,77.60464672088922,-0.06525493239450952,1.138901515868122
2025-07-03,S&P 500,^GSPC,77.58628716992821,-0.023660597415542384,1.110185125754504
2025-07-04,S&P 500,^GSPC,77.36856355049034,-0.2810157432382887,1.0827727006093084
2025-07-07,S&P 500,^GSPC,78.13761293720403,0.9890998208135215,1.0583295456543542
2025-07-08,S&P 500,^GSPC,78.34507117436212,0.26515184076929543,1.0591034013871257
2025-07-09,S&P 500,^GSPC,77.73651626999798,-0.7797947189991383,1.0362271125457796
2025-07-10,S&P 500,^GSPC,79.54047002024235,2.294083715365236,1.0271732102750204
2025-07-11,S&P 500,^GSPC,79.47835135892583,-0.07812743666129052,1.1356793304920014
2025-07-14,S&P 500,^GSPC,79.68146004417252,0.2552262329428956,1.1071438633696418
2025-07-15,S&P 500,^GSPC,79.6014709609844,-0.10043648670627903,1.0817472154164092
2025-07-16,S&P 500,^GSPC,80.56746553081075,1.2062342469760345,1.0558385920003768
2025-07-17,S&P 500,^GSPC,79.68712968495612,-1.0986826307505915,1.068826553649936
2025-07-18,S&P 500,^GSPC,80.61043798648596,1.1520056430936343,1.0722063042104717
2025-07-21,S&P 500,^GSPC,80.88921638779024,0.3452374920287049,1.0806956184868135
2025-07-22,S&P 500,^GSPC,81.0692551228814,0.2223271281481587,1.0580449795130824
2025-07-23,S&P 500,^GSPC,80.55047489950314,-0.6419785567524983,1.0346430984039316
2025-07-24,S&P 500,^GSPC,82.20070495734657,2.0279872832415613,1.0208078454052432
2025-07-25,S&P 500,^GSPC,83.68775431692518,1.7928784185805569,1.102963075078771
2025-07-28,S&P 500,^GSPC,84.78203676713214,1.2991027447717407,1.1536267155401125
2025-07-29,S&P 500,^GSPC,85.05889725420542,0.3260235630484942,1.1643115548348582
2025-07-30,S&P 500,^GSPC,85.5131167191257,0.5325850683103539,1.1371781411110953
2025-07-31,S&P 500,^GSPC,84.9006729049362,-0.7187756956821723,1.1157760684346998
2025-08-01,S&P 500,^GSPC,83.78807213736715,-1.319135904488089,1.0997703488636958
2025-08-04,S&P 500,^GSPC,84.2292211498941,0.5251245483608891,1.1133341011012683
2025-08-05,S&P 500,^GSPC,83.92404468811657,-0.36297457003433564,1.0930044326636668
2025-08-06,S&P 500,^GSPC,82.10676132231423,-2.189179209246106,1.069268223273496
2025-08-07,S&P 500,^GSPC,81.13275663329279,-1.1933583978043671,1.1561123565871094
2025-08-08,S&P 500,^GSPC,79.3465286793978,-2.2262084742982857,1.1581403245413693
2025-08-11,S&P 500,^GSPC,78.98145468033442,-0.4611625037106215,1.236552266483896
2025-08-12,S&P 500,^GSPC,78.84049555767736,-0.17863061497660482,1.2075217220322438
2025-08-13,S&P 500,^GSPC,78.81751885077888,-0.029147528144868318,1.1761475578577152
2025-08-14,S&P 500,^GSPC,78.57380744418512,-0.3096887320428898,1.1456622706655317
2025-08-15,S&P 500,^GSPC,78.19605019268336,-0.48192680445628966,1.118533185592335
2025-08-18,S&P 500,^GSPC,77.92201666869484,-0.35105969595541353,1.0958142499340202
2025-08-19,S&P 500,^GSPC,77.87644827219596,-0.05849659406544916,1.071741460934187
2025-08-20,S&P 500,^GSPC,78.81967371460401,1.2039057800880215,1.0461926927576624
2025-08-21,S&P 500,^GSPC,78.87706125515466,0.07278215759498607,1.059833940130937
2025-08-22,S&P 500,^GSPC,80.59287585986831,2.151980306338608,1.0350542133279088
2025-08-25,S&P 500,^GSPC,82.62239053547063,2.487045888091366,1.12751941938914
2025-08-26,S&P 500,^GSPC,82.21785189667574,-0.49082608102439806,1.2408356139363954
2025-08-27,S&P 500,^GSPC,82.30793004100195,0.10950034975181211,1.2121823945429706
2025-08-28,S&P 500,^GSPC,81.88253244579684,-0.5181769277153414,1.1804344098423396
2025-08-29,S&P 500,^GSPC,79.8572815416574,-2.5044628305828986,1.1553670762313388
2025-09-01,S&P 500,^GSPC,79.47085697768388,-0.48506851991243494,1.261627795342878
2025-09-02,S&P 500,^GSPC,78.82900277322297,-0.8109390910981951,1.2318500869397362
2025-09-03,S&P 500,^GSPC,79.09871790325647,0.34156814409271874,1.212401751637662
2025-09-04,S&P 500,^GSPC,78.67269315434827,-0.5400544769181614,1.1832019895274546
2025-09-05,S&P 500,^GSPC,79.26593061846596,0.7512288506312359,1.158498573188184
2025-09-08,S&P 500,^GSPC,79.49719265077475,0.2913298644076079,1.1426788756043258
2025-09-09,S&P 500,^GSPC,79.09158523471575,-0.5115220709512869,1.1160603918134104
2025-09-10,S&P 500,^GSPC,78.03876294057139,-1.3400823736360756,1.0941444317795241
2025-09-11,S&P 500,^GSPC,77.35383776253154,-0.8815472687146553,1.1094705721219709
2025-09-12,S&P 500,^GSPC,77.06700356187227,-0.37149717367519486,1.0999007699688839
2025-09-15,S&P 500,^GSPC,76.08338462668615,-1.284531461808669,1.0759633604084256
2025-09-16,S&P 500,^GSPC,75.36583929809268,-0.9475792335694067,1.0893667874396238
2025-09-17,S&P 500,^GSPC,75.27488938812404,-0.12075077147173374,1.0839302073631902
2025-09-18,S&P 500,^GSPC,75.70611874483748,0.5712381109074904,1.0580063524105876
2025-09-19,S&P 500,^GSPC,76.3814414675652,0.888076789747938,1.0420122244232017
2025-09-22,S&P 500,^GSPC,75.02180020912158,-1.7961013181112762,1.0390575259399757
2025-09-23,S&P 500,^GSPC,73.95467205752256,-1.4326374993246738,1.0935752924201185
2025-09-24,S&P 500,^GSPC,73.59849868933392,-0.4827738477797716,1.1149232783833434
2025-09-25,S&P 500,^GSPC,72.67952003861691,-1.2564987539334993,1.0924091295532743
2025-09-26,S&P 500,^GSPC,72.7446323854919,0.08954819421767013,1.1028034424466144
2025-09-29,S&P 500,^GSPC,73.39707117495841,0.892891088895098,1.0760449435619244
2025-09-30,S&P 500,^GSPC,73.32200737867073,-0.1023231655719492,1.0710212611317478
2025-10-01,S&P 500,^GSPC,73.67234054845018,0.4766629983250503,1.0456356492672891
2025-10-02,S&P 500,^GSPC,74.85620039916066,1.5941514195562334,1.02770271581512
2025-10-03,S&P 500,^GSPC,74.45897127380235,-0.5320692573022257,1.0704998072741765
2025-10-06,S&P 500,^GSPC,76.76828907957184,3.054339975022824,1.051503244608237
2025-10-07,S&P 500,^GSPC,78.08335519360018,1.6985260134980251,1.2459763386529037
2025-10-08,S&P 500,^GSPC,80.33353899934288,2.8410292565952844,1.2749384337448688
2025-10-09,S&P 500,^GSPC,80.4926991226128,0.19792812054593156,1.4031519402423458
2025-10-10,S&P 500,^GSPC,79.7684355042047,-0.9038605035432745,1.3635164266046442
2025-10-13,S&P 500,^GSPC,78.68718932235234,-1.364751759683358,1.3400119381148947
2025-10-14,S&P 500,^GSPC,77.73168516619602,-1.2217400803055334,1.3381025614840252
2025-10-15,S&P 500,^GSPC,77.59012261005778,-0.18228296124362942,1.3291497211829169
2025-10-16,S&P 500,^GSPC,77.29011902494217,-0.3874012038620478,1.2923185297340556
2025-10-17,S&P 500,^GSPC,78.87363683268516,2.028091698748913,1.2593793015203736
2025-10-20,S&P 500,^GSPC,78.3233372129493,-0.7001430797894947,1.3122702316766186
2025-10-21,S&P 500,^GSPC,78.32282915859523,-0.0006486649061443472,1.2851038471566587
2025-10-22,S&P 500,^GSPC,77.8503674005387,-0.6050503028837362,1.2497043146466307
2025-10-23,S&P 500,^GSPC,77.68205411833965,-0.21643506383997035,1.2232052595794725
2025-10-24,S&P 500,^GSPC,78.38764039550257,0.904199994261834,1.1914051633838048
2025-10-27,S&P 500,^GSPC,77.2724178017141,-1.4329195153080398,1.1795128488269215
2025-10-28,S&P 500,^GSPC,76.97514020611852,-0.3854556500010986,1.1935743813722695
2025-10-29,S&P 500,^GSPC,77.03725566446161,0.08066293801869406,1.1652724538984833
2025-10-30,S&P 500,^GSPC,78.54819668935662,1.9423262311446088,1.1355322302471669
2025-10-31,S&P 500,^GSPC,78.6032542440259,0.07006942232461455,1.1951229102008012
2025-11-03,S&P 500,^GSPC,78.79879519334757,0.24846061485801485,1.163958348621026
2025-11-04,S&P 500,^GSPC,79.12551785165294,0.41377178491286415,1.1357311120168114
2025-11-05,S&P 500,^GSPC,79.80922576878285,0.8603683739385026,1.1116239884832269
2025-11-06,S&P 500,^GSPC,80.48389541331053,0.8417998522002534,1.1028779001565219
2025-11-07,S&P 500,^GSPC,79.65325446751407,-1.0374212306919262,1.0939083941814143
2025-11-10,S&P 500,^GSPC,79.60076392341065,-0.0659205293964682,1.0923790848472366
2025-11-11,S&P 500,^GSPC,78.17320363406975,-1.809676552965911,1.0658579317308792
2025-11-12,S&P 500,^GSPC,78.46013340370254,0.36637167541684335,1.1184240006066029
2025-11-13,S&P 500,^GSPC,78.12261993580731,-0.43109982857307827,1.09425735045027
2025-11-14,S&P 500,^GSPC,78.43357952719408,0.3972503182695597,1.0717129308044542
2025-11-17,S&P 500,^GSPC,77.67674767193785,-0.9696191127887666,1.0505452876464105
2025-11-18,S&P 500,^GSPC,77.93100446601704,0.32679222835607646,1.0487511498854796
2025-11-19,S&P 500,^GSPC,77.00023791420048,-1.201536546548354,1.0274008100661904
2025-11-20,S&P 500,^GSPC,78.4387343253534,1.8509353977412601,1.0397785783726095
2025-11-21,S&P 500,^GSPC,78.90262980483935,0.5896692535046988,1.1028641900853262
2025-11-24,S&P 500,^GSPC,77.76125048186098,-1.4571316833648318,1.0849113272198627
2025-11-25,S&P 500,^GSPC,77.46627735860018,-0.3800530516906875,1.1086846940474133
2025-11-26,S&P 500,^GSPC,75.83145627335189,-2.1329513828393765,1.0844552190831518
2025-11-27,S&P 500,^GSPC,74.41673981014935,-1.8832282998072714,1.1637592690971317
2025-11-28,S&P 500,^GSPC,75.81857011181809,1.866233694699737,1.2115408344147336
2025-12-01,S&P 500,^GSPC,75.71843967069395,-0.13215313650514204,1.2564521249643426
2025-12-02,S&P 500,^GSPC,73.57508165039047,-2.871531568492447,1.2225814057423317
2025-12-03,S&P 500,^GSPC,74.10941124794476,0.7236127755769317,1.3576430885486053
2025-12-04,S&P 500,^GSPC,73.95738396332895,-0.205349670494126,1.3300883718543839
2025-12-05,S&P 500,^GSPC,75.09209728027881,1.522628901552725,1.2933767495758532
2025-12-08,S&P 500,^GSPC,73.69127038561687,-1.883097971911063,1.3065607295194948
2025-12-09,S&P 500,^GSPC,74.71895994897932,1.3849530287910916,1.340005427370977
2025-12-10,S&P 500,^GSPC,75.81739826308858,1.459392033613316,1.341575395827339
2025-12-11,S&P 500,^GSPC,76.2061439604724,0.5114293997279695,1.3472376199149012
2025-12-12,S&P 500,^GSPC,76.15524614265253,-0.0668119655232502,1.3148003459206623
2025-12-15,S&P 500,^GSPC,76.51371716417353,0.46960649045768577,1.2781187972681258
2025-12-16,S&P 500,^GSPC,75.04975505486084,-1.9318739779298433,1.2481265903482193
2025-12-17,S&P 500,^GSPC,75.17381728592704,0.1651701624954427,1.2909572777427227
2025-12-18,S&P 500,^GSPC,74.71189263606705,-0.6163711170695585,1.2560231347907977
2025-12-19,S&P 500,^GSPC,74.83488180379527,0.1644825786678794,1.22948987225389
2025-12-22,S&P 500,^GSPC,73.51550751843655,-1.778773994609928,1.1973368190227291
2025-12-23,S&P 500,^GSPC,72.31260735971905,-1.6497880993483705,1.2335401506945356
2025-12-24,S&P 500,^GSPC,71.95720302406389,-0.4926949770819533,1.2571535641536353
2025-12-25,S&P 500,^GSPC,69.75310488836725,-3.1109605606035373,1.2277446218238521
2025-12-26,S&P 500,^GSPC,69.71182845990978,-0.05919255639632581,1.389155296512935
2025-12-29,S&P 500,^GSPC,69.67446175102104,-0.05361604749989368,1.3492160262622217
2025-12-30,S&P 500,^GSPC,70.08390450771587,0.5859311883140705,1.3110043897019357
2025-12-31,S&P 500,^GSPC,70.93723647170403,1.210233264901639,1.2820576385589961
2026-01-01,S&P 500,^GSPC,70.16172155245843,-1.0992607448815583,1.2784244658209813
2026-01-02,S&P 500,^GSPC,70.85095365231327,0.9775540922106529,1.267622049204496
2026-01-05,S&P 500,^GSPC,72.18263859770224,1.8621128141520948,1.254130671873737
2026-01-06,S&P 500,^GSPC,73.75655656713161,2.15703395261988,1.2943869050313004
2026-01-07,S&P 500,^GSPC,74.15639754932542,0.5406449469116836,1.3541863029869583
2026-01-08,S&P 500,^GSPC,74.41858351610956,0.35293457493192903,1.322054610520221
2026-01-09,S&P 500,^GSPC,75.28579148658378,1.158573583207989,1.2878890824571623
2026-01-12,S&P 500,^GSPC,76.40119436418479,1.4706904165330492,1.281302893979035
2026-01-13,S&P 500,^GSPC,74.74789474017155,-2.1877281226248435,1.2922513940291078
2026-01-14,S&P 500,^GSPC,73.95692361233324,-1.06382374995313,1.3511444157973975
2026-01-15,S&P 500,^GSPC,75.0880968169847,1.5179238067918988,1.334394788786092
2026-01-16,S&P 500,^GSPC,75.46805359998028,0.504738715216746,1.3440602796580299
2026-01-19,S&P 500,^GSPC,75.27465310348877,-0.25659696158646383,1.3116327495858846
2026-01-20,S&P 500,^GSPC,73.2358772043117,-2.7458039330950257,1.2761834351056216
2026-01-21,S&P 500,^GSPC,74.0142235617846,1.0571858391684508,1.38953024167439
2026-01-22,S&P 500,^GSPC,72.52322479761177,-2.0350432430425336,1.3720662609172707
2026-01-23,S&P 500,^GSPC,73.04546261302,0.7175170226916272,1.4105438036630895
2026-01-26,S&P 500,^GSPC,71.97184801170467,-1.4806980106762957,1.3801224334828013
2026-01-27,S&P 500,^GSPC,72.46289212098456,0.6799555297243742,1.3816631499232384
2026-01-28,S&P 500,^GSPC,71.48743763247218,-1.3552861200079924,1.351648289352326
2026-01-29,S&P 500,^GSPC,69.65864877834859,-2.5914869447998257,1.3484402935973399
2026-01-30,S&P 500,^GSPC,69.00378919263046,-0.9445448442753523,1.4366809108023735
2026-02-02,S&P 500,^GSPC,69.66788537288757,0.957803760976006,1.4106292073488247
2026-02-03,S&P 500,^GSPC,70.68158545039249,1.4445622051916018,1.3880561437641248
2026-02-04,S&P 500,^GSPC,73.091628509761,3.3528760541052804,1.3894777834002812
2026-02-05,S&P 500,^GSPC,72.52728644272042,-0.7750983347023954,1.555766698457534
2026-02-06,S&P 500,^GSPC,70.85431933698693,-2.3336926971427197,1.5185804124873772
2026-02-09,S&P 500,^GSPC,69.14870035011312,-2.436666552247324,1.5656115162151651
2026-02-10,S&P 500,^GSPC,68.04304254494771,-1.6118779754648038,1.6160242536676621
2026-02-11,S&P 500,^GSPC,67.19221787446804,-1.2583048148147924,1.6083609813718651
2026-02-12,S&P 500,^GSPC,68.72958806137504,2.2622356153748413,1.5847070640870482
2026-02-13,S&P 500,^GSPC,68.81413031596188,0.12293148132247467,1.6233455787260593
2026-02-16,S&P 500,^GSPC,67.89933138981866,-1.3382918818002132,1.573850801770305
2026-02-17,S&P 500,^GSPC,67.48638132681815,-0.6100368131280121,1.555630950800994
2026-02-18,S&P 500,^GSPC,67.9376021033635,0.6663848380330073,1.5146120554003424
2026-02-19,S&P 500,^GSPC,68.82865028368064,1.3030419017172612,1.4777604715592918
2026-02-20,S&P 500,^GSPC,69.19417493256468,0.5296595006575089,1.4658619324150683
2026-02-23,S&P 500,^GSPC,69.2009007049842,0.009719670145535986,1.4282279544257017
2026-02-24,S&P 500,^GSPC,69.92217442074028,1.0368951051626496,1.3866000695316048
2026-02-25,S&P 500,^GSPC,69.67538789965104,-0.35356889343756137,1.368475097137937
2026-02-26,S&P 500,^GSPC,69.04608355468334,-0.907298135377399,1.331577043283547
2026-02-27,S&P 500,^GSPC,69.11790902809666,0.10397134382253981,1.3099471910086762
2026-03-02,S&P 500,^GSPC,69.51310742588228,0.5701458136007531,1.2737668154595636
2026-03-03,S&P 500,^GSPC,66.72211401290963,-4.097888845030173,1.2462879304677845
2026-03-04,S&P 500,^GSPC,65.23336296758542,-2.256540237966842,1.5311402869296002
2026-03-05,S&P 500,^GSPC,65.87356609705498,0.9766199582356805,1.5710764966580872
2026-03-06,S&P 500,^GSPC,66.57141152079458,1.0537989347903398,1.5405259667815778
2026-03-09,S&P 500,^GSPC,67.9559910502802,2.05850762760198,1.5143672826719183
2026-03-10,S&P 500,^GSPC,67.33984687038256,-0.9108165467666574,1.5446356556061756
2026-03-11,S&P 500,^GSPC,67.34903087353003,0.013637359395257675,1.511866108078007
2026-03-12,S&P 500,^GSPC,67.48090033161633,0.19560864409706724,1.4666905633951222
2026-03-13,S&P 500,^GSPC,68.84178049483464,1.9966235468725557,1.424278548435255
2026-03-16,S&P 500,^GSPC,69.69970656915355,1.2385272589003904,1.4582670748361177
2026-03-17,S&P 500,^GSPC,69.15104645901631,-0.7902916675146088,1.4445727376356268
2026-03-18,S&P 500,^GSPC,71.15059897844462,2.8505551860162903,1.4132532366806636
2026-03-19,S&P 500,^GSPC,72.34278320548805,1.6616956702169894,1.5222425679388938
2026-03-20,S&P 500,^GSPC,73.45578883854607,1.526801310380499,1.5262808613952035
2026-03-23,S&P 500,^GSPC,73.43598967522674,-0.02695748344736515,1.522508082550355
2026-03-24,S&P 500,^GSPC,73.91850959741434,0.6549126755102996,1.4768623572610284
2026-03-25,S&P 500,^GSPC,73.5644231154456,-0.48017374728521744,1.4415316958578768
2026-03-26,S&P 500,^GSPC,73.31395468950413,-0.34105587557560213,1.4032542199443672
2026-03-27,S&P 500,^GSPC,72.31069226994909,-1.377896274731949,1.3646420281477432
2026-03-30,S&P 500,^GSPC,72.12217287691249,-0.26104792687169365,1.3617223081999084
2026-03-31,S&P 500,^GSPC,72.17053015687401,0.06702664896449662,1.324080401376477
2026-04-01,S&P 500,^GSPC,73.03716273593946,1.19365971838441,1.2871119470326766
2026-04-02,S&P 500,^GSPC,71.75959729564762,-1.7646784273652294,1.28230308601895
2026-04-03,S&P 500,^GSPC,71.89576108811923,0.18957014173501818,1.3095064437132629
2026-04-06,S&P 500,^GSPC,71.59887842694629,-0.41378979142789873,1.2739427870546671
2026-04-07,S&P 500,^GSPC,72.83528810341258,1.7121155040046965,1.2422826900962838
2026-04-08,S&P 500,^GSPC,73.03727680877557,0.27693875758023623,1.272555510247403
2026-04-09,S&P 500,^GSPC,73.68672039363288,0.8852646310177903,1.2396039907125103
2026-04-10,S&P 500,^GSPC,74.39430168595838,0.9556750321555008,1.2240532176675025
2026-04-13,S&P 500,^GSPC,74.26931969316189,-0.16814069384576413,1.2123069768399029
2026-04-14,S&P 500,^GSPC,73.1149346032269,-1.5665292098630879,1.180642376184072
2026-04-15,S&P 500,^GSPC,72.84978630856303,-0.36330502966714917,1.2032747234403809
2026-04-16,S&P 500,^GSPC,71.8355748503759,-1.401977452717862,1.1741568411126733
2026-04-17,S&P 500,^GSPC,71.50572892817107,-0.4602253442769211,1.186744501004109
2026-04-20,S&P 500,^GSPC,70.30351813623639,-1.6955729183050217,1.1601316012284026
2026-04-21,S&P 500,^GSPC,70.39869863293848,0.13529354889509904,1.193776272390696
2026-04-22,S&P 500,^GSPC,71.19260877965225,1.1214226089265367,1.1630417654081115
2026-04-23,S&P 500,^GSPC,70.28187907429478,-1.2875003822743203,1.1631206405889365
2026-04-24,S&P 500,^GSPC,71.25076589127427,1.3691568510119545,1.1698124690659375
2026-04-27,S&P 500,^GSPC,71.26548883634459,0.020661425815404755,1.183454551483137
2026-04-28,S&P 500,^GSPC,70.57598201462731,-0.9722294174757451,1.1526740948291194
2026-04-29,S&P 500,^GSPC,70.72320807471267,0.20838918223233804,1.1442172968887727
2026-04-30,S&P 500,^GSPC,70.09072782430508,-0.8983265750568847,1.116461605367906
2026-05-01,S&P 500,^GSPC,71.64680598017655,2.195806059773009,1.107147021765783
2026-05-04,S&P 500,^GSPC,71.79912404282398,0.21237008240042599,1.193707811731537
2026-05-05,S&P 500,^GSPC,71.6775623853575,-0.16945148313665115,1.163659506512911
2026-05-06,S&P 500,^GSPC,71.07035248769232,-0.8507494635703772,1.1342525959075471
2026-05-07,S&P 500,^GSPC,70.70371063776052,-0.5172210758559892,1.121925510306881
2026-05-08,S&P 500,^GSPC,71.03622130615587,0.4691850402504194,1.099838473210899
2026-05-11,S&P 500,^GSPC,71.48146537458749,0.6248284369008594,1.0788174555809669
2026-05-12,S&P 500,^GSPC,71.54975540418565,0.09548969017449949,1.063301493261962
2026-05-13,S&P 500,^GSPC,70.46640659985245,-1.5256993341463243,1.038475977678434
2026-05-14,S&P 500,^GSPC,71.23456298583164,1.084204170139369,1.0715211750170675
2026-05-15,S&P 500,^GSPC,70.71009099022974,-0.7389843402815899,1.0762916254850836
2026-05-18,S&P 500,^GSPC,71.4857677335315,1.0910084784636176,1.0632818346972759
2026-05-19,S&P 500,^GSPC,72.47847637700573,1.3791263016753597,1.069043110996973
2026-05-20,S&P 500,^GSPC,71.61637513450609,-1.196588941126997,1.091962445299951
2026-05-21,S&P 500,^GSPC,71.63621784596911,0.027703109838483897,1.0989432722541144
2026-05-22,S&P 500,^GSPC,72.24222721721925,0.8423957524279935,1.0721237941270723
2026-05-25,S&P 500,^GSPC,71.55434967714032,-0.9567443148585042,1.0651439755079803
2026-05-26,S&P 500,^GSPC,71.8729907364748,0.44432474679503287,1.0617463679552792
2026-05-27,S&P 500,^GSPC,69.67887721528683,-3.100332478462775,1.0421517343472784
2026-05-28,S&P 500,^GSPC,69.22799012367643,-0.6491956572324931,1.2388828791336537
2026-05-29,S&P 500,^GSPC,68.05564863109521,-1.707952967671833,1.2140907903594944
2026-06-01,S&P 500,^GSPC,68.6722415879579,0.901933227772389,1.2435182505721198
2026-06-02,S&P 500,^GSPC,69.59699999178117,1.3376397844991672,1.228390947849826
2026-06-03,S&P 500,^GSPC,68.0602685603315,-2.232784784511921,1.2355353934688624
2026-06-04,S&P 500,^GSPC,67.77415835240781,-0.42126379525901925,1.3048913685710537
2026-06-05,S&P 500,^GSPC,67.73079399297245,-0.06400409751101677,1.271904964837339
2026-06-08,S&P 500,^GSPC,68.64781558294135,1.3448376013397656,1.2371203980342895
2026-06-09,S&P 500,^GSPC,68.00497909009525,-0.9408387676924868,1.2440177680110334
2026-06-10,S&P 500,^GSPC,67.49936935391264,-0.7462669478838002,1.2286504044009576
2026-06-11,S&P 500,^GSPC,65.86773005041766,-2.4469613924357425,1.2072507518123063
2026-06-12,S&P 500,^GSPC,65.86819669343954,0.0007084521791433929,1.300295670161034
2026-06-15,S&P 500,^GSPC,65.55032807808425,-0.48375103249922446,1.2642239978835847
2026-06-16,S&P 500,^GSPC,64.94696141954013,-0.9247256558955641,1.2342950431364883
2026-06-17,S&P 500,^GSPC,65.73425725512776,1.2049250363711295,1.2188710191405303
2026-06-18,S&P 500,^GSPC,63.57567818271539,-3.338923031233243,1.2193590820133817
2026-06-19,S&P 500,^GSPC,62.86780267492345,-1.1196827205987248,1.4097901413678282
2026-06-22,S&P 500,^GSPC,62.53161406161468,-0.5361897646862346,1.39189023896117
2026-06-23,S&P 500,^GSPC,63.33557774423934,1.2774967089543843,1.3569387478834622
2026-06-24,S&P 500,^GSPC,63.547803594261275,0.33452142540939533,1.3516508900315316
2026-06-25,S&P 500,^GSPC,64.35604476828,1.2638430237958076,1.3158582846939508
2026-06-26,S&P 500,^GSPC,63.917249290769405,-0.6841598515164193,1.312657949345357
2026-06-29,S&P 500,^GSPC,63.216914864276795,-1.1017361307196438,1.2850333802931846
2026-06-30,S&P 500,^GSPC,64.52637572967336,2.050216065461541,1.273926869869759
2026-07-01,S&P 500,^GSPC,63.78831748098366,-1.15040042552641,1.3270636561343996
2026-07-02,S&P 500,^GSPC,64.6886916201587,1.40163424707751,1.3155085332626062
2026-07-03,S&P 500,^GSPC,64.52370897931671,-0.25536671361860996,1.3197951195283049
2026-07-06,S&P 500,^GSPC,64.9950889207148,0.7278974640251512,1.283967702885193
2026-07-07,S&P 500,^GSPC,63.686217448270185,-2.0343539396958654,1.2604043374287979
2026-07-08,S&P 500,^GSPC,63.575600710566306,-0.1738412465921435,1.3100902347302303
2026-07-09,S&P 500,^GSPC,62.60076577090305,-1.5452249319140243,1.2740505368809554
2026-07-10,S&P 500,^GSPC,61.712259786826195,-1.4294899671580374,1.2874390128595796
2026-07-13,S&P 500,^GSPC,61.74259668490433,0.04914654563741294,1.2928743842880832
2026-07-14,S&P 500,^GSPC,61.001114157270784,-1.2081947698255213,1.257226675571773
2026-07-15,S&P 500,^GSPC,61.14895541556561,0.24206507782125186,1.25295199188074
2026-07-16,S&P 500,^GSPC,60.52261516462644,-1.029568009467674,1.2204828280510513
2026-07-17,S&P 500,^GSPC,60.85487792938197,0.5474879835313473,1.2102375070454214
2026-07-20,S&P 500,^GSPC,59.75577713753999,-1.8226104766669415,1.185413687823208
2026-07-21,S&P 500,^GSPC,60.67527330586834,1.5270381393585275,1.2261423335048298
2026-07-22,S&P 500,^GSPC,61.06703900596771,0.64360047870613,1.2451523440547378
2026-07-23,S&P 500,^GSPC,60.55329641159338,-0.8448351146038924,1.2211128849073614
2026-07-24,S&P 500,^GSPC,60.61211357474095,0.09708574051643382,1.2034604945655323
2026-07-27,S&P 500,^GSPC,59.8752148438221,-1.2232123141314943,1.1720422794907832
2026-07-28,S&P 500,^GSPC,60.1602660389538,0.4749457891424669,1.1745120877279491
2026-07-29,S&P 500,^GSPC,59.98827263870573,-0.28630147253512206,1.1497676734043978
2026-07-30,S&P 500,^GSPC,59.98818707110174,-0.00014264065502089807,1.1221384007255903
2026-07-31,S&P 500,^GSPC,60.7699822425876,1.2948293250374832,1.0941745066198287
2026-08-03,S&P 500,^GSPC,59.948990400929524,-1.3601913293697976,1.1094348412173927
2026-08-04,S&P 500,^GSPC,60.52911081423448,0.963037914797571,1.1247421272063236
2026-08-05,S&P 500,^GSPC,60.57297528505633,0.07244214225039514,1.1196826654648837
2026-08-06,S&P 500,^GSPC,59.78966997357594,-1.3015938099099067,1.0920380207151816
2026-08-07,S&P 500,^GSPC,59.37078395467464,-0.7030650363500257,1.1051634138582858
2026-08-10,S&P 500,^GSPC,58.85733161301958,-0.8685845448125562,1.089244496366161
2026-08-11,S&P 500,^GSPC,58.727440724367,-0.22093156946176862,1.0804133849743214
2026-08-12,S&P 500,^GSPC,59.4352737062876,1.1980791946704095,1.0554013476739759
2026-08-13,S&P 500,^GSPC,60.21116748774897,1.2969957993115955,1.0679334478126397
2026-08-14,S&P 500,^GSPC,61.0132954829931,1.3233957609752878,1.0855523564035832
2026-08-17,S&P 500,^GSPC,60.572078963909846,-0.7257755430632784,1.103350679736826
2026-08-18,S&P 500,^GSPC,60.10761763530837,-0.7697460881999518,1.088295771702609
2026-08-19,S&P 500,^GSPC,59.757679745861026,-0.5838868985056145,1.0756784654903317
2026-08-20,S&P 500,^GSPC,60.316853345527996,0.9313842452931986,1.0577848446091855
2026-08-21,S&P 500,^GSPC,61.62074637604063,2.138704934008917,1.0557760773899623
2026-08-24,S&P 500,^GSPC,61.02297531808198,-0.9748167837405397,1.1439113715859408
2026-08-25,S&P 500,^GSPC,61.444388947230344,0.6882083156798835,1.1361300957175589
2026-08-26,S&P 500,^GSPC,60.23867095389669,-1.9818000246132783,1.1194193246132238
2026-08-27,S&P 500,^GSPC,61.706169769313924,2.4069401443273186,1.1804962584327605
2026-08-28,S&P 500,^GSPC,60.44971667982121,-2.0572031974990246,1.2776864211156589
2026-08-31,S&P 500,^GSPC,60.65844240120243,0.34469342053755625,1.327389212135517
2018-01-02,EURO STOXX 50,^STOXX50E,99.60224834038772,-0.39854479536494125,1.1050489030621924
2018-01-03,EURO STOXX 50,^STOXX50E,99.91562902874158,0.3141382117701319,1.0821671697671074
2018-01-04,EURO STOXX 50,^STOXX50E,99.89125170225026,-0.02440088802053708,1.0588865058825185
2018-01-05,EURO STOXX 50,^STOXX50E,101.15817997641908,1.2603318833961374,1.0351636865830578
2018-01-08,EURO STOXX 50,^STOXX50E,102.31149931404224,1.1336644296300769,1.0487140655574598
2018-01-09,EURO STOXX 50,^STOXX50E,102.06885521751452,-0.23744377103680492,1.0542047522619191
2018-01-10,EURO STOXX 50,^STOXX50E,102.89308886110051,0.8042840249254724,1.032253857281321
2018-01-11,EURO STOXX 50,^STOXX50E,101.87566752410835,-0.9937353017641648,1.024745861822482
2018-01-12,EURO STOXX 50,^STOXX50E,102.33576204878439,0.4506068089752624,1.0272912571179336
2018-01-15,EURO STOXX 50,^STOXX50E,102.11560462856903,-0.21536418062373386,1.0100315095880752
2018-01-16,EURO STOXX 50,^STOXX50E,104.00104871686085,1.829543269954037,0.9907927048348036
2018-01-17,EURO STOXX 50,^STOXX50E,103.49765630280802,-0.4852014874780153,1.0491231276319835
2018-01-18,EURO STOXX 50,^STOXX50E,104.7690903131311,1.2209820591736253,1.0318682282700393
2018-01-19,EURO STOXX 50,^STOXX50E,104.53983601603605,-0.21905839640172786,1.0435405527281638
2018-01-22,EURO STOXX 50,^STOXX50E,104.39644720504772,-0.13725603929470864,1.0220879734063002
2018-01-23,EURO STOXX 50,^STOXX50E,103.88091560617154,-0.4950443435205898,1.0013090274806002
2018-01-24,EURO STOXX 50,^STOXX50E,104.26736060493904,0.37131745678253836,0.9877244875141727
2018-01-25,EURO STOXX 50,^STOXX50E,104.99372909883323,0.6942250106674486,0.9717495422145122
2018-01-26,EURO STOXX 50,^STOXX50E,104.70461346084303,-0.27574449817011626,0.9651754500697375
2018-01-29,EURO STOXX 50,^STOXX50E,103.52128209810645,-1.1365964820113206,0.9498366092760956
2018-01-30,EURO STOXX 50,^STOXX50E,103.730653499166,0.20204537215198215,0.9668930184606688
2018-01-31,EURO STOXX 50,^STOXX50E,103.01504562098098,-0.6922617873516224,0.9501185708835396
2018-02-01,EURO STOXX 50,^STOXX50E,103.39610841927342,0.3692273636854537,0.9464648904864761
2018-02-02,EURO STOXX 50,^STOXX50E,102.75880525094729,-0.6182779611202172,0.9334175034349089
2018-02-05,EURO STOXX 50,^STOXX50E,102.29367218457357,-0.4536730011440504,0.9285898733746566
2018-02-06,EURO STOXX 50,^STOXX50E,102.3850732129039,0.08931170085917373,0.9194299628533222
2018-02-07,EURO STOXX 50,^STOXX50E,102.68890522245128,0.2963147583866288,0.905261214579439
2018-02-08,EURO STOXX 50,^STOXX50E,102.4649126889581,-0.21836554130922892,0.8940477802067258
2018-02-09,EURO STOXX 50,^STOXX50E,101.39486776699572,-1.0497948607103957,0.8830845731615076
2018-02-12,EURO STOXX 50,^STOXX50E,101.38800533112438,-0.006768259832945489,0.902115320948205
2018-02-13,EURO STOXX 50,^STOXX50E,101.03759426424939,-0.34621255175899535,0.8890720311306499
2018-02-14,EURO STOXX 50,^STOXX50E,101.76150150341424,0.7139186800578123,0.8805641707613205
2018-02-15,EURO STOXX 50,^STOXX50E,103.21193213337203,1.4152612988112878,0.88229176811628
2018-02-16,EURO STOXX 50,^STOXX50E,102.77360449450221,-0.4255913377774867,0.9226894113434253
2018-02-19,EURO STOXX 50,^STOXX50E,103.30702279294164,0.5176803824112675,0.9133113499764935
2018-02-20,EURO STOXX 50,^STOXX50E,104.0966133635129,0.7614084303074087,0.9060544208001975
2018-02-21,EURO STOXX 50,^STOXX50E,104.01044357949934,-0.08281294272665107,0.9073804942906291
2018-02-22,EURO STOXX 50,^STOXX50E,103.40839056313575,-0.5805207705835258,0.8942116374891479
2018-02-23,EURO STOXX 50,^STOXX50E,104.318653372181,0.8764084041929188,0.8913725246591274
2018-02-26,EURO STOXX 50,^STOXX50E,104.36345799842235,0.04294055358693427,0.8988959283325401
2018-02-27,EURO STOXX 50,^STOXX50E,104.11370385405871,-0.23959867989926664,0.8860864784036248
2018-02-28,EURO STOXX 50,^STOXX50E,101.90286602985066,-2.1463542466896968,0.8760037547100678
2018-03-01,EURO STOXX 50,^STOXX50E,102.60316079291252,0.6848673471169242,0.9857544996508749
2018-03-02,EURO STOXX 50,^STOXX50E,102.41348826157628,-0.18503139752352737,0.9777660274481489
2018-03-05,EURO STOXX 50,^STOXX50E,101.73163099765557,-0.6680147945876236,0.9604178564869519
2018-03-06,EURO STOXX 50,^STOXX50E,101.95955006132434,0.22378893146459689,0.9550749684684287
2018-03-07,EURO STOXX 50,^STOXX50E,102.91190472231978,0.9297161694862943,0.9393427785720162
2018-03-08,EURO STOXX 50,^STOXX50E,102.29914424577846,-0.5972020520319532,0.9448856629518353
2018-03-09,EURO STOXX 50,^STOXX50E,102.0480405557177,-0.24576195330636708,0.9384628232309319
2018-03-12,EURO STOXX 50,^STOXX50E,100.90078521687613,-1.1305978786745996,0.9246091800694785
2018-03-13,EURO STOXX 50,^STOXX50E,102.21536922636936,1.2944340823874079,0.9439231593058803
2018-03-14,EURO STOXX 50,^STOXX50E,102.55502727068715,0.33174556638790875,0.9689275542830686
2018-03-15,EURO STOXX 50,^STOXX50E,102.82093640727187,0.2589487887573405,0.9536307031798253
2018-03-16,EURO STOXX 50,^STOXX50E,103.46875997039132,0.6280737274688697,0.9384004166040537
2018-03-19,EURO STOXX 50,^STOXX50E,102.1586312987371,-1.2742917098309547,0.9323414689795045
2018-03-20,EURO STOXX 50,^STOXX50E,101.09844118307227,-1.0432106668086583,0.9596198013721591
2018-03-21,EURO STOXX 50,^STOXX50E,99.75005984889046,-1.3427051583827065,0.9706065676026278
2018-03-22,EURO STOXX 50,^STOXX50E,100.2125170843871,0.4625446091982788,0.9980529867463314
2018-03-23,EURO STOXX 50,^STOXX50E,101.00165965726455,0.7843847105743151,0.9831204872758773
2018-03-26,EURO STOXX 50,^STOXX50E,101.77416053139774,0.7619297119560109,0.9788256320548913
2018-03-27,EURO STOXX 50,^STOXX50E,102.66403698902691,0.8705634158227227,0.9740512635715336
2018-03-28,EURO STOXX 50,^STOXX50E,101.80448433093399,-0.8407726685849326,0.9739289539553051
2018-03-29,EURO STOXX 50,^STOXX50E,102.74882597053985,0.9233273685261167,0.9740674989699124
2018-03-30,EURO STOXX 50,^STOXX50E,101.42414416233471,-1.2976256309939593,0.9762160295424069
2018-04-02,EURO STOXX 50,^STOXX50E,100.91665143255054,-0.5016228115960253,1.0001655510123226
2018-04-03,EURO STOXX 50,^STOXX50E,99.84015868620506,-1.0724448782742257,0.9868291453922939
2018-04-04,EURO STOXX 50,^STOXX50E,100.48849886780908,0.6472787799243207,0.9967447915361357
2018-04-05,EURO STOXX 50,^STOXX50E,100.70777688380474,0.21797431587380345,0.9867208532697597
2018-04-06,EURO STOXX 50,^STOXX50E,100.05053355321718,-0.6547631101672557,0.9687264718487528
2018-04-09,EURO STOXX 50,^STOXX50E,100.75130246533217,0.697973455757328,0.962269135087067
2018-04-10,EURO STOXX 50,^STOXX50E,100.3216313311631,-0.42737904108882674,0.9565793115622351
2018-04-11,EURO STOXX 50,^STOXX50E,102.22428574408194,1.8787941102061723,0.9446897829678294
2018-04-12,EURO STOXX 50,^STOXX50E,104.95134246819211,2.632755855736857,1.013766242244994
2018-04-13,EURO STOXX 50,^STOXX50E,107.86078815448835,2.734455939404601,1.1456860369734965
2018-04-16,EURO STOXX 50,^STOXX50E,107.12140396618591,-0.6878589303943805,1.264490205764986
2018-04-17,EURO STOXX 50,^STOXX50E,106.1135956235664,-0.9452630653572491,1.2377357038793981
2018-04-18,EURO STOXX 50,^STOXX50E,106.6463407439633,0.5007956318401341,1.2211904331611902
2018-04-19,EURO STOXX 50,^STOXX50E,108.3750983387256,1.6080209051071215,1.1920322166525643
2018-04-20,EURO STOXX 50,^STOXX50E,108.13725564746015,-0.21970366360912763,1.210889878946057
2018-04-23,EURO STOXX 50,^STOXX50E,108.57165625782716,0.40090754771426873,1.178810546189715
2018-04-24,EURO STOXX 50,^STOXX50E,107.25179221808003,-1.2231113007836747,1.1505745232171607
2018-04-25,EURO STOXX 50,^STOXX50E,106.66894190369793,-0.5449231081251504,1.1533636065238537
2018-04-26,EURO STOXX 50,^STOXX50E,106.92909248892337,0.24358905230581485,1.1303484952287572
2018-04-27,EURO STOXX 50,^STOXX50E,106.15074706303427,-0.7305701838585144,1.1031498538204578
2018-04-30,EURO STOXX 50,^STOXX50E,106.66885381745021,0.48689855242276536,1.088910895237746
2018-05-01,EURO STOXX 50,^STOXX50E,106.24544368978863,-0.39772874886514487,1.0681485261217887
2018-05-02,EURO STOXX 50,^STOXX50E,106.82116355934082,0.5404143597456113,1.0477309404928374
2018-05-03,EURO STOXX 50,^STOXX50E,108.2856555290674,1.3616626416506072,1.031036567120972
2018-05-04,EURO STOXX 50,^STOXX50E,107.51762191061782,-0.7117935095896755,1.0509630951624962
2018-05-07,EURO STOXX 50,^STOXX50E,109.33067615508354,1.6722257077641522,1.0400133113168166
2018-05-08,EURO STOXX 50,^STOXX50E,109.19315408456478,-0.12586461487797962,1.0798133406879094
2018-05-09,EURO STOXX 50,^STOXX50E,109.27157395577866,0.07179179475382824,1.055169480229566
2018-05-10,EURO STOXX 50,^STOXX50E,109.56611547911315,0.26918736160439494,1.0317137913998156
2018-05-11,EURO STOXX 50,^STOXX50E,110.09529531400351,0.48181504134294784,1.0112174542721817
2018-05-14,EURO STOXX 50,^STOXX50E,112.25384133693932,1.9416435511992347,0.9957632073078106
2018-05-15,EURO STOXX 50,^STOXX50E,113.51217326519416,1.1147337306730343,1.062868232396443
2018-05-16,EURO STOXX 50,^STOXX50E,114.24723855096389,0.6454774641892591,1.0661476682651303
2018-05-17,EURO STOXX 50,^STOXX50E,113.16907320670906,-0.9481935695846211,1.050904309057744
2018-05-18,EURO STOXX 50,^STOXX50E,112.13932986982978,-0.9140808711725512,1.049125117022536
2018-05-21,EURO STOXX 50,^STOXX50E,112.25036428267676,0.09896570546947814,1.0460185659313992
2018-05-22,EURO STOXX 50,^STOXX50E,113.75185164361919,1.328756398716635,1.0232448801979337
2018-05-23,EURO STOXX 50,^STOXX50E,113.86935195808339,0.10324198540541119,1.041977610147045
2018-05-24,EURO STOXX 50,^STOXX50E,112.85138484585688,-0.8979980987284364,1.0194853235584826
2018-05-25,EURO STOXX 50,^STOXX50E,110.85593831105362,-1.7840269432936928,1.0181754838187298
2018-05-28,EURO STOXX 50,^STOXX50E,111.03915807867193,0.16514092671569003,1.0720388048732163
2018-05-29,EURO STOXX 50,^STOXX50E,110.10798999698217,-0.8421303126548096,1.0479202811665265
2018-05-30,EURO STOXX 50,^STOXX50E,111.7785108560339,1.505772019746221,1.0419626400547197
2018-05-31,EURO STOXX 50,^STOXX50E,111.38310690411757,-0.3543659251615594,1.069917257357731
2018-06-01,EURO STOXX 50,^STOXX50E,110.22891855774259,-1.0416391257225932,1.0486016892247212
2018-06-04,EURO STOXX 50,^STOXX50E,110.30524010558287,0.06921517405729105,1.051325536887602
2018-06-05,EURO STOXX 50,^STOXX50E,108.89890743772665,-1.2831435710700667,1.028113660973451
2018-06-06,EURO STOXX 50,^STOXX50E,108.82028368904002,-0.0722249165979072,1.0457621981358443
2018-06-07,EURO STOXX 50,^STOXX50E,108.88763946696425,0.06187719683961035,1.023041321743114
2018-06-08,EURO STOXX 50,^STOXX50E,107.81495719335759,-0.9900121654947469,1.0016711603448656
2018-06-11,EURO STOXX 50,^STOXX50E,108.43921745083087,0.5773409854398892,1.0060914588386187
2018-06-12,EURO STOXX 50,^STOXX50E,109.3974474600827,0.8797749361896479,0.9933581711785273
2018-06-13,EURO STOXX 50,^STOXX50E,110.37923578890656,0.893447699027039,0.9919770402514585
2018-06-14,EURO STOXX 50,^STOXX50E,109.54148443973662,-0.761870369052442,0.9912852291631881
2018-06-15,EURO STOXX 50,^STOXX50E,108.95897099979872,-0.5331932318518362,0.9868208905402877
2018-06-18,EURO STOXX 50,^STOXX50E,108.15614553147654,-0.7395423590724093,0.9752973879872291
2018-06-19,EURO STOXX 50,^STOXX50E,106.03585940658809,-1.979864174009105,0.9713040303076598
2018-06-20,EURO STOXX 50,^STOXX50E,107.06923144440333,0.9698314886414927,1.04859931189085
2018-06-21,EURO STOXX 50,^STOXX50E,107.53729454027652,0.43620652811213745,1.0463965300810847
2018-06-22,EURO STOXX 50,^STOXX50E,106.00855482700209,-1.4317916588248991,1.0275204524382602
2018-06-25,EURO STOXX 50,^STOXX50E,107.00402090669148,0.9346615552424886,1.054530801818471
2018-06-26,EURO STOXX 50,^STOXX50E,106.81525459144166,-0.17656627434634586,1.0503384746417228
2018-06-27,EURO STOXX 50,^STOXX50E,104.9292805191514,-1.7814145203021603,1.0280084194822752
2018-06-28,EURO STOXX 50,^STOXX50E,104.40314829366758,-0.5026773313107746,1.0803758509088537
2018-06-29,EURO STOXX 50,^STOXX50E,104.01736695053768,-0.3701955954340086,1.061343740367373
2018-07-02,EURO STOXX 50,^STOXX50E,104.008874290765,-0.008164988923287098,1.0408820083731387
2018-07-03,EURO STOXX 50,^STOXX50E,104.56739980162484,0.5355612456746428,1.0183066337058526
2018-07-04,EURO STOXX 50,^STOXX50E,105.38335531980098,0.7772866793104072,1.0036025306280965
2018-07-05,EURO STOXX 50,^STOXX50E,104.84460175192369,-0.5125433884301422,0.9973885711964803
2018-07-06,EURO STOXX 50,^STOXX50E,103.18101375850549,-1.599440967177479,0.9845344604094889
2018-07-09,EURO STOXX 50,^STOXX50E,103.26070112890542,0.07720084518885173,1.0283603184437966
2018-07-10,EURO STOXX 50,^STOXX50E,103.83796638701132,0.5574799298022626,1.0066758158144085
2018-07-11,EURO STOXX 50,^STOXX50E,104.02511288689918,0.18006713949283437,0.9933745739435061
2018-07-12,EURO STOXX 50,^STOXX50E,103.04729322619836,-0.9444299673529777,0.9745870260530558
2018-07-13,EURO STOXX 50,^STOXX50E,101.55872123706335,-1.4550874834314165,0.9792835014665092
2018-07-16,EURO STOXX 50,^STOXX50E,102.2779218652591,0.7056666571060966,1.0133058409239912
2018-07-17,EURO STOXX 50,^STOXX50E,100.86996178460748,-1.386165191291333,1.0038550272402513
2018-07-18,EURO STOXX 50,^STOXX50E,99.91827361166357,-0.9479592246278479,1.0304687485950537
2018-07-19,EURO STOXX 50,^STOXX50E,100.00310178971372,0.0848615441650935,1.0304155874517427
2018-07-20,EURO STOXX 50,^STOXX50E,100.85863588851427,0.851868835137104,1.0086182658384566
2018-07-23,EURO STOXX 50,^STOXX50E,101.1900304665841,0.3280347069022582,1.0048321573197645
2018-07-24,EURO STOXX 50,^STOXX50E,101.75093191541565,0.5527744330048989,0.9869595889816698
2018-07-25,EURO STOXX 50,^STOXX50E,102.18451854797289,0.4252201222359808,0.9749954758625382
2018-07-26,EURO STOXX 50,^STOXX50E,101.21463659115048,-0.9536807634244582,0.9609451305800166
2018-07-27,EURO STOXX 50,^STOXX50E,101.32560254693021,0.1095742429797042,0.9673217018460201
2018-07-30,EURO STOXX 50,^STOXX50E,101.73392858574748,0.40217426575246407,0.949876213731542
2018-07-31,EURO STOXX 50,^STOXX50E,100.62980117916692,-1.0912413647809593,0.9371980209262231
2018-08-01,EURO STOXX 50,^STOXX50E,100.42740946769666,-0.20132755167701077,0.9529817891934673
2018-08-02,EURO STOXX 50,^STOXX50E,100.21159242181935,-0.21512978740902966,0.9375412108254131
2018-08-03,EURO STOXX 50,^STOXX50E,100.77714342430377,0.5627703390794103,0.9233605915326103
2018-08-06,EURO STOXX 50,^STOXX50E,100.77186495913917,-0.005237897430721006,0.9165471531433411
2018-08-07,EURO STOXX 50,^STOXX50E,101.07029324641714,0.29570482934708764,0.902463778038019
2018-08-08,EURO STOXX 50,^STOXX50E,102.1618672157814,1.0742241422597942,0.8914493830074189
2018-08-09,EURO STOXX 50,^STOXX50E,101.55658059883532,-0.5942401432975863,0.9089736910585493
2018-08-10,EURO STOXX 50,^STOXX50E,100.76044171124394,-0.7870252220579133,0.905358346901784
2018-08-13,EURO STOXX 50,^STOXX50E,100.99955387827735,0.23702645143517387,0.9092448154114436
2018-08-14,EURO STOXX 50,^STOXX50E,101.74517027632588,0.7355256839649549,0.8969506654392073
2018-08-15,EURO STOXX 50,^STOXX50E,103.5147424397887,1.7242684969327904,0.8980682906478613
2018-08-16,EURO STOXX 50,^STOXX50E,103.34138084026871,-0.16761567156855506,0.9606496213565487
2018-08-17,EURO STOXX 50,^STOXX50E,105.29241219051411,1.8703472696043555,0.9443233500099696
2018-08-20,EURO STOXX 50,^STOXX50E,105.12465465207595,-0.15945244033588324,1.0127146071441369
2018-08-21,EURO STOXX 50,^STOXX50E,104.31848965347909,-0.7698213112149688,0.9927413224881679
2018-08-22,EURO STOXX 50,^STOXX50E,103.0329161454716,-1.2400108654023967,0.9884593610118282
2018-08-23,EURO STOXX 50,^STOXX50E,104.99791094594626,1.8891942802159,1.0075910543903106
2018-08-24,EURO STOXX 50,^STOXX50E,105.88369396418085,0.8400810758392829,1.0685708383751211
2018-08-27,EURO STOXX 50,^STOXX50E,106.0488902022266,0.15589511367712916,1.0595309993880448
2018-08-28,EURO STOXX 50,^STOXX50E,106.65771508336117,0.5724566408730425,1.0361643561441671
2018-08-29,EURO STOXX 50,^STOXX50E,106.70060205075953,0.04020182437880493,1.0211018481192915
2018-08-30,EURO STOXX 50,^STOXX50E,106.62722168663004,-0.06879587082275762,0.9998259596016319
2018-08-31,EURO STOXX 50,^STOXX50E,107.79102598263503,1.0855566049185583,0.9801418771269589
2018-09-03,EURO STOXX 50,^STOXX50E,109.05590971347732,1.166627577972168,0.9895152746387762
2018-09-04,EURO STOXX 50,^STOXX50E,112.05504797773891,2.7129566474800804,1.002298597632528
2018-09-05,EURO STOXX 50,^STOXX50E,112.60413225682575,0.4888163233194298,1.1453394815362508
2018-09-06,EURO STOXX 50,^STOXX50E,112.97901179227709,0.33236515266130695,1.1208428256327163
2018-09-07,EURO STOXX 50,^STOXX50E,113.87428950933665,0.7893051235495996,1.0952930343587672
2018-09-10,EURO STOXX 50,^STOXX50E,114.49525284368785,0.543824590918085,1.0824065767214994
2018-09-11,EURO STOXX 50,^STOXX50E,114.44652599739626,-0.042567020553452295,1.0633603731153776
2018-09-12,EURO STOXX 50,^STOXX50E,110.8709206999299,-3.174104397929778,1.0393907974785217
2018-09-13,EURO STOXX 50,^STOXX50E,108.36167291520007,-2.2892192477890205,1.2331959555335086
2018-09-14,EURO STOXX 50,^STOXX50E,108.01960399415779,-0.3161726475471305,1.3003815662022817
2018-09-17,EURO STOXX 50,^STOXX50E,108.26323194751642,0.22528653773230545,1.2639972757918294
2018-09-18,EURO STOXX 50,^STOXX50E,108.25218042591945,-0.010208531102229301,1.2284598935838742
2018-09-19,EURO STOXX 50,^STOXX50E,108.12369590089617,-0.11876050353274437,1.1942021650732242
2018-09-20,EURO STOXX 50,^STOXX50E,108.57594121032899,0.4173942993525692,1.16236701476439
2018-09-21,EURO STOXX 50,^STOXX50E,108.20013196847394,-0.3467261057359394,1.1354483459282267
2018-09-24,EURO STOXX 50,^STOXX50E,106.42032123283298,-1.658603838145467,1.1096937318862579
2018-09-25,EURO STOXX 50,^STOXX50E,107.94817963264114,1.4254746056492351,1.143005885054388
2018-09-26,EURO STOXX 50,^STOXX50E,107.84337377547071,-0.09713620737779038,1.1556192414010136
2018-09-27,EURO STOXX 50,^STOXX50E,108.27661181199679,0.4009241585605672,1.1260332646308844
2018-09-28,EURO STOXX 50,^STOXX50E,108.19310882887059,-0.07714980831572404,1.1011871335191323
2018-10-01,EURO STOXX 50,^STOXX50E,107.83677417783541,-0.32989415097759434,1.0749161288737876
2018-10-02,EURO STOXX 50,^STOXX50E,107.41631668030334,-0.3906638744200386,1.0528655684224923
2018-10-03,EURO STOXX 50,^STOXX50E,106.79404718906444,-0.580990789046254,1.0333572018445822
2018-10-04,EURO STOXX 50,^STOXX50E,106.50902024139432,-0.2672508377393079,1.019695126826747
2018-10-05,EURO STOXX 50,^STOXX50E,106.38063114433245,-0.12061564457583884,1.0004434045681494
2018-10-08,EURO STOXX 50,^STOXX50E,105.38254958764783,-0.9426463503891647,0.9810018232412282
2018-10-09,EURO STOXX 50,^STOXX50E,104.54889006010015,-0.794224925209086,0.9850385863768473
2018-10-10,EURO STOXX 50,^STOXX50E,104.30023811280927,-0.23811644985354263,0.9823386547558756
2018-10-11,EURO STOXX 50,^STOXX50E,104.10527196880595,-0.18710273140492006,0.9652772410024565
2018-10-12,EURO STOXX 50,^STOXX50E,104.21635797706872,0.10664856915783005,0.9488192874617548
2018-10-15,EURO STOXX 50,^STOXX50E,103.15678121556002,-1.0219124681525749,0.9326453897415459
2018-10-16,EURO STOXX 50,^STOXX50E,103.5445870942032,0.3752334460485507,0.9451324144254253
2018-10-17,EURO STOXX 50,^STOXX50E,104.54194376895454,0.9586053533235273,0.9322913989465269
2018-10-18,EURO STOXX 50,^STOXX50E,104.803864111564,0.25022758461377137,0.9398403247070705
2018-10-19,EURO STOXX 50,^STOXX50E,104.20115043697116,-0.5767472580531674,0.9254870112132415
2018-10-22,EURO STOXX 50,^STOXX50E,105.05165490056146,0.8129010702776718,0.9199782570064347
2018-10-23,EURO STOXX 50,^STOXX50E,105.21429463695706,0.15469910291123767,0.9221541011266094
2018-10-24,EURO STOXX 50,^STOXX50E,104.8985573026219,-0.30054094176366064,0.9081490729480743
2018-10-25,EURO STOXX 50,^STOXX50E,105.02466877175361,0.12015010121677605,0.8973566929451838
2018-10-26,EURO STOXX 50,^STOXX50E,105.49662118350571,0.4483662459976223,0.8849243884042773
2018-10-29,EURO STOXX 50,^STOXX50E,105.76384068333162,0.2529764821824543,0.8781723022467601
2018-10-30,EURO STOXX 50,^STOXX50E,103.41438552574019,-2.2464613123950983,0.8683841507212706
2018-10-31,EURO STOXX 50,^STOXX50E,102.90183033149162,-0.49686472446390795,0.9903218498541954
2018-11-01,EURO STOXX 50,^STOXX50E,102.245650572371,-0.6397173331207817,0.9775907217615707
2018-11-02,EURO STOXX 50,^STOXX50E,101.96787048761713,-0.27204883852371964,0.9699374287179996
2018-11-05,EURO STOXX 50,^STOXX50E,102.39567597571681,0.41867164707740656,0.9542070564794887
2018-11-06,EURO STOXX 50,^STOXX50E,102.61705063157396,0.2159619508122823,0.9415400997400065
2018-11-07,EURO STOXX 50,^STOXX50E,104.1778724793875,1.5095646102291305,0.9266851125625484
2018-11-08,EURO STOXX 50,^STOXX50E,103.4524737308866,-0.6987434285583127,0.9683945932347633
2018-11-09,EURO STOXX 50,^STOXX50E,104.15826428804824,0.6799198181166588,0.963479504675519
2018-11-12,EURO STOXX 50,^STOXX50E,104.47499184133791,0.30362158217842605,0.9570880225740863
2018-11-13,EURO STOXX 50,^STOXX50E,104.15638587976355,-0.30542501586223736,0.942209553939348
2018-11-14,EURO STOXX 50,^STOXX50E,103.95331329461808,-0.19515923611912456,0.9289870085708986
2018-11-15,EURO STOXX 50,^STOXX50E,103.61989219527865,-0.3212566721324528,0.9151896984014185
2018-11-16,EURO STOXX 50,^STOXX50E,103.04649307609262,-0.5549045528328023,0.9042322735798963
2018-11-19,EURO STOXX 50,^STOXX50E,103.23138759095913,0.17926746559986384,0.8997708679981332
2018-11-20,EURO STOXX 50,^STOXX50E,102.84041651781304,-0.3794517585254731,0.8875821963501574
2018-11-21,EURO STOXX 50,^STOXX50E,103.35786706004141,0.5018971249104887,0.8798763169461746
2018-11-22,EURO STOXX 50,^STOXX50E,104.44276968458858,1.0441859072123805,0.874860190659141
2018-11-23,EURO STOXX 50,^STOXX50E,103.71493598260433,-0.6993127309926628,0.8924441790646095
2018-11-26,EURO STOXX 50,^STOXX50E,103.06159975227895,-0.6319270241675667,0.8939369108894145
2018-11-27,EURO STOXX 50,^STOXX50E,101.82225743571097,-1.2098146236774632,0.8928386732484194
2018-11-28,EURO STOXX 50,^STOXX50E,101.28224775419703,-0.5317567460896733,0.920431391139003
2018-11-29,EURO STOXX 50,^STOXX50E,100.81128521293586,-0.46608457670576087,0.9139852858427128
2018-11-30,EURO STOXX 50,^STOXX50E,99.42945206415277,-1.380193764120996,0.906264947473847
2018-12-03,EURO STOXX 50,^STOXX50E,100.66772012022787,1.237682521554273,0.9437411229545918
2018-12-04,EURO STOXX 50,^STOXX50E,100.34818314057759,-0.3179223569968137,0.9652663419373096
2018-12-05,EURO STOXX 50,^STOXX50E,100.05054496798051,-0.2970461881277586,0.9505883005615522
2018-12-06,EURO STOXX 50,^STOXX50E,100.72915768755024,0.6759799867088745,0.9366217697402675
2018-12-07,EURO STOXX 50,^STOXX50E,102.4520477398617,1.6959554346802186,0.9322628417268488
2018-12-10,EURO STOXX 50,^STOXX50E,99.32128278865892,-3.1034985915126434,0.9876685709942923
2018-12-11,EURO STOXX 50,^STOXX50E,99.02380414989352,-0.2999609079385124,1.1847482957898294
2018-12-12,EURO STOXX 50,^STOXX50E,99.92268136956855,0.9036433430468449,1.1551924816959753
2018-12-13,EURO STOXX 50,^STOXX50E,100.5522453059157,0.6280745591084269,1.1418821882071724
2018-12-14,EURO STOXX 50,^STOXX50E,100.1125528747743,-0.43823644089355795,1.1208260647840151
2018-12-17,EURO STOXX 50,^STOXX50E,98.15463354752563,-1.975095335628918,1.0976546733835923
2018-12-18,EURO STOXX 50,^STOXX50E,98.12621331785498,-0.02895873980897079,1.1565649538998808
2018-12-19,EURO STOXX 50,^STOXX50E,98.18781411931307,0.06275741401067236,1.1266866963937625
2018-12-20,EURO STOXX 50,^STOXX50E,99.03325236046699,0.85735609787152,1.0986566314158326
2018-12-21,EURO STOXX 50,^STOXX50E,100.23412945710565,1.2053067831901743,1.0879278574214182
2018-12-24,EURO STOXX 50,^STOXX50E,99.83569317152623,-0.3982977613323335,1.093539506157933
2018-12-25,EURO STOXX 50,^STOXX50E,98.8879099918979,-0.9538780003617298,1.0714205797348169
2018-12-26,EURO STOXX 50,^STOXX50E,100.02004679395576,1.1383647454001,1.068174604146876
2018-12-27,EURO STOXX 50,^STOXX50E,100.00353196515985,-0.01651288206705459,1.0721529339063607
2018-12-28,EURO STOXX 50,^STOXX50E,100.28222985320696,0.27830042974166247,1.0475596580202478
2018-12-31,EURO STOXX 50,^STOXX50E,98.81760126816724,-1.4712769938951098,1.02611170638533
2019-01-01,EURO STOXX 50,^STOXX50E,98.69753625949103,-0.12157551564673241,1.0559040190828808
2019-01-02,EURO STOXX 50,^STOXX50E,98.30550039834971,-0.39800034080021973,1.0327831881416372
2019-01-03,EURO STOXX 50,^STOXX50E,98.2739685476732,-0.03208051289993463,1.0148024257423225
2019-01-04,EURO STOXX 50,^STOXX50E,96.98059550024936,-1.3248263578709008,0.9939931757416631
2019-01-07,EURO STOXX 50,^STOXX50E,97.66108974375332,0.6992305016550127,1.0177452404237375
2019-01-08,EURO STOXX 50,^STOXX50E,96.9550164426052,-0.7256094194167062,1.007743627005834
2019-01-09,EURO STOXX 50,^STOXX50E,95.70709654228747,-1.2954673168112052,1.0006276869059103
2019-01-10,EURO STOXX 50,^STOXX50E,94.76167620633282,-0.9927381657288237,1.0218506372473914
2019-01-11,EURO STOXX 50,^STOXX50E,94.66055900030229,-0.10676382899301728,1.0246042683783847
2019-01-14,EURO STOXX 50,^STOXX50E,95.3064051831804,0.6799589328725375,1.0034543277031496
2019-01-15,EURO STOXX 50,^STOXX50E,95.18603049796883,-0.12638265745676946,0.9939332791181378
2019-01-16,EURO STOXX 50,^STOXX50E,95.26914307033701,0.08727783665509747,0.974973086508902
2019-01-17,EURO STOXX 50,^STOXX50E,94.76146547080143,-0.5343126680905641,0.9569115662430159
2019-01-18,EURO STOXX 50,^STOXX50E,94.02440534025209,-0.780846439819527,0.9476892676389915
2019-01-21,EURO STOXX 50,^STOXX50E,92.53028640206759,-1.60183683600561,0.9476104813404905
2019-01-22,EURO STOXX 50,^STOXX50E,92.36250450357643,-0.18149106162992368,0.9963294837608232
2019-01-23,EURO STOXX 50,^STOXX50E,90.93290779911948,-1.5599143212762456,0.9776692144611181
2019-01-24,EURO STOXX 50,^STOXX50E,91.28005556863712,0.381035666306051,1.0194001973794433
2019-01-25,EURO STOXX 50,^STOXX50E,91.35553557225774,0.08265640606683888,1.0013758044745475
2019-01-28,EURO STOXX 50,^STOXX50E,90.02485230703401,-1.4673109429170772,0.9815065981252351
2019-01-29,EURO STOXX 50,^STOXX50E,90.15853324400906,0.14838322755892364,1.0161206002180974
2019-01-30,EURO STOXX 50,^STOXX50E,89.22412784659663,-1.0418106668450555,0.995572318942357
2019-01-31,EURO STOXX 50,^STOXX50E,89.21567407830453,-0.009475204755027278,1.0030950987272784
2019-02-01,EURO STOXX 50,^STOXX50E,90.18762451898684,1.0835474685101154,0.9830265340444434
2019-02-04,EURO STOXX 50,^STOXX50E,90.88207497897535,0.7670569586142761,0.9920247208720029
2019-02-05,EURO STOXX 50,^STOXX50E,90.41313720890413,-0.5173206840089151,0.9863689302431404
2019-02-06,EURO STOXX 50,^STOXX50E,90.13706193794715,-0.30581576472767935,0.9744568148623252
2019-02-07,EURO STOXX 50,^STOXX50E,91.03804221796322,0.9946043211243705,0.9589236497152206
2019-02-08,EURO STOXX 50,^STOXX50E,91.38761413632022,0.38324910346343444,0.9657349717692362
2019-02-11,EURO STOXX 50,^STOXX50E,91.32469252017046,-0.06887507446933228,0.9515439108701291
2019-02-12,EURO STOXX 50,^STOXX50E,91.2926556584534,-0.03508632927298194,0.9351706565592556
2019-02-13,EURO STOXX 50,^STOXX50E,91.4762798423121,0.20093594695174133,0.9198243166910115
2019-02-14,EURO STOXX 50,^STOXX50E,91.62769543587275,0.16538759231696787,0.9063762569013395
2019-02-15,EURO STOXX 50,^STOXX50E,92.03004058101921,0.4381473903951161,0.8935906875408359
2019-02-18,EURO STOXX 50,^STOXX50E,93.36885016900487,1.4442727835238145,0.8859245845343422
2019-02-19,EURO STOXX 50,^STOXX50E,95.07291143421268,1.8086306372667948,0.9279771419657488
2019-02-20,EURO STOXX 50,^STOXX50E,93.34853450153685,-1.8303915114179503,0.993413629039564
2019-02-21,EURO STOXX 50,^STOXX50E,93.0297544867488,-0.3420788197773028,1.054425550362095
2019-02-22,EURO STOXX 50,^STOXX50E,92.66524813603827,-0.3925865679986096,1.0339482285490547
2019-02-25,EURO STOXX 50,^STOXX50E,92.41994756844817,-0.26506788971625284,1.0157812554844647
2019-02-26,EURO STOXX 50,^STOXX50E,91.22094158798438,-1.3058344727417293,0.9967670361835598
2019-02-27,EURO STOXX 50,^STOXX50E,90.92362953964692,-0.3264575063047559,1.019036228061621
2019-02-28,EURO STOXX 50,^STOXX50E,90.86582593130429,-0.06359401885109861,1.0007193121405942
2019-03-01,EURO STOXX 50,^STOXX50E,90.63562198854416,-0.25366636887893534,0.9809537253081527
2019-03-04,EURO STOXX 50,^STOXX50E,90.07495706960555,-0.6205134429119852,0.9641919964258198
2019-03-05,EURO STOXX 50,^STOXX50E,89.01416645505364,-1.1846649309187107,0.9569765130958712
2019-03-06,EURO STOXX 50,^STOXX50E,88.88202010042431,-0.14856572419441605,0.9760843983907925
2019-03-07,EURO STOXX 50,^STOXX50E,88.95382182766929,0.08075057352678883,0.9585172246676029
2019-03-08,EURO STOXX 50,^STOXX50E,89.91043967668936,1.0696680960490035,0.9415680694589476
2019-03-11,EURO STOXX 50,^STOXX50E,89.34178510063202,-0.6344763468461245,0.9538147845923575
2019-03-12,EURO STOXX 50,^STOXX50E,88.36824435700682,-1.095661832747119,0.9478758558584964
2019-03-13,EURO STOXX 50,^STOXX50E,87.61814170708342,-0.8524604762004451,0.9628320570070547
2019-03-14,EURO STOXX 50,^STOXX50E,87.47373392134132,-0.1649509070215771,0.9644295001916703
2019-03-15,EURO STOXX 50,^STOXX50E,89.21874387738443,1.9752586122311122,0.9478143872626666
2019-03-18,EURO STOXX 50,^STOXX50E,89.71175721860938,0.5510682481090434,1.025047479411182
2019-03-19,EURO STOXX 50,^STOXX50E,88.48164027184231,-1.380675720995228,1.0102420050167662
2019-03-20,EURO STOXX 50,^STOXX50E,88.7049708993343,0.25208535146354905,1.0358047653123144
2019-03-21,EURO STOXX 50,^STOXX50E,87.34720633800772,-1.5424875775359226,1.0148382942217367
2019-03-22,EURO STOXX 50,^STOXX50E,87.88482720488477,0.6136121836640029,1.0508432517261341
2019-03-25,EURO STOXX 50,^STOXX50E,88.74699168538591,0.9762355765658981,1.0358173529308852
2019-03-26,EURO STOXX 50,^STOXX50E,88.11016395791535,-0.7201636569336145,1.0349746314719495
2019-03-27,EURO STOXX 50,^STOXX50E,87.7484878368899,-0.4113265139539912,1.0255361043344835
2019-03-28,EURO STOXX 50,^STOXX50E,87.84835015107488,0.11374045921916931,1.0083276301257273
2019-03-29,EURO STOXX 50,^STOXX50E,87.47468849934859,-0.4262556939116813,0.9881125626188808
2019-04-01,EURO STOXX 50,^STOXX50E,87.55905167867532,0.09639648421346791,0.9738857678914717
2019-04-02,EURO STOXX 50,^STOXX50E,87.04265408173968,-0.5915166754879131,0.9559324806450108
2019-04-03,EURO STOXX 50,^STOXX50E,86.40469970062877,-0.7356206295909828,0.9484602191692917
2019-04-04,EURO STOXX 50,^STOXX50E,86.72838761322724,0.3739184632554071,0.9465456983295083
2019-04-05,EURO STOXX 50,^STOXX50E,86.43862900384495,-0.3346582801679432,0.9335773123333149
2019-04-08,EURO STOXX 50,^STOXX50E,86.8447624960762,0.4687514854976982,0.9214973016212277
2019-04-09,EURO STOXX 50,^STOXX50E,86.97077850545244,0.14499972871142575,0.9123836918654349
2019-04-10,EURO STOXX 50,^STOXX50E,87.81773652075063,0.9691307739767119,0.8990137597451354
2019-04-11,EURO STOXX 50,^STOXX50E,87.87413411367798,0.0642005741766205,0.9102400317549313
2019-04-12,EURO STOXX 50,^STOXX50E,87.30379681406126,-0.6511542998547171,0.8966517560376351
2019-04-15,EURO STOXX 50,^STOXX50E,87.97867986328673,0.7700557374390904,0.8960002050951433
2019-04-16,EURO STOXX 50,^STOXX50E,88.59497417256648,0.6980620243297153,0.8985505299751413
2019-04-17,EURO STOXX 50,^STOXX50E,87.2117663351423,-1.5735874239460657,0.8981377000825722
2019-04-18,EURO STOXX 50,^STOXX50E,87.48250054804436,0.30995227774628376,0.9512400235231281
2019-04-19,EURO STOXX 50,^STOXX50E,87.35580644530175,-0.1449271925551443,0.9368729550934071
2019-04-22,EURO STOXX 50,^STOXX50E,88.73825033408089,1.5701521289242848,0.9220207758192873
2019-04-23,EURO STOXX 50,^STOXX50E,89.81011755700577,1.200660764508843,0.9688727146974996
2019-04-24,EURO STOXX 50,^STOXX50E,88.09313365515997,-1.9303044809404035,0.9856136592725595
2019-04-25,EURO STOXX 50,^STOXX50E,87.83944353615621,-0.2883949054639068,1.0563237786613517
2019-04-26,EURO STOXX 50,^STOXX50E,88.68029033440274,0.9527015928322946,1.0348929869763792
2019-04-29,EURO STOXX 50,^STOXX50E,88.96602150327499,0.32168572746149593,1.033099383885032
2019-04-30,EURO STOXX 50,^STOXX50E,88.82360771673345,-0.16020486417094304,1.0131971181158008
2019-05-01,EURO STOXX 50,^STOXX50E,88.3932323285408,-0.48570579879996245,0.9931977564474347
2019-05-02,EURO STOXX 50,^STOXX50E,89.35278539698477,1.0797005777002155,0.9799775134660191
2019-05-03,EURO STOXX 50,^STOXX50E,90.7038251529377,1.5007114793102794,0.9890653464648165
2019-05-06,EURO STOXX 50,^STOXX50E,91.85781849326233,1.264240053379151,1.0226360163088082
2019-05-07,EURO STOXX 50,^STOXX50E,90.81062797039964,-1.1465603557576642,1.0376404234318872
2019-05-08,EURO STOXX 50,^STOXX50E,90.71853547903768,-0.10146303493341335,1.0466733770244774
2019-05-09,EURO STOXX 50,^STOXX50E,88.643817421937,-2.3135407885610526,1.0240356960491022
2019-05-10,EURO STOXX 50,^STOXX50E,87.59160546825828,-1.1941123292228184,1.1246133142969073
2019-05-13,EURO STOXX 50,^STOXX50E,88.73678931806973,1.2989399159079262,1.1282063723594686
2019-05-14,EURO STOXX 50,^STOXX50E,89.29540812068514,0.6275501217651858,1.1351102366212922
2019-05-15,EURO STOXX 50,^STOXX50E,91.33840430140971,2.2621271987615543,1.1145059324278646
2019-05-16,EURO STOXX 50,^STOXX50E,92.23858063599404,0.9807150387701746,1.1927200788678345
2019-05-17,EURO STOXX 50,^STOXX50E,92.4953685356474,0.2780085265268184,1.1795144028535716
2019-05-20,EURO STOXX 50,^STOXX50E,93.1318069448077,0.6857195357832246,1.149592775256035
2019-05-21,EURO STOXX 50,^STOXX50E,91.99312688649552,-1.230190223498706,1.1295677430713973
2019-05-22,EURO STOXX 50,^STOXX50E,93.01453605879966,1.1041916144146846,1.134592166329607
2019-05-23,EURO STOXX 50,^STOXX50E,94.46954214389973,1.552169454566421,1.131221766697121
2019-05-24,EURO STOXX 50,^STOXX50E,95.25762341578715,0.83075694727901,1.1527180433314361
2019-05-27,EURO STOXX 50,^STOXX50E,94.41240510443373,-0.891257214288288,1.1369960378727122
2019-05-28,EURO STOXX 50,^STOXX50E,94.49341859441336,0.08577130483322648,1.1259514747941224
2019-05-29,EURO STOXX 50,^STOXX50E,95.43626765581482,0.9928482746405898,1.0980237883858928
2019-05-30,EURO STOXX 50,^STOXX50E,95.17621458949077,-0.272860648587514,1.0927302788311437
2019-05-31,EURO STOXX 50,^STOXX50E,93.94530429947156,-1.3017320067481464,1.0686855987509178
2019-06-03,EURO STOXX 50,^STOXX50E,94.34007385529723,0.4193316954935078,1.083383400563503
2019-06-04,EURO STOXX 50,^STOXX50E,94.97673444714029,0.6725900332256174,1.061675288891901
2019-06-05,EURO STOXX 50,^STOXX50E,93.95267549748408,-1.0840757710092852,1.0475497341706288
2019-06-06,EURO STOXX 50,^STOXX50E,93.21928345643965,-0.7836599012082779,1.0524499900180935
2019-06-07,EURO STOXX 50,^STOXX50E,93.3425007974584,0.13209281785959703,1.0439077733463813
2019-06-10,EURO STOXX 50,^STOXX50E,95.5187401382799,2.3046927542685225,1.0214235774520368
2019-06-11,EURO STOXX 50,^STOXX50E,94.90099945207274,-0.6488222855700165,1.1180476335070577
2019-06-12,EURO STOXX 50,^STOXX50E,93.50404848062149,-1.4829502579249976,1.1002060745776394
2019-06-13,EURO STOXX 50,^STOXX50E,92.37683401788988,-1.2128501493734234,1.1227799228103372
2019-06-14,EURO STOXX 50,^STOXX50E,90.85412333563924,-1.6621053116190332,1.1275056888948545
2019-06-17,EURO STOXX 50,^STOXX50E,90.92847509700889,0.08180295161022144,1.1590749085679832
2019-06-18,EURO STOXX 50,^STOXX50E,91.20349949052603,0.3020058429342498,1.1290823366144103
2019-06-19,EURO STOXX 50,^STOXX50E,91.52682234049908,0.3538801706806538,1.1026091142731
2019-06-20,EURO STOXX 50,^STOXX50E,91.77176423880596,0.2672601558751708,1.0785504649762976
2019-06-21,EURO STOXX 50,^STOXX50E,90.62339240768533,-1.2592297148495746,1.054928642991113
2019-06-24,EURO STOXX 50,^STOXX50E,91.51023168746548,0.9738413683004765,1.0685219231423837
2019-06-25,EURO STOXX 50,^STOXX50E,91.85614610893158,0.3772936303431784,1.0648341627101434
2019-06-26,EURO STOXX 50,^STOXX50E,91.72456596357657,-0.14334857556805858,1.0436458979406236
2019-06-27,EURO STOXX 50,^STOXX50E,90.96198038097234,-0.8348617094927846,1.0214817132433873
2019-06-28,EURO STOXX 50,^STOXX50E,93.31542401911254,2.55437893756012,1.0173851065532895
2019-07-01,EURO STOXX 50,^STOXX50E,94.74712585504054,1.5226098939458588,1.1401887272279374
2019-07-02,EURO STOXX 50,^STOXX50E,94.67595052717714,-0.07514958850043385,1.1589169089581268
2019-07-03,EURO STOXX 50,^STOXX50E,94.70567736267002,0.03139357926977837,1.1290306868204394
2019-07-04,EURO STOXX 50,^STOXX50E,94.16499856122358,-0.5725402059005624,1.100814587346702
2019-07-05,EURO STOXX 50,^STOXX50E,93.71040447949878,-0.4839323951377317,1.0820881890645524
2019-07-08,EURO STOXX 50,^STOXX50E,93.57173481624635,-0.1480863996056847,1.0625066389875013
2019-07-09,EURO STOXX 50,^STOXX50E,91.94863784388949,-1.7498222575182076,1.039141560376005
2019-07-10,EURO STOXX 50,^STOXX50E,94.09064052908599,2.30284417719977,1.0875977650553919
2019-07-11,EURO STOXX 50,^STOXX50E,91.97874264996273,-2.2701086418365435,1.173549475493993
2019-07-12,EURO STOXX 50,^STOXX50E,93.77666538723663,1.9358563006526275,1.2472197801909322
2019-07-15,EURO STOXX 50,^STOXX50E,94.08084029740218,0.3238360638079918,1.2822872487662407
2019-07-16,EURO STOXX 50,^STOXX50E,95.2979160374873,1.2853527185463065,1.2466383196739124
2019-07-17,EURO STOXX 50,^STOXX50E,92.68951301322498,-2.775260508457933,1.2425591974022085
2019-07-18,EURO STOXX 50,^STOXX50E,93.04055931821023,0.37801818371097085,1.3529956488061747
2019-07-19,EURO STOXX 50,^STOXX50E,95.02134576169355,2.106603880836211,1.313843362114892
2019-07-22,EURO STOXX 50,^STOXX50E,92.81757744395517,-2.346552462184448,1.3538579884195403
2019-07-23,EURO STOXX 50,^STOXX50E,92.4560657537003,-0.3902467105534768,1.4103791109324457
2019-07-24,EURO STOXX 50,^STOXX50E,94.03660855330281,1.6950592285701838,1.3685450678099973
2019-07-25,EURO STOXX 50,^STOXX50E,95.24727240978477,1.279221833134514,1.375879540703053
2019-07-26,EURO STOXX 50,^STOXX50E,96.96255170064784,1.7848461540308946,1.3612778182152587
2019-07-29,EURO STOXX 50,^STOXX50E,98.05264774272648,1.1179717263770428,1.3746561373535449
2019-07-30,EURO STOXX 50,^STOXX50E,98.62095158416409,0.5779173464116383,1.3534444524581615
2019-07-31,EURO STOXX 50,^STOXX50E,98.09880241286629,-0.5308571070353096,1.3176044033518226
2019-08-01,EURO STOXX 50,^STOXX50E,97.00084022404167,-1.1255518107496698,1.283730348864637
2019-08-02,EURO STOXX 50,^STOXX50E,98.18302869838776,1.2113736009930598,1.2710129326953417
2019-08-05,EURO STOXX 50,^STOXX50E,97.9234567606592,-0.2647256552584132,1.26149106908549
2019-08-06,EURO STOXX 50,^STOXX50E,95.99832489462344,-1.9855377725474632,1.2268200019835767
2019-08-07,EURO STOXX 50,^STOXX50E,96.17761313414852,0.18658765855912307,1.2704817115557063
2019-08-08,EURO STOXX 50,^STOXX50E,95.70969640884151,-0.48770046740225226,1.234278491425715
2019-08-09,EURO STOXX 50,^STOXX50E,95.66862087369023,-0.042926007883448136,1.2047371235328663
2019-08-12,EURO STOXX 50,^STOXX50E,94.53987037924081,-1.1868699837743968,1.1719585189559645
2019-08-13,EURO STOXX 50,^STOXX50E,94.31820077561241,-0.23474739953437407,1.171075823226281
2019-08-14,EURO STOXX 50,^STOXX50E,94.82202348663706,0.5327517238941759,1.1415977994029698
2019-08-15,EURO STOXX 50,^STOXX50E,94.91494415159842,0.09794682981043579,1.1182730201062623
2019-08-16,EURO STOXX 50,^STOXX50E,94.62428970082992,-0.3066960572663646,1.0908658186588853
2019-08-19,EURO STOXX 50,^STOXX50E,92.45477361202427,-2.3194614238138733,1.067408726279565
2019-08-20,EURO STOXX 50,^STOXX50E,92.09937276355163,-0.3851458173970812,1.1614675172042797
2019-08-21,EURO STOXX 50,^STOXX50E,93.45326415127491,1.4593329826013246,1.134665789437989
2019-08-22,EURO STOXX 50,^STOXX50E,93.12989346829127,-0.3466240049522007,1.1500856958496528
2019-08-23,EURO STOXX 50,^STOXX50E,92.31015316102219,-0.8841085426061213,1.1233882681662375
2019-08-26,EURO STOXX 50,^STOXX50E,92.48148086689973,0.18542804263761425,1.113116285482037
2019-08-27,EURO STOXX 50,^STOXX50E,93.5257446972183,1.12283251196299,1.0865096841514317
2019-08-28,EURO STOXX 50,^STOXX50E,95.23593036369643,1.8120547629497885,1.0881077011653968
2019-08-29,EURO STOXX 50,^STOXX50E,96.48528898052767,1.3033260547143044,1.1325201803304235
2019-08-30,EURO STOXX 50,^STOXX50E,96.50489241444701,0.02031547288581237,1.1392667774473164
2019-09-02,EURO STOXX 50,^STOXX50E,98.06453038514334,1.6032029634811984,1.1104103788822737
2019-09-03,EURO STOXX 50,^STOXX50E,99.34575802383046,1.2980535502235213,1.1374154262126326
2019-09-04,EURO STOXX 50,^STOXX50E,98.29920229683525,-1.0590358658385313,1.1434340289303653
2019-09-05,EURO STOXX 50,^STOXX50E,98.04330488769047,-0.2606644457254781,1.1389055084626372
2019-09-06,EURO STOXX 50,^STOXX50E,96.21683454767023,-1.8804930016726118,1.1117394444551416
2019-09-09,EURO STOXX 50,^STOXX50E,97.64598806179241,1.4744233942206364,1.161252486352483
2019-09-10,EURO STOXX 50,^STOXX50E,98.6268022791832,0.9994481457225923,1.1749855686486566
2019-09-11,EURO STOXX 50,^STOXX50E,98.53376117638793,-0.09438105478212222,1.163875344262666
2019-09-12,EURO STOXX 50,^STOXX50E,97.34798037279909,-1.2107256950526946,1.1337673341698213
2019-09-13,EURO STOXX 50,^STOXX50E,99.03962387062762,1.722802561604908,1.137403361690745
2019-09-16,EURO STOXX 50,^STOXX50E,97.75862569626594,-1.301857378754523,1.1696074904920415
2019-09-17,EURO STOXX 50,^STOXX50E,98.38901940261442,0.642776900518971,1.1748412085036188
2019-09-18,EURO STOXX 50,^STOXX50E,97.63660103623918,-0.7676772657229769,1.1519226392225226
2019-09-19,EURO STOXX 50,^STOXX50E,98.50085832460438,0.8812828358106373,1.1353404405764627
2019-09-20,EURO STOXX 50,^STOXX50E,98.33671726265797,-0.16677821752599797,1.122699998971389
2019-09-23,EURO STOXX 50,^STOXX50E,97.87261839410483,-0.47306590434166296,1.0956187998410791
2019-09-24,EURO STOXX 50,^STOXX50E,97.07776288726637,-0.8154484296392539,1.0748689645242109
2019-09-25,EURO STOXX 50,^STOXX50E,97.13669045252243,0.0606829883677662,1.065752009628763
2019-09-26,EURO STOXX 50,^STOXX50E,98.18515190278912,1.0735834844836312,1.0415860542243123
2019-09-27,EURO STOXX 50,^STOXX50E,97.7049180123946,-0.4903105631524518,1.0447459067265419
2019-09-30,EURO STOXX 50,^STOXX50E,98.8936539684426,1.2093174749411517,1.0279200756513218
2019-10-01,EURO STOXX 50,^STOXX50E,99.6684187459245,0.7803793531825143,1.0393304956479898
2019-10-02,EURO STOXX 50,^STOXX50E,101.55407050533951,1.8742507019642751,1.0304066259562317
2019-10-03,EURO STOXX 50,^STOXX50E,101.3270463167342,-0.22380030918460747,1.087056750486216
2019-10-04,EURO STOXX 50,^STOXX50E,101.53541426291012,0.20542787350370517,1.0627958003871232
2019-10-07,EURO STOXX 50,^STOXX50E,102.0842197113154,0.5390509418043976,1.0395871840830808
2019-10-08,EURO STOXX 50,^STOXX50E,102.44492522817326,0.3527183286534452,1.023439251258006
2019-10-09,EURO STOXX 50,^STOXX50E,102.27160271486875,-0.1693293223162584,1.0046654862991422
2019-10-10,EURO STOXX 50,^STOXX50E,103.92429701879327,1.6030674700175496,0.9853233155850307
2019-10-11,EURO STOXX 50,^STOXX50E,104.13876361498318,0.20615545257633983,1.026659833842411
2019-10-14,EURO STOXX 50,^STOXX50E,104.47838713046518,0.3255952967471387,1.005846207359802
2019-10-15,EURO STOXX 50,^STOXX50E,105.03523532712668,0.5315640112774744,0.9878670299944587
2019-10-16,EURO STOXX 50,^STOXX50E,106.67891911972276,1.55276988673414,0.9752907819455456
2019-10-17,EURO STOXX 50,^STOXX50E,105.57395575454306,-1.041185753495899,1.0141752400518385
2019-10-18,EURO STOXX 50,^STOXX50E,106.78048407473636,1.1363466704271907,1.0199591966160158
2019-10-21,EURO STOXX 50,^STOXX50E,105.26370712360209,-1.4306478409447543,1.028227534768303
2019-10-22,EURO STOXX 50,^STOXX50E,104.98304556791733,-0.26698316982756154,1.055085665571295
2019-10-23,EURO STOXX 50,^STOXX50E,104.12079340010749,-0.8247166185824994,1.033445189468652
2019-10-24,EURO STOXX 50,^STOXX50E,104.92412648282672,0.7685783875135854,1.02797189480792
2019-10-25,EURO STOXX 50,^STOXX50E,105.45667223006751,0.5062694770305853,1.01951818595985
2019-10-28,EURO STOXX 50,^STOXX50E,105.83075704822866,0.35410077193711587,1.0040256462479547
2019-10-29,EURO STOXX 50,^STOXX50E,106.70935712113288,0.8267663551454696,0.9866168715111224
2019-10-30,EURO STOXX 50,^STOXX50E,108.04329703443918,1.242319518451307,0.9836590741763781
2019-10-31,EURO STOXX 50,^STOXX50E,106.83783976836956,-1.1219876530731199,1.0013085976510707
2019-11-01,EURO STOXX 50,^STOXX50E,105.58294884392694,-1.1815279768599751,1.0124701937029403
2019-11-04,EURO STOXX 50,^STOXX50E,105.32512265886167,-0.24449165141984253,1.0258157730996345
2019-11-05,EURO STOXX 50,^STOXX50E,105.19698174406777,-0.12173631931187145,1.0058517435532748
2019-11-06,EURO STOXX 50,^STOXX50E,105.24360693429196,0.044311975441591045,0.9860524586924525
2019-11-07,EURO STOXX 50,^STOXX50E,103.34454742567132,-1.8209202603622465,0.9671330469668318
2019-11-08,EURO STOXX 50,^STOXX50E,102.55168369191776,-0.7701623759754916,1.031038511486561
2019-11-11,EURO STOXX 50,^STOXX50E,102.44366712231266,-0.10538441888847672,1.0236867388515882
2019-11-12,EURO STOXX 50,^STOXX50E,103.83901443234632,1.3528703248380403,1.002589692376258
2019-11-13,EURO STOXX 50,^STOXX50E,103.83753849828443,-0.0014213776577953752,1.0249440295077006
2019-11-14,EURO STOXX 50,^STOXX50E,104.41226231275942,0.5519575734049376,1.0034106355974934
2019-11-15,EURO STOXX 50,^STOXX50E,104.65511859273957,0.23232355823417095,0.9902067968956773
2019-11-18,EURO STOXX 50,^STOXX50E,103.77799900848001,-0.8416366572915557,0.9721190505009977
2019-11-19,EURO STOXX 50,^STOXX50E,104.10894784363991,0.31839335730516893,0.972449670733159
2019-11-20,EURO STOXX 50,^STOXX50E,102.49161962237248,-1.5656890782547173,0.9566979150745872
2019-11-21,EURO STOXX 50,^STOXX50E,102.68324605992152,0.18679334101667777,1.001480028914567
2019-11-22,EURO STOXX 50,^STOXX50E,101.50454852460702,-1.154535833630188,0.982195763818327
2019-11-25,EURO STOXX 50,^STOXX50E,99.69583413319563,-1.7979718453370097,0.9970117054977389
2019-11-26,EURO STOXX 50,^STOXX50E,100.46990112367796,0.7734299261253241,1.0548394883344356
2019-11-27,EURO STOXX 50,^STOXX50E,100.74366207915888,0.2721100109183361,1.0444742512846927
2019-11-28,EURO STOXX 50,^STOXX50E,99.6469251270138,-1.094610199083501,1.023157829047226
2019-11-29,EURO STOXX 50,^STOXX50E,99.87172121989617,0.22533852561616996,1.0308196943011692
2019-12-02,EURO STOXX 50,^STOXX50E,100.0138346104888,0.14219478135633068,1.0099078667291677
2019-12-03,EURO STOXX 50,^STOXX50E,99.10270830373432,-0.9151752563198556,0.9897380587870821
2019-12-04,EURO STOXX 50,^STOXX50E,98.44985187798633,-0.6609469417352187,0.9917440473645736
2019-12-05,EURO STOXX 50,^STOXX50E,97.76663552118919,-0.6963931797736578,0.9836745806146313
2019-12-06,EURO STOXX 50,^STOXX50E,98.69906892641302,0.9492144279514392,0.9774462642498812
2019-12-09,EURO STOXX 50,^STOXX50E,100.7324312215975,2.0392292661061795,0.9804576264922408
2019-12-10,EURO STOXX 50,^STOXX50E,101.53425414052704,0.7928415079226703,1.058501806938309
2019-12-11,EURO STOXX 50,^STOXX50E,99.04462008119968,-2.482576427835248,1.0485330060407765
2019-12-12,EURO STOXX 50,^STOXX50E,100.56218780722122,1.5205863795409336,1.1619754714545794
2019-12-13,EURO STOXX 50,^STOXX50E,101.09942052977252,0.5328074073307931,1.1784108382752274
2019-12-16,EURO STOXX 50,^STOXX50E,101.47367063993667,0.36949679130584556,1.1526569188530797
2019-12-17,EURO STOXX 50,^STOXX50E,101.04683790721403,-0.4215211267063701,1.1255991584371343
2019-12-18,EURO STOXX 50,^STOXX50E,102.02924665668083,0.9675353110857543,1.1017864700954159
2019-12-19,EURO STOXX 50,^STOXX50E,102.30396340965338,0.2688911101682123,1.0951253432452899
2019-12-20,EURO STOXX 50,^STOXX50E,102.59224590143063,0.28139386567564983,1.0704445078310418
2019-12-23,EURO STOXX 50,^STOXX50E,101.96612765203248,-0.6121677581143459,1.047518617200698
2019-12-24,EURO STOXX 50,^STOXX50E,102.17285899020294,0.20253985996765422,1.0337063329637226
2019-12-25,EURO STOXX 50,^STOXX50E,104.80627042584783,2.5447527515025214,1.0123908414847635
2019-12-26,EURO STOXX 50,^STOXX50E,107.72373473548794,2.745633570894501,1.1350922395519945
2019-12-27,EURO STOXX 50,^STOXX50E,107.16306028787135,-0.5218335727580126,1.2568821760867512
2019-12-30,EURO STOXX 50,^STOXX50E,107.61019156699008,0.4163758021498154,1.2266112751242841
2019-12-31,EURO STOXX 50,^STOXX50E,107.77518467953651,0.15320737897352998,1.195624287563676
2020-01-01,EURO STOXX 50,^STOXX50E,109.26681526715582,1.3745303423399413,1.1636954767756147
2020-01-02,EURO STOXX 50,^STOXX50E,111.96668332125334,2.4408619075296123,1.1714777515628116
2020-01-03,EURO STOXX 50,^STOXX50E,113.19110686560026,1.0876244728974527,1.2575747054790416
2020-01-06,EURO STOXX 50,^STOXX50E,113.82264754739542,0.5563912306993934,1.2437508509156243
2020-01-07,EURO STOXX 50,^STOXX50E,112.34436005877855,-1.3072716104590931,1.2142872172347672
2020-01-08,EURO STOXX 50,^STOXX50E,113.71398371167491,1.2117583356249462,1.215858317817838
2020-01-09,EURO STOXX 50,^STOXX50E,115.85709041657657,1.8671071445032439,1.2107875487284605
2020-01-10,EURO STOXX 50,^STOXX50E,114.34270646061266,-1.3157316586059231,1.2449979151940243
2020-01-13,EURO STOXX 50,^STOXX50E,113.19851293143674,-1.0057106807952465,1.2443608269739026
2020-01-14,EURO STOXX 50,^STOXX50E,113.3326085978048,0.11839051616888696,1.2296651179953622
2020-01-15,EURO STOXX 50,^STOXX50E,111.84376631709495,-1.3223980338231023,1.195521718967273
2020-01-16,EURO STOXX 50,^STOXX50E,110.5578031984889,-1.156446380386189,1.1995395033387353
2020-01-17,EURO STOXX 50,^STOXX50E,111.96443719949514,1.264280581454269,1.1948886646542132
2020-01-20,EURO STOXX 50,^STOXX50E,110.52887694810971,-1.2904479204591368,1.1941157866875158
2020-01-21,EURO STOXX 50,^STOXX50E,109.08251887486078,-1.3172166958062448,1.1965706362381794
2020-01-22,EURO STOXX 50,^STOXX50E,108.06152390405659,-0.9403919001626626,1.200219459034997
2020-01-23,EURO STOXX 50,^STOXX50E,108.2424180527302,0.16725926417153758,1.1862720789353063
2020-01-24,EURO STOXX 50,^STOXX50E,108.26065224138108,0.01684427723747106,1.1549948196003124
2020-01-27,EURO STOXX 50,^STOXX50E,109.26728182542593,0.9255241392036595,1.125166670996441
2020-01-28,EURO STOXX 50,^STOXX50E,108.89058023320246,-0.3453480549028498,1.114976614028486
2020-01-29,EURO STOXX 50,^STOXX50E,109.628035414956,0.6749612423340601,1.0905291864640496
2020-01-30,EURO STOXX 50,^STOXX50E,109.64082464026453,0.011665336628130518,1.0743750905380192
2020-01-31,EURO STOXX 50,^STOXX50E,107.08671834471635,-2.3570834708343646,1.0496129559964213
2020-02-03,EURO STOXX 50,^STOXX50E,105.09451382822144,-1.877888106366843,1.1502316540573443
2020-02-04,EURO STOXX 50,^STOXX50E,103.37949810652316,-1.6453412064305617,1.1948368435741767
2020-02-05,EURO STOXX 50,^STOXX50E,102.71745578279207,-0.6424593749766672,1.2180849457923306
2020-02-06,EURO STOXX 50,^STOXX50E,101.69433041524421,-1.0010517794033724,1.1931908772192668
2020-02-07,EURO STOXX 50,^STOXX50E,101.34063225052641,-0.3484114438917274,1.182197619814036
2020-02-10,EURO STOXX 50,^STOXX50E,99.77060034740798,-1.5613884711039638,1.1534875563425215
2020-02-11,EURO STOXX 50,^STOXX50E,97.9884399230767,-1.8024042477071234,1.1755659685513102
2020-02-12,EURO STOXX 50,^STOXX50E,98.30173669814617,0.3192182578916736,1.2116536258326611
2020-02-13,EURO STOXX 50,^STOXX50E,95.38166750595546,-3.015529884258772,1.1802233372871496
2020-02-14,EURO STOXX 50,^STOXX50E,94.12573922016004,-1.3254855790615139,1.326422750927062
2020-02-17,EURO STOXX 50,^STOXX50E,95.89974311364087,1.8671763506072026,1.31950708552862
2020-02-18,EURO STOXX 50,^STOXX50E,97.98870167627115,2.1548879810712407,1.3422101211035375
2020-02-19,EURO STOXX 50,^STOXX50E,96.41107434576247,-1.6231108882820422,1.3825912860937564
2020-02-20,EURO STOXX 50,^STOXX50E,97.97039720469145,1.6044289574735693,1.3865916885048244
2020-02-21,EURO STOXX 50,^STOXX50E,97.7432982506776,-0.23207272788017264,1.3872170759832645
2020-02-24,EURO STOXX 50,^STOXX50E,97.75815344628401,0.015197018238044535,1.3448805072243453
2020-02-25,EURO STOXX 50,^STOXX50E,98.24255838481518,0.49428996483138476,1.3038303378603606
2020-02-26,EURO STOXX 50,^STOXX50E,100.1168095600083,1.88980936448635,1.2694137940854668
2020-02-27,EURO STOXX 50,^STOXX50E,101.9200892272347,1.785146739160659,1.2988409093412523
2020-02-28,EURO STOXX 50,^STOXX50E,104.19623425289267,2.208692177174054,1.3182895151066614
2020-03-02,EURO STOXX 50,^STOXX50E,104.52026029464416,0.3104941971862729,1.3654668481234813
2020-03-03,EURO STOXX 50,^STOXX50E,104.94388265481744,0.4044825350708159,1.3247918299945718
2020-03-04,EURO STOXX 50,^STOXX50E,105.98820111884967,0.9902021335865818,1.2876656049178858
2020-03-05,EURO STOXX 50,^STOXX50E,106.62719243201586,0.6010789965563035,1.2678454975112798
2020-03-06,EURO STOXX 50,^STOXX50E,109.08738957425905,2.2810732538666834,1.2378259389969244
2020-03-09,EURO STOXX 50,^STOXX50E,107.22264905019645,-1.724179544744775,1.3007179364741184
2020-03-10,EURO STOXX 50,^STOXX50E,104.53830594695567,-2.5353936451512737,1.3183785794822485
2020-03-11,EURO STOXX 50,^STOXX50E,103.6667373085582,-0.8372263378435996,1.3952965176772751
2020-03-12,EURO STOXX 50,^STOXX50E,102.16878070750887,-1.4555146369829686,1.3642580160759494
2020-03-13,EURO STOXX 50,^STOXX50E,103.15637179022046,0.9619851116977607,1.360758855248834
2020-03-16,EURO STOXX 50,^STOXX50E,103.05863984961621,-0.09478645336660207,1.3348506597164518
2020-03-17,EURO STOXX 50,^STOXX50E,101.42259231650317,-1.6002274907145342,1.2946071548742937
2020-03-18,EURO STOXX 50,^STOXX50E,101.63471523882318,0.20892919544337474,1.3052692512602915
2020-03-19,EURO STOXX 50,^STOXX50E,100.55702640160757,-1.0660168749661914,1.2671801146219057
2020-03-20,EURO STOXX 50,^STOXX50E,100.90128012753637,0.34176209155853954,1.253213022435257
2020-03-23,EURO STOXX 50,^STOXX50E,101.1824375942038,0.27825858634127343,1.219529403459844
2020-03-24,EURO STOXX 50,^STOXX50E,101.19214902692471,0.009597482461121132,1.1871533806265606
2020-03-25,EURO STOXX 50,^STOXX50E,100.13314871802135,-1.0520387533336617,1.1553625737880173
2020-03-26,EURO STOXX 50,^STOXX50E,100.53274835954602,0.39827412186710376,1.1495466080286494
2020-03-27,EURO STOXX 50,^STOXX50E,101.28691541266383,0.7473707461737256,1.1231354993876839
2020-03-30,EURO STOXX 50,^STOXX50E,101.21877149495573,-0.06730074727361313,1.1068269506542299
2020-03-31,EURO STOXX 50,^STOXX50E,100.35423169218124,-0.8577985050576054,1.0801594976112312
2020-04-01,EURO STOXX 50,^STOXX50E,100.20390844045596,-0.14990494005955313,1.0722443209654215
2020-04-02,EURO STOXX 50,^STOXX50E,98.02450518746335,-2.1989693935963395,1.0482598044580131
2020-04-03,EURO STOXX 50,^STOXX50E,98.07192510684332,0.04836387917217522,1.1339122186398225
2020-04-06,EURO STOXX 50,^STOXX50E,97.85947168127544,-0.21686520110151264,1.1054083001139507
2020-04-07,EURO STOXX 50,^STOXX50E,96.39977498348836,-1.502861970895708,1.079889340170136
2020-04-08,EURO STOXX 50,^STOXX50E,97.38775244188507,1.0196590374487613,1.1059003148109188
2020-04-09,EURO STOXX 50,^STOXX50E,99.66968857588975,2.316114663027413,1.1011182073258472
2020-04-10,EURO STOXX 50,^STOXX50E,98.5950891707129,-1.084014962497104,1.1862452243761734
2020-04-13,EURO STOXX 50,^STOXX50E,97.85724231089908,-0.7511749275234791,1.1793586407734835
2020-04-14,EURO STOXX 50,^STOXX50E,97.24156792743122,-0.631143189909178,1.1602789027171594
2020-04-15,EURO STOXX 50,^STOXX50E,95.30579329350492,-2.010767474228903,1.1389933207937337
2020-04-16,EURO STOXX 50,^STOXX50E,94.7877770010564,-0.5450132520587125,1.1954180533533985
2020-04-17,EURO STOXX 50,^STOXX50E,95.04567221303898,0.2717069849479614,1.1696138482031606
2020-04-20,EURO STOXX 50,^STOXX50E,96.36176294047083,1.3751936725301839,1.1402395069278994
2020-04-21,EURO STOXX 50,^STOXX50E,97.10436220065553,0.7676826179747742,1.1502349937316334
2020-04-22,EURO STOXX 50,^STOXX50E,96.65269638690684,-0.46621953817913564,1.1326181715863552
2020-04-23,EURO STOXX 50,^STOXX50E,97.23009686226108,0.5956198305991478,1.109232201770308
2020-04-24,EURO STOXX 50,^STOXX50E,97.99419874887244,0.7827978439402195,1.089593984727404
2020-04-27,EURO STOXX 50,^STOXX50E,98.86233290701753,0.882002521044889,1.0769135226582087
2020-04-28,EURO STOXX 50,^STOXX50E,98.56510183711137,-0.30110434738608305,1.0688061381636111
2020-04-29,EURO STOXX 50,^STOXX50E,97.28268317151034,-1.3096262433442973,1.0467255413960102
2020-04-30,EURO STOXX 50,^STOXX50E,96.88087950037175,-0.4138822332871328,1.064071403461222
2020-05-01,EURO STOXX 50,^STOXX50E,95.98345184455502,-0.9306377458529802,1.0442443798855034
2020-05-04,EURO STOXX 50,^STOXX50E,97.23120324247016,1.2915880973180194,1.0422577817220768
2020-05-05,EURO STOXX 50,^STOXX50E,97.29114219339591,0.061626804559011816,1.056896971675554
2020-05-06,EURO STOXX 50,^STOXX50E,97.5192085810484,0.23414206785110636,1.033306121791908
2020-05-07,EURO STOXX 50,^STOXX50E,96.96981483090485,-0.5649626923036166,1.0123162319594974
2020-05-08,EURO STOXX 50,^STOXX50E,98.75753726629401,1.8267984851468633,0.9997612364714457
2020-05-11,EURO STOXX 50,^STOXX50E,97.32312329294001,-1.4631117193022014,1.0566483183487079
2020-05-12,EURO STOXX 50,^STOXX50E,96.15174361909214,-1.2109004188456396,1.0825524665994906
2020-05-13,EURO STOXX 50,^STOXX50E,96.00959215715127,-0.1479501454301868,1.0908413098850995
2020-05-14,EURO STOXX 50,^STOXX50E,94.09137874863185,-2.0181680359999454,1.0656424457738343
2020-05-15,EURO STOXX 50,^STOXX50E,94.54117450326055,0.47690242152986784,1.1325283016667131
2020-05-18,EURO STOXX 50,^STOXX50E,96.406966094365,1.9543012760084189,1.1086389731043493
2020-05-19,EURO STOXX 50,^STOXX50E,93.92625195382061,-2.6068540731438716,1.1615437339069883
2020-05-20,EURO STOXX 50,^STOXX50E,97.18941051135386,3.4151839511036286,1.268444325606656
2020-05-21,EURO STOXX 50,^STOXX50E,94.83867333487292,-2.4484487531188037,1.4382883128347406
2020-05-22,EURO STOXX 50,^STOXX50E,96.42326843974556,1.6570273703012006,1.4927166096840265
2020-05-25,EURO STOXX 50,^STOXX50E,98.19200976019748,1.8177298699048272,1.4872228203649973
2020-05-26,EURO STOXX 50,^STOXX50E,96.36288729487745,-1.8803704123363296,1.491061322274675
2020-05-27,EURO STOXX 50,^STOXX50E,97.32329835390384,0.9917268258882395,1.5003657010552742
2020-05-28,EURO STOXX 50,^STOXX50E,97.71306024909138,0.39968179967599937,1.4661929353044034
2020-05-29,EURO STOXX 50,^STOXX50E,97.25379917050923,-0.4711179421967415,1.420810772388575
2020-06-01,EURO STOXX 50,^STOXX50E,96.98190726241477,-0.279960971825588,1.3796310712405375
2020-06-02,EURO STOXX 50,^STOXX50E,98.06165261402533,1.107195113337589,1.338195696412087
2020-06-03,EURO STOXX 50,^STOXX50E,97.55570309746014,-0.5172860484981889,1.3191881500715532
2020-06-04,EURO STOXX 50,^STOXX50E,97.99371243509117,0.4479789100408915,1.2849431001564897
2020-06-05,EURO STOXX 50,^STOXX50E,98.15163818941332,0.16102934680333192,1.2508817973303474
2020-06-08,EURO STOXX 50,^STOXX50E,97.52925313331087,-0.6361246115056396,1.2156821535853528
2020-06-09,EURO STOXX 50,^STOXX50E,97.40459096596113,-0.12790204278818607,1.1907814767542622
2020-06-10,EURO STOXX 50,^STOXX50E,97.96002066093371,0.5686098284084729,1.159207446900358
2020-06-11,EURO STOXX 50,^STOXX50E,99.76547407018947,1.8262729266104394,1.1355178504354648
2020-06-12,EURO STOXX 50,^STOXX50E,99.41311824042748,-0.3538093057523284,1.175341803059907
2020-06-15,EURO STOXX 50,^STOXX50E,97.56883604267632,-1.87259396148578,1.1471474888282203
2020-06-16,EURO STOXX 50,^STOXX50E,94.72403531532483,-2.959036679249216,1.191721384775448
2020-06-17,EURO STOXX 50,^STOXX50E,98.0598925899759,3.4610668075338857,1.3297035609721612
2020-06-18,EURO STOXX 50,^STOXX50E,102.05665279166858,3.994963774964333,1.4930418556092042
2020-06-19,EURO STOXX 50,^STOXX50E,100.38829977217361,-1.6482414289062497,1.6852083277578622
2020-06-22,EURO STOXX 50,^STOXX50E,99.49233503872456,-0.8965057922509345,1.66593596347836
2020-06-23,EURO STOXX 50,^STOXX50E,100.4173402688797,0.9254297775560083,1.619764086708581
2020-06-24,EURO STOXX 50,^STOXX50E,100.82989961562112,0.41000306380700735,1.576181144724017
2020-06-25,EURO STOXX 50,^STOXX50E,102.13519806680793,1.2862472041778261,1.524797391259812
2020-06-26,EURO STOXX 50,^STOXX50E,101.18112658425073,-0.9385163608206071,1.4996121296114424
2020-06-29,EURO STOXX 50,^STOXX50E,99.9151393435455,-1.2591024104566806,1.4649387908862268
2020-06-30,EURO STOXX 50,^STOXX50E,100.2118356225046,0.29650825070612896,1.4443936124578098
2020-07-01,EURO STOXX 50,^STOXX50E,101.72849821138857,1.5021180541514134,1.399086133515202
2020-07-02,EURO STOXX 50,^STOXX50E,101.22356495350971,-0.49758971831188603,1.3932637289273866
2020-07-03,EURO STOXX 50,^STOXX50E,103.28270314019503,2.0138334107113742,1.3541720530870371
2020-07-06,EURO STOXX 50,^STOXX50E,103.32426663200347,0.04023435648363716,1.3831842709929731
2020-07-07,EURO STOXX 50,^STOXX50E,103.05377331332156,-0.26213396894645413,1.3399735049057275
2020-07-08,EURO STOXX 50,^STOXX50E,103.40298309661465,0.33828887210400893,1.3006436879381522
2020-07-09,EURO STOXX 50,^STOXX50E,103.17985482625849,-0.21601829016058005,1.264075149754743
2020-07-10,EURO STOXX 50,^STOXX50E,106.11505938567234,2.8050342501948933,1.2287603815363262
2020-07-13,EURO STOXX 50,^STOXX50E,104.9930497723337,-1.062981600023516,1.340830414273191
2020-07-14,EURO STOXX 50,^STOXX50E,104.1081519616398,-0.8463873817845524,1.3213000210219668
2020-07-15,EURO STOXX 50,^STOXX50E,103.23531495158961,-0.8419287850408352,1.295444477306782
2020-07-16,EURO STOXX 50,^STOXX50E,105.26646329744653,1.9483887554373247,1.271202293279681
2020-07-17,EURO STOXX 50,^STOXX50E,104.41191473272826,-0.8151086479270653,1.3045235977209166
2020-07-20,EURO STOXX 50,^STOXX50E,108.33660601425659,3.6899307838600848,1.2788147661429183
2020-07-21,EURO STOXX 50,^STOXX50E,107.86747460822947,-0.4339715891985563,1.4783780985684551
2020-07-22,EURO STOXX 50,^STOXX50E,107.7575304959369,-0.10197715405722008,1.4332812107606103
2020-07-23,EURO STOXX 50,^STOXX50E,108.48166746919642,0.6697580151898919,1.3875103112889178
2020-07-24,EURO STOXX 50,^STOXX50E,107.72855523461729,-0.6966509455579306,1.3515775318446606
2020-07-27,EURO STOXX 50,^STOXX50E,107.20837532776355,-0.4840312189104523,1.319420452085205
2020-07-28,EURO STOXX 50,^STOXX50E,109.82497194247784,2.4113560744630114,1.2845200473527223
2020-07-29,EURO STOXX 50,^STOXX50E,108.96227025903409,-0.7886256492183108,1.352228919833762
2020-07-30,EURO STOXX 50,^STOXX50E,109.65344900229519,0.6323251123697915,1.322559264686734
2020-07-31,EURO STOXX 50,^STOXX50E,110.58434157565591,0.8453572973114554,1.2897961960136066
2020-08-03,EURO STOXX 50,^STOXX50E,107.58312029389567,-2.7514741162089074,1.2649110812884976
2020-08-04,EURO STOXX 50,^STOXX50E,110.74601468433004,2.8975662656644197,1.369494874312682
2020-08-05,EURO STOXX 50,^STOXX50E,111.07050887833734,0.29257912825864096,1.4687316131190988
2020-08-06,EURO STOXX 50,^STOXX50E,114.34690056218484,2.9071600498273398,1.4220254121949283
2020-08-07,EURO STOXX 50,^STOXX50E,113.71690845846449,-0.5524714410712228,1.5145554099000649
2020-08-10,EURO STOXX 50,^STOXX50E,113.30332043269023,-0.36436266967134756,1.4693773724027586
2020-08-11,EURO STOXX 50,^STOXX50E,113.69901676098789,0.34862788988734295,1.4238207446352642
2020-08-12,EURO STOXX 50,^STOXX50E,113.0562599018702,-0.5669183007105616,1.3802221541696358
2020-08-13,EURO STOXX 50,^STOXX50E,111.7543130730694,-1.1582741570329347,1.3432637941033951
2020-08-14,EURO STOXX 50,^STOXX50E,114.43564806619477,2.370981089489277,1.3274330908993088
2020-08-17,EURO STOXX 50,^STOXX50E,112.24798622732663,-1.9302052982860474,1.3863048559919569
2020-08-18,EURO STOXX 50,^STOXX50E,109.62411220904285,-2.365323416870968,1.408788733612524
2020-08-19,EURO STOXX 50,^STOXX50E,109.3904305739937,-0.21339379637161926,1.4601929513427698
2020-08-20,EURO STOXX 50,^STOXX50E,109.46979478921781,0.07252502693999574,1.4135921415433297
2020-08-21,EURO STOXX 50,^STOXX50E,110.62344900717456,1.0483418425627278,1.3687209349347311
2020-08-24,EURO STOXX 50,^STOXX50E,113.63442080640398,2.6854377492496972,1.3453028289365707
2020-08-25,EURO STOXX 50,^STOXX50E,112.59622006193386,-0.9178314915883057,1.4286077196761189
2020-08-26,EURO STOXX 50,^STOXX50E,112.02052281549916,-0.5126051599392945,1.3978891153449893
2020-08-27,EURO STOXX 50,^STOXX50E,112.9083698725198,0.7894509749585943,1.3587990767786544
2020-08-28,EURO STOXX 50,^STOXX50E,110.68564461388968,-1.9882450661498297,1.3277100126582626
2020-08-31,EURO STOXX 50,^STOXX50E,111.23688122131823,0.4967839465932933,1.3602433449854243
2020-09-01,EURO STOXX 50,^STOXX50E,109.55499962871596,-1.5235289616298608,1.3224682880782144
2020-09-02,EURO STOXX 50,^STOXX50E,109.3101990576123,-0.22369995290087985,1.3262023268135092
2020-09-03,EURO STOXX 50,^STOXX50E,108.25295543667337,-0.9719034876295218,1.28730316446866
2020-09-04,EURO STOXX 50,^STOXX50E,108.41817230461808,0.1525047676526725,1.2681542706884166
2020-09-07,EURO STOXX 50,^STOXX50E,108.8490205752864,0.3966073567924333,1.2318879146964539
2020-09-08,EURO STOXX 50,^STOXX50E,109.92897788136922,0.9872711933375022,1.200268043769884
2020-09-09,EURO STOXX 50,^STOXX50E,109.24665351883974,-0.6226299543098612,1.1867485933733484
2020-09-10,EURO STOXX 50,^STOXX50E,110.21701925953676,0.8843122435890471,1.1634335405898426
2020-09-11,EURO STOXX 50,^STOXX50E,109.99142989875696,-0.20488717899640463,1.148801928876592
2020-09-14,EURO STOXX 50,^STOXX50E,112.74656812553003,2.4740087262530075,1.1204137880746445
2020-09-15,EURO STOXX 50,^STOXX50E,113.57482087877975,0.7319294517337482,1.2174666662559663
2020-09-16,EURO STOXX 50,^STOXX50E,112.1481629353941,-1.2640954118269043,1.1940913394719337
2020-09-17,EURO STOXX 50,^STOXX50E,112.2553551510519,0.09553524358683063,1.1951850279802474
2020-09-18,EURO STOXX 50,^STOXX50E,113.10575754169227,0.7547055629196997,1.1630306583200731
2020-09-21,EURO STOXX 50,^STOXX50E,113.8001470522212,0.6120525417538936,1.1440992920728104
2020-09-22,EURO STOXX 50,^STOXX50E,112.84154935916722,-0.8459197266035723,1.1224806650645118
2020-09-23,EURO STOXX 50,^STOXX50E,111.928250255666,-0.8126573332726039,1.1108299720667942
2020-09-24,EURO STOXX 50,^STOXX50E,108.8531001183651,-2.7858775369982602,1.098846402617983
2020-09-25,EURO STOXX 50,^STOXX50E,110.09371464510367,1.1332686485573618,1.2352362932374916
2020-09-28,EURO STOXX 50,^STOXX50E,111.59472904497409,1.3541863644994656,1.225059804819014
2020-09-29,EURO STOXX 50,^STOXX50E,110.42287613947516,-1.0556494266034555,1.2262764815876064
2020-09-30,EURO STOXX 50,^STOXX50E,108.82470142876357,-1.4578979941870074,1.2150026767509414
2020-10-01,EURO STOXX 50,^STOXX50E,108.84367721558341,0.01743550164343688,1.2247666134216464
2020-10-02,EURO STOXX 50,^STOXX50E,107.98558027358489,-0.7914996635688176,1.1907131726225444
2020-10-05,EURO STOXX 50,^STOXX50E,108.05895312377167,0.06792382279146025,1.1721306451816957
2020-10-06,EURO STOXX 50,^STOXX50E,108.3553494066825,0.2739157853862473,1.1413046516274896
2020-10-07,EURO STOXX 50,^STOXX50E,109.09086975920181,0.6765104130387556,1.1137285157021648
2020-10-08,EURO STOXX 50,^STOXX50E,107.03067715936918,-1.9065706642375169,1.0959608188178345
2020-10-09,EURO STOXX 50,^STOXX50E,109.72131978507112,2.4828198866947204,1.1495315590075208
2020-10-12,EURO STOXX 50,^STOXX50E,111.40432486145994,1.522245489184293,1.242868691986498
2020-10-13,EURO STOXX 50,^STOXX50E,111.25476130134363,-0.1343431208564283,1.2516946168170782
2020-10-14,EURO STOXX 50,^STOXX50E,111.17436380304848,-0.07229044466070533,1.216499378856319
2020-10-15,EURO STOXX 50,^STOXX50E,109.34822452712697,-1.656230351335175,1.1831039216330952
2020-10-16,EURO STOXX 50,^STOXX50E,108.10698879146557,-1.141613665963792,1.2082879748634727
2020-10-19,EURO STOXX 50,^STOXX50E,106.77348471711885,-1.2411748462334948,1.2022326317142218
2020-10-20,EURO STOXX 50,^STOXX50E,105.70916160107969,-1.0018060635935022,1.2014661564887323
2020-10-21,EURO STOXX 50,^STOXX50E,103.25316023510955,-2.350772565028514,1.189866098536702
2020-10-22,EURO STOXX 50,^STOXX50E,102.86226881141305,-0.3792941597157373,1.2683670351297178
2020-10-23,EURO STOXX 50,^STOXX50E,104.51629669627044,1.5952111113104905,1.2347917319830317
2020-10-26,EURO STOXX 50,^STOXX50E,103.43686617212882,-1.03815705810959,1.248673271968144
2020-10-27,EURO STOXX 50,^STOXX50E,104.36290367936255,0.8912845651027901,1.2349608757363215
2020-10-28,EURO STOXX 50,^STOXX50E,103.4443857854328,-0.8840150680012648,1.215385146023751
2020-10-29,EURO STOXX 50,^STOXX50E,102.4054217201521,-1.0094475192920171,1.1982170042320401
2020-10-30,EURO STOXX 50,^STOXX50E,102.34199300137816,-0.06195801875135132,1.1871816955648542
2020-11-02,EURO STOXX 50,^STOXX50E,101.8327660871675,-0.49881579128934206,1.155519505470212
2020-11-03,EURO STOXX 50,^STOXX50E,104.50313478807904,2.5885149337738333,1.1313093952630366
2020-11-04,EURO STOXX 50,^STOXX50E,104.49023660386683,-0.012343151500626703,1.2378002178993597
2020-11-05,EURO STOXX 50,^STOXX50E,103.51558240728413,-0.9371481379019109,1.2029898192379134
2020-11-06,EURO STOXX 50,^STOXX50E,103.63413842861459,0.11446410238589166,1.1887100832936897
2020-11-09,EURO STOXX 50,^STOXX50E,103.37984997958509,-0.24567284450833782,1.157016111688897
2020-11-10,EURO STOXX 50,^STOXX50E,102.99163631345405,-0.37622845193165944,1.1285345730731684
2020-11-11,EURO STOXX 50,^STOXX50E,103.04176503465116,0.048660772339115255,1.1037116314391155
2020-11-12,EURO STOXX 50,^STOXX50E,103.42272805610864,0.36903532235141867,1.077101385781052
2020-11-13,EURO STOXX 50,^STOXX50E,102.74940389946798,-0.6531693144839146,1.0549588733433688
2020-11-16,EURO STOXX 50,^STOXX50E,104.79178100521158,1.9682291394226503,1.0418244600143818
2020-11-17,EURO STOXX 50,^STOXX50E,105.18789891928996,0.37729211142085717,1.1047226413221745
2020-11-18,EURO STOXX 50,^STOXX50E,102.59037363260883,-2.50041603115978,1.0808857001268581
2020-11-19,EURO STOXX 50,^STOXX50E,101.3976131515377,-1.169455215075299,1.1905657579792353
2020-11-20,EURO STOXX 50,^STOXX50E,99.578841630084,-1.80998433500843,1.1872733526377774
2020-11-23,EURO STOXX 50,^STOXX50E,99.40595699531428,-0.17376671933329035,1.2225854970518224
2020-11-24,EURO STOXX 50,^STOXX50E,97.51982860348427,-1.9156313778136536,1.1893999174280825
2020-11-25,EURO STOXX 50,^STOXX50E,98.20440654784328,0.6995359930594525,1.2322003514252078
2020-11-26,EURO STOXX 50,^STOXX50E,96.83733963587898,-1.401842760556793,1.2069346245449266
2020-11-27,EURO STOXX 50,^STOXX50E,95.87066164426003,-1.0032651405496473,1.2142635582587675
2020-11-30,EURO STOXX 50,^STOXX50E,94.25313565818294,-1.701591318100082,1.2017432533250128
2020-12-01,EURO STOXX 50,^STOXX50E,94.2858959498132,0.03475173462019754,1.227986972309909
2020-12-02,EURO STOXX 50,^STOXX50E,94.97578162351303,0.7290316117738449,1.1937473222505302
2020-12-03,EURO STOXX 50,^STOXX50E,95.91809906240367,0.9872763753144831,1.1719087852906853
2020-12-04,EURO STOXX 50,^STOXX50E,94.61430168673107,-1.368604732259815,1.1605472803830497
2020-12-07,EURO STOXX 50,^STOXX50E,92.2840694695854,-2.4937113768562114,1.1702903330958796
2020-12-08,EURO STOXX 50,^STOXX50E,92.22380389993575,-0.06532574539210856,1.2648468779681186
2020-12-09,EURO STOXX 50,^STOXX50E,92.11942738431054,-0.11324150721678805,1.228557588705901
2020-12-10,EURO STOXX 50,^STOXX50E,92.23396118136587,0.12425463147964777,1.1946220400032912
2020-12-11,EURO STOXX 50,^STOXX50E,92.75633064490837,0.5647548817734105,1.1626103186419505
2020-12-14,EURO STOXX 50,^STOXX50E,92.13668621927921,-0.6702759855762075,1.1386052054583993
2020-12-15,EURO STOXX 50,^STOXX50E,92.5013645563319,0.39502021357673556,1.119934760220729
2020-12-16,EURO STOXX 50,^STOXX50E,92.57590560250205,0.08055127475863344,1.0953887696559261
2020-12-17,EURO STOXX 50,^STOXX50E,91.78043109378508,-0.8629803127795377,1.0693721999652492
2020-12-18,EURO STOXX 50,^STOXX50E,93.44821718658689,1.8008350004756757,1.06251775689407
2020-12-21,EURO STOXX 50,^STOXX50E,94.24372227257454,0.8476760927762506,1.1092209434524074
2020-12-22,EURO STOXX 50,^STOXX50E,93.76206625786112,-0.5123853603189232,1.0973327480976818
2020-12-23,EURO STOXX 50,^STOXX50E,93.18585818174945,-0.6164389387922853,1.0773567305867888
2020-12-24,EURO STOXX 50,^STOXX50E,95.01433462038585,1.943179702746889,1.0614945057418974
2020-12-25,EURO STOXX 50,^STOXX50E,95.32366895229619,0.3250371428142884,1.1196420396614464
2020-12-28,EURO STOXX 50,^STOXX50E,94.0648100876167,-1.3294128674091077,1.0940702239923132
2020-12-29,EURO STOXX 50,^STOXX50E,93.58725677275946,-0.5089785087916354,1.1078977601949607
2020-12-30,EURO STOXX 50,^STOXX50E,91.47774415112899,-2.2798519250258664,1.0871179016550485
2020-12-31,EURO STOXX 50,^STOXX50E,91.45084886629846,-0.029405228106416104,1.1743332314021504
2021-01-01,EURO STOXX 50,^STOXX50E,89.57083563893508,-2.0771885198708873,1.143367149593096
2021-01-04,EURO STOXX 50,^STOXX50E,89.85549589862926,0.31730069503632663,1.2046718665166467
2021-01-05,EURO STOXX 50,^STOXX50E,91.9503897822331,2.3046411263540456,1.173647716620806
2021-01-06,EURO STOXX 50,^STOXX50E,91.09418612426222,-0.9355206493196988,1.2471970350829331
2021-01-07,EURO STOXX 50,^STOXX50E,89.07790804585198,-2.2382625495557917,1.2295967910318175
2021-01-08,EURO STOXX 50,^STOXX50E,90.84951936722314,1.9693146309046838,1.2929738053899684
2021-01-11,EURO STOXX 50,^STOXX50E,90.73466726772283,-0.12650012861197268,1.3254054313739878
2021-01-12,EURO STOXX 50,^STOXX50E,91.92985148529657,1.308629921214255,1.2858559931025806
2021-01-13,EURO STOXX 50,^STOXX50E,92.76965351394362,0.9093774409947741,1.279686356928082
2021-01-14,EURO STOXX 50,^STOXX50E,92.8860929833524,0.12543590691151962,1.2575802151039166
2021-01-15,EURO STOXX 50,^STOXX50E,92.04312386269807,-0.9116730970073483,1.2218094315902155
2021-01-18,EURO STOXX 50,^STOXX50E,91.32033829140201,-0.7883678747902856,1.205179582798557
2021-01-19,EURO STOXX 50,^STOXX50E,92.351163391756,1.1224778086681653,1.1854684768030266
2021-01-20,EURO STOXX 50,^STOXX50E,92.53000947607435,0.193471446909399,1.1787653762650965
2021-01-21,EURO STOXX 50,^STOXX50E,93.58478954131758,1.13348467059744,1.148124184717479
2021-01-22,EURO STOXX 50,^STOXX50E,92.73187279453687,-0.9155624559723741,1.144982044799984
2021-01-25,EURO STOXX 50,^STOXX50E,91.47445466451487,-1.3652491510020681,1.1342692229749853
2021-01-26,EURO STOXX 50,^STOXX50E,90.09330182413633,-1.5213929031689055,1.146300492965071
2021-01-27,EURO STOXX 50,^STOXX50E,92.14759230658058,2.2545735517505605,1.166570382921543
2021-01-28,EURO STOXX 50,^STOXX50E,92.50399190815213,0.3860243557189946,1.2367458421515456
2021-01-29,EURO STOXX 50,^STOXX50E,93.10741326981424,0.6502008720222996,1.2046699076408687
2021-02-01,EURO STOXX 50,^STOXX50E,92.02644297747679,-1.1677848652229095,1.1799411447185366
2021-02-02,EURO STOXX 50,^STOXX50E,91.25395545812388,-0.842962040958195,1.177456284214236
2021-02-03,EURO STOXX 50,^STOXX50E,91.0603776988352,-0.21235613095447192,1.161591320840633
2021-02-04,EURO STOXX 50,^STOXX50E,91.46173163704215,0.43978736226435444,1.1324763260052408
2021-02-05,EURO STOXX 50,^STOXX50E,93.08270966801723,1.7567797861224754,1.1078857982998145
2021-02-08,EURO STOXX 50,^STOXX50E,93.50300789293703,0.4505156571396718,1.1458535958069391
2021-02-09,EURO STOXX 50,^STOXX50E,95.34885684289914,1.9548737157013107,1.120585747302507
2021-02-10,EURO STOXX 50,^STOXX50E,95.10614650785006,-0.25487434004682896,1.1720227812729271
2021-02-11,EURO STOXX 50,^STOXX50E,95.83431904897937,0.7627257733197723,1.1427069337236158
2021-02-12,EURO STOXX 50,^STOXX50E,96.38183561842888,0.569689942226681,1.1254728978287705
2021-02-15,EURO STOXX 50,^STOXX50E,97.60986369872245,1.2660794132343334,1.1040815372191848
2021-02-16,EURO STOXX 50,^STOXX50E,97.80674907239268,0.20150327804486778,1.111427436246291
2021-02-17,EURO STOXX 50,^STOXX50E,97.91262793706301,0.108194575945042,1.085052205493167
2021-02-18,EURO STOXX 50,^STOXX50E,97.96950199116668,0.05806967253496609,1.0597895565907598
2021-02-19,EURO STOXX 50,^STOXX50E,98.88341506357628,0.9285304503501735,1.0360042424579947
2021-02-22,EURO STOXX 50,^STOXX50E,100.02879889995275,1.1516602958508315,1.033086373335998
2021-02-23,EURO STOXX 50,^STOXX50E,100.6953081920466,0.6641073176349543,1.0409314710010182
2021-02-24,EURO STOXX 50,^STOXX50E,101.29835357294887,0.5970951437712202,1.0280848470507618
2021-02-25,EURO STOXX 50,^STOXX50E,102.65091388613594,1.3263888218121522,1.0142661604444245
2021-02-26,EURO STOXX 50,^STOXX50E,103.088099464291,0.424991088528337,1.0337775780527858
2021-03-01,EURO STOXX 50,^STOXX50E,102.6523894705767,-0.4235536207266577,1.0155579982287908
2021-03-02,EURO STOXX 50,^STOXX50E,102.04164583230127,-0.5967398607825025,0.9993066632630333
2021-03-03,EURO STOXX 50,^STOXX50E,102.96276107890733,0.8986357504884523,0.9886428234913508
2021-03-04,EURO STOXX 50,^STOXX50E,103.21228614506852,0.2420517820653778,0.988455510607745
2021-03-05,EURO STOXX 50,^STOXX50E,102.81437098734105,-0.3862758907386521,0.970593272608774
2021-03-08,EURO STOXX 50,^STOXX50E,102.61524380059153,-0.19386420922860026,0.956797668435176
2021-03-09,EURO STOXX 50,^STOXX50E,102.9193069753906,0.2958757011619184,0.9410059927418069
2021-03-10,EURO STOXX 50,^STOXX50E,101.17946135189459,-1.7049468578831828,0.9271695643442112
2021-03-11,EURO STOXX 50,^STOXX50E,101.08231569427221,-0.096059341029342,0.9869652680155311
2021-03-12,EURO STOXX 50,^STOXX50E,101.94873887078599,0.8534935090808382,0.9682869254303503
2021-03-15,EURO STOXX 50,^STOXX50E,100.9849822470261,-0.9498311706081175,0.9679488997745448
2021-03-16,EURO STOXX 50,^STOXX50E,100.56072901928441,-0.42100013113834933,0.9735016170969604
2021-03-17,EURO STOXX 50,^STOXX50E,100.37662248968486,-0.18324774337443728,0.9602235260527828
2021-03-18,EURO STOXX 50,^STOXX50E,99.87993980572189,-0.4960473671670407,0.944079981868798
2021-03-19,EURO STOXX 50,^STOXX50E,99.53023699922825,-0.3507375306426752,0.9348079197966437
2021-03-22,EURO STOXX 50,^STOXX50E,97.27792901748813,-2.288935833046679,0.9229372663831446
2021-03-23,EURO STOXX 50,^STOXX50E,97.14558559863563,-0.13613933433322956,1.0389185240180236
2021-03-24,EURO STOXX 50,^STOXX50E,97.71075124711001,0.5800860700145627,1.0170131488951597
2021-03-25,EURO STOXX 50,^STOXX50E,98.22426831489655,0.5241719879385265,1.0035476883663694
2021-03-26,EURO STOXX 50,^STOXX50E,98.81622883930828,0.6008534427159873,0.9896363629164777
2021-03-29,EURO STOXX 50,^STOXX50E,97.0989693792376,-1.7531089544956302,0.9787852505984914
2021-03-30,EURO STOXX 50,^STOXX50E,97.5356873365503,0.4487573771070785,1.0354114990827263
2021-03-31,EURO STOXX 50,^STOXX50E,98.83976564426833,1.3281675057976727,1.0175462029623583
2021-04-01,EURO STOXX 50,^STOXX50E,97.3885160194846,-1.4791711702959454,1.0368275469340713
2021-04-02,EURO STOXX 50,^STOXX50E,96.72912957260984,-0.6793704724730176,1.0659593300994497
2021-04-05,EURO STOXX 50,^STOXX50E,96.62768310081209,-0.1049318921877429,1.052825023180264
2021-04-06,EURO STOXX 50,^STOXX50E,95.73985724205562,-0.923058184346548,1.0298042368009033
2021-04-07,EURO STOXX 50,^STOXX50E,95.27974872160758,-0.4817405082091497,1.0287062771716542
2021-04-08,EURO STOXX 50,^STOXX50E,94.88850287441663,-0.41147394049749764,1.0128190439416533
2021-04-09,EURO STOXX 50,^STOXX50E,94.89860576669894,0.01064655272333681,0.9965100404130833
2021-04-12,EURO STOXX 50,^STOXX50E,95.53800655600018,0.671512882115266,0.9768673769229808
2021-04-13,EURO STOXX 50,^STOXX50E,96.43016319965194,0.9294906212369725,0.9691429323420585
2021-04-14,EURO STOXX 50,^STOXX50E,97.02137329832145,0.6112248576408241,0.9720000272464434
2021-04-15,EURO STOXX 50,^STOXX50E,98.03321554693751,1.0375057884759897,0.9627953012223232
2021-04-16,EURO STOXX 50,^STOXX50E,97.23656377052305,-0.8159544187141599,0.9713584258437078
2021-04-19,EURO STOXX 50,^STOXX50E,97.5298143444984,0.3011308198185958,0.9706850888498727
2021-04-20,EURO STOXX 50,^STOXX50E,98.62909218886361,1.120815130567987,0.9548061709468724
2021-04-21,EURO STOXX 50,^STOXX50E,97.21199165745914,-1.4472195896179763,0.9684926607935117
2021-04-22,EURO STOXX 50,^STOXX50E,96.83630532400711,-0.3872095851276569,1.0032294032012263
2021-04-23,EURO STOXX 50,^STOXX50E,96.74233203158582,-0.09709056855351506,0.9871120788100672
2021-04-26,EURO STOXX 50,^STOXX50E,97.16303729307013,0.4339291099433318,0.9684295545827802
2021-04-27,EURO STOXX 50,^STOXX50E,97.2876878323284,0.12820785960263592,0.955035207095604
2021-04-28,EURO STOXX 50,^STOXX50E,97.45433866757142,0.17115039718786917,0.9385369314899537
2021-04-29,EURO STOXX 50,^STOXX50E,96.79141057874277,-0.6825690294071762,0.9234886735410653
2021-04-30,EURO STOXX 50,^STOXX50E,97.71323800136821,0.9478789646743202,0.9216986774221309
2021-05-03,EURO STOXX 50,^STOXX50E,97.3824860464788,-0.33906665395262436,0.9297241916239913
2021-05-04,EURO STOXX 50,^STOXX50E,96.90740825639737,-0.48904111932372984,0.9180103415424528
2021-05-05,EURO STOXX 50,^STOXX50E,98.495663407127,1.6256552316502138,0.9105735081738522
2021-05-06,EURO STOXX 50,^STOXX50E,97.65430031931089,-0.8578826444051835,0.9632827524351509
2021-05-07,EURO STOXX 50,^STOXX50E,98.78031427162097,1.1464642197083208,0.9650751975198202
2021-05-10,EURO STOXX 50,^STOXX50E,99.19499548392785,0.4189227629215253,0.9791507983675913
2021-05-11,EURO STOXX 50,^STOXX50E,99.71584730391689,0.523704995791352,0.9646740209036613
2021-05-12,EURO STOXX 50,^STOXX50E,98.62034270265208,-1.104705845422771,0.9536291173711168
2021-05-13,EURO STOXX 50,^STOXX50E,98.5137264688118,-0.1081662288851426,0.9685107495293229
2021-05-14,EURO STOXX 50,^STOXX50E,97.16894314332755,-1.3744748058091005,0.9511710877066497
2021-05-17,EURO STOXX 50,^STOXX50E,98.84362190851503,1.7087879182142274,0.9829245401333828
2021-05-18,EURO STOXX 50,^STOXX50E,98.1705808880985,-0.6832437754374254,1.032597864609957
2021-05-19,EURO STOXX 50,^STOXX50E,96.4621017683544,-1.75563834339183,1.0221025431543225
2021-05-20,EURO STOXX 50,^STOXX50E,95.79106299856005,-0.6980810908143731,1.0731932516509461
2021-05-21,EURO STOXX 50,^STOXX50E,96.29697744437391,0.5267538931065019,1.0601182557070985
2021-05-24,EURO STOXX 50,^STOXX50E,97.35286907051649,1.0905271648249837,1.0422256443282465
2021-05-25,EURO STOXX 50,^STOXX50E,96.98320354267207,-0.38043989336085104,1.0461525105288505
2021-05-26,EURO STOXX 50,^STOXX50E,98.83761243940688,1.8940420859611784,1.0269132822173914
2021-05-27,EURO STOXX 50,^STOXX50E,98.19596883819145,-0.6513061025044564,1.0856567659013077
2021-05-28,EURO STOXX 50,^STOXX50E,96.60398487656566,-1.6345172312377976,1.070212469109348
2021-05-31,EURO STOXX 50,^STOXX50E,96.5092007790821,-0.09816430170017654,1.1063224353942553
2021-06-01,EURO STOXX 50,^STOXX50E,98.53516909115288,2.0775182401897574,1.0798242472350739
2021-06-02,EURO STOXX 50,^STOXX50E,98.41042066329766,-0.12668315618995507,1.1467575525103448
2021-06-03,EURO STOXX 50,^STOXX50E,98.38593888272241,-0.02488031867864393,1.117883904220509
2021-06-04,EURO STOXX 50,^STOXX50E,100.0972615861479,1.7244432851158287,1.090400772452113
2021-06-07,EURO STOXX 50,^STOXX50E,98.43436528637253,-1.6752345362199605,1.1280595611009845
2021-06-08,EURO STOXX 50,^STOXX50E,98.04409516552467,-0.3972655661288904,1.1604793065708932
2021-06-09,EURO STOXX 50,^STOXX50E,98.0403106343512,-0.003860104181629964,1.1339498952278364
2021-06-10,EURO STOXX 50,^STOXX50E,96.03667422482998,-2.0648585409053233,1.1054337636355773
2021-06-11,EURO STOXX 50,^STOXX50E,97.32376643866503,1.331307706480267,1.170805789174404
2021-06-14,EURO STOXX 50,^STOXX50E,97.22875236312323,-0.09767448263415801,1.1755945675773594
2021-06-15,EURO STOXX 50,^STOXX50E,97.69751361942986,0.48096356597415735,1.144783499693616
2021-06-16,EURO STOXX 50,^STOXX50E,96.2262600191499,-1.5173815995777495,1.1201670547382256
2021-06-17,EURO STOXX 50,^STOXX50E,95.4974181546096,-0.7603081502333353,1.142868038461421
2021-06-18,EURO STOXX 50,^STOXX50E,96.24943240680143,0.7843863987346822,1.1266993203956934
2021-06-21,EURO STOXX 50,^STOXX50E,96.64746882066973,0.41269401039576437,1.1113241206491145
2021-06-22,EURO STOXX 50,^STOXX50E,95.66491137848269,-1.021843721919602,1.0876413434246839
2021-06-23,EURO STOXX 50,^STOXX50E,95.70746017909137,0.04446702621017096,1.0860685829083105
2021-06-24,EURO STOXX 50,^STOXX50E,95.26125931070418,-0.4673034217983485,1.0605731610245266
2021-06-25,EURO STOXX 50,^STOXX50E,94.95856386810802,-0.3182588365761241,1.0421090129022577
2021-06-28,EURO STOXX 50,^STOXX50E,95.29316185581908,0.3517427570411513,1.0220811057801569
2021-06-29,EURO STOXX 50,^STOXX50E,94.7070184935522,-0.6169943845739212,1.003385150450467
2021-06-30,EURO STOXX 50,^STOXX50E,95.9346332954651,1.2878946009646342,0.9930210780132027
2021-07-01,EURO STOXX 50,^STOXX50E,96.01294201583747,0.08159386706489968,1.012406886783673
2021-07-02,EURO STOXX 50,^STOXX50E,96.02604521965229,0.013646399643985063,0.9917950519475685
2021-07-05,EURO STOXX 50,^STOXX50E,97.89448937995283,1.927080065558151,0.9724698118765933
2021-07-06,EURO STOXX 50,^STOXX50E,98.38863288225423,0.5035018197610874,1.0416852600802928
2021-07-07,EURO STOXX 50,^STOXX50E,97.23733154421016,-1.1770570780526235,1.024553744190637
2021-07-08,EURO STOXX 50,^STOXX50E,96.35722884721602,-0.909228811345475,1.0364795177750534
2021-07-09,EURO STOXX 50,^STOXX50E,95.2289566788892,-1.1778356659017497,1.0342207157702854
2021-07-12,EURO STOXX 50,^STOXX50E,93.88458794641038,-1.4217822226136434,1.0452624939329198
2021-07-13,EURO STOXX 50,^STOXX50E,93.96629676224656,0.08699327779675414,1.069707754109299
2021-07-14,EURO STOXX 50,^STOXX50E,94.36290972394436,0.4211917582322755,1.0453539670032228
2021-07-15,EURO STOXX 50,^STOXX50E,94.97484025900623,0.6463926668330622,1.0262627641442308
2021-07-16,EURO STOXX 50,^STOXX50E,94.05963925861685,-0.9682975862241427,1.0139811264626097
2021-07-19,EURO STOXX 50,^STOXX50E,95.010829034115,1.0061833653707275,1.0162853645709105
2021-07-20,EURO STOXX 50,^STOXX50E,95.40616113373139,0.41522835465075403,1.0184859712095267
2021-07-21,EURO STOXX 50,^STOXX50E,95.08318211782037,-0.33910487578800996,1.0011455241987073
2021-07-22,EURO STOXX 50,^STOXX50E,97.11588655930471,2.115286248046555,0.9842868162239611
2021-07-23,EURO STOXX 50,^STOXX50E,96.64454169583985,-0.4865243099017036,1.0687693011484543
2021-07-26,EURO STOXX 50,^STOXX50E,96.38193494814197,-0.27209418550402376,1.0501691057929599
2021-07-27,EURO STOXX 50,^STOXX50E,97.85102524460747,1.5127384252165754,1.0289249385294597
2021-07-28,EURO STOXX 50,^STOXX50E,98.8345818152649,1.0001390380623754,1.0587879031905196
2021-07-29,EURO STOXX 50,^STOXX50E,98.06706882730244,-0.7795941503753845,1.0570598222040148
2021-07-30,EURO STOXX 50,^STOXX50E,97.38674289800204,-0.6961528873130618,1.0480091825487552
2021-08-02,EURO STOXX 50,^STOXX50E,97.57605386056434,0.19420220186399106,1.0367645465655275
2021-08-03,EURO STOXX 50,^STOXX50E,98.08163513808327,0.5168029995486378,1.0151749880254552
2021-08-04,EURO STOXX 50,^STOXX50E,98.07305022861611,-0.008753203581690627,1.00024257852188
2021-08-05,EURO STOXX 50,^STOXX50E,99.89913051787694,1.8448370605643305,0.9803646867456846
2021-08-06,EURO STOXX 50,^STOXX50E,101.94130009733414,2.023617629307939,1.0414055020896915
2021-08-09,EURO STOXX 50,^STOXX50E,101.8905210102498,-0.049824495369676924,1.1090902204403768
2021-08-10,EURO STOXX 50,^STOXX50E,101.64183622059713,-0.24436892176780134,1.0822208391647763
2021-08-11,EURO STOXX 50,^STOXX50E,102.82537332405242,1.1576920570299798,1.0585081136545285
2021-08-12,EURO STOXX 50,^STOXX50E,104.63799722110278,1.747460303525461,1.0643328730096009
2021-08-13,EURO STOXX 50,^STOXX50E,105.66398396977705,0.9757348769107388,1.1067723081856016
2021-08-16,EURO STOXX 50,^STOXX50E,109.65431620572701,3.7068740982255655,1.100051647128459
2021-08-17,EURO STOXX 50,^STOXX50E,108.72626978650628,-0.8499400272434343,1.3426774056636657
2021-08-18,EURO STOXX 50,^STOXX50E,106.52336777603233,-2.0469060479303636,1.3154977469927192
2021-08-19,EURO STOXX 50,^STOXX50E,106.4642090489776,-0.05555134196839617,1.3535724209386168
2021-08-20,EURO STOXX 50,^STOXX50E,106.4123608689314,-0.04871196589784077,1.312125611592725
2021-08-23,EURO STOXX 50,^STOXX50E,106.56949215923515,0.14755371556658403,1.2730358181173347
2021-08-24,EURO STOXX 50,^STOXX50E,107.30847020739643,0.6910305116443638,1.2364571217199913
2021-08-25,EURO STOXX 50,^STOXX50E,106.57584089164493,-0.6850733252300678,1.2106807470385461
2021-08-26,EURO STOXX 50,^STOXX50E,106.8903390703944,0.2946587664188982,1.1874506292073446
2021-08-27,EURO STOXX 50,^STOXX50E,108.00119427769856,1.0338844765821698,1.1572225600535233
2021-08-30,EURO STOXX 50,^STOXX50E,110.31790686893794,2.122397484589822,1.1489204265115827
2021-08-31,EURO STOXX 50,^STOXX50E,113.31053983164432,2.676592954656609,1.2102761016480956
2021-09-01,EURO STOXX 50,^STOXX50E,112.76837167815772,-0.4796282760002768,1.3127060907554164
2021-09-02,EURO STOXX 50,^STOXX50E,115.70588274284496,2.5715570880247007,1.278133186166541
2021-09-03,EURO STOXX 50,^STOXX50E,114.49249990712926,-1.0542159848251131,1.360667989558422
2021-09-06,EURO STOXX 50,^STOXX50E,113.38481451952119,-0.9721846290170255,1.3393754468477734
2021-09-07,EURO STOXX 50,^STOXX50E,111.23594883637169,-1.9133861089111193,1.3165434738200972
2021-09-08,EURO STOXX 50,^STOXX50E,110.16313040557849,-0.9691339559585899,1.3450606294646592
2021-09-09,EURO STOXX 50,^STOXX50E,109.7253886970849,-0.3981492881456994,1.3217227553119852
2021-09-10,EURO STOXX 50,^STOXX50E,110.17555692341925,0.40942875795151323,1.2852179427107782
2021-09-13,EURO STOXX 50,^STOXX50E,111.43473378109839,1.1364006649298375,1.250535102045945
2021-09-14,EURO STOXX 50,^STOXX50E,109.50984341962287,-1.7424632803423101,1.2393034549837556
2021-09-15,EURO STOXX 50,^STOXX50E,109.56618239826143,0.05143326812708793,1.264344696402592
2021-09-16,EURO STOXX 50,^STOXX50E,111.06508962080125,1.3587650290632247,1.227972179020739
2021-09-17,EURO STOXX 50,^STOXX50E,109.78148853617967,-1.16245001359081,1.2291748817787955
2021-09-20,EURO STOXX 50,^STOXX50E,111.71747379955636,1.7481206635055813,1.2223895505158058
2021-09-21,EURO STOXX 50,^STOXX50E,111.81917503423486,0.09099290181389108,1.2471902229586296
2021-09-22,EURO STOXX 50,^STOXX50E,111.9675264813891,0.13258291746627293,1.2119112120002395
2021-09-23,EURO STOXX 50,^STOXX50E,111.82144434615144,-0.1305534901440808,1.178893026668252
2021-09-24,EURO STOXX 50,^STOXX50E,111.90845850152884,0.07778500652548814,1.1480609249760072
2021-09-27,EURO STOXX 50,^STOXX50E,112.83022612929332,0.8203063020534529,1.1187368088436258
2021-09-28,EURO STOXX 50,^STOXX50E,113.54417392462332,0.6307693469858933,1.1051640637481144
2021-09-29,EURO STOXX 50,^STOXX50E,110.89236267467129,-2.363193356743576,1.086728291088371
2021-09-30,EURO STOXX 50,^STOXX50E,110.34258756534643,-0.49700668038212825,1.181909741807271
2021-10-01,EURO STOXX 50,^STOXX50E,110.30903314851432,-0.03041393213623067,1.1559264501070423
2021-10-04,EURO STOXX 50,^STOXX50E,110.80044083306836,0.4444933858187561,1.1260904235057863
2021-10-05,EURO STOXX 50,^STOXX50E,112.5655397810166,1.580487490124316,1.1020053782274062
2021-10-06,EURO STOXX 50,^STOXX50E,110.87322043622115,-1.514823752401817,1.128404995387319
2021-10-07,EURO STOXX 50,^STOXX50E,110.46630184255181,-0.3676876573345922,1.1500900899265942
2021-10-08,EURO STOXX 50,^STOXX50E,111.02584027041611,0.505245570175461,1.1237282279014889
2021-10-11,EURO STOXX 50,^STOXX50E,110.57406316721259,-0.40774181044964664,1.101003889945702
2021-10-12,EURO STOXX 50,^STOXX50E,109.6236914176272,-0.863203762046183,1.0785627589694684
2021-10-13,EURO STOXX 50,^STOXX50E,110.5689410191478,0.8585713314753107,1.0709856308833876
2021-10-14,EURO STOXX 50,^STOXX50E,107.3178025433108,-2.9844677433243483,1.0624490949553655
2021-10-15,EURO STOXX 50,^STOXX50E,109.07939401551343,1.628145294336747,1.228400877777764
2021-10-18,EURO STOXX 50,^STOXX50E,110.25368896726222,1.0707971239078518,1.2449128528896864
2021-10-19,EURO STOXX 50,^STOXX50E,109.4093235820589,-0.7687862732344897,1.2313576960791917
2021-10-20,EURO STOXX 50,^STOXX50E,109.4717021372691,0.05699768327929178,1.209197393070335
2021-10-21,EURO STOXX 50,^STOXX50E,109.84372091881494,0.3392548806379736,1.176106510500751
2021-10-22,EURO STOXX 50,^STOXX50E,111.29906180973705,1.316219216902681,1.1471380412523589
2021-10-25,EURO STOXX 50,^STOXX50E,112.0689177436999,0.6893190186677778,1.1532499355293293
2021-10-26,EURO STOXX 50,^STOXX50E,112.04264118679339,-0.023449533038188974,1.133072383696182
2021-10-27,EURO STOXX 50,^STOXX50E,112.31435433687405,0.24221511995854428,1.1046375514151399
2021-10-28,EURO STOXX 50,^STOXX50E,111.72713823134468,-0.5242041940298314,1.079062321345776
2021-10-29,EURO STOXX 50,^STOXX50E,112.05562880041684,0.29358007264415065,1.0606366248674515
2021-11-01,EURO STOXX 50,^STOXX50E,113.5678029180154,1.3404607391540146,1.0385088301585526
2021-11-02,EURO STOXX 50,^STOXX50E,114.49291270836319,0.8112882237877095,1.0563904345478645
2021-11-03,EURO STOXX 50,^STOXX50E,113.40005127329422,-0.9591079895995946,1.047244546412415
2021-11-04,EURO STOXX 50,^STOXX50E,112.73206170843683,-0.5907975643237862,1.0462583158904366
2021-11-05,EURO STOXX 50,^STOXX50E,112.20129386240284,-0.471934302318644,1.0319262804631768
2021-11-08,EURO STOXX 50,^STOXX50E,112.20484273767994,0.003162903948350504,1.0155811353655952
2021-11-09,EURO STOXX 50,^STOXX50E,113.40474048388876,1.0637039816757898,0.9946652774288872
2021-11-10,EURO STOXX 50,^STOXX50E,112.05199143799736,-1.200022077767926,1.0015762916477617
2021-11-11,EURO STOXX 50,^STOXX50E,110.61484477758579,-1.2908672357490047,1.017042122066502
2021-11-12,EURO STOXX 50,^STOXX50E,110.41401131564119,-0.1817260612612337,1.0362821256354995
2021-11-15,EURO STOXX 50,^STOXX50E,109.55457003319111,-0.781425829532445,1.0149305465452545
2021-11-16,EURO STOXX 50,^STOXX50E,109.74542342855969,0.17405695325356518,1.0092864134338835
2021-11-17,EURO STOXX 50,^STOXX50E,108.88607695159425,-0.7861181037222664,0.9893741117375049
2021-11-18,EURO STOXX 50,^STOXX50E,109.71435838415644,0.7578076366707265,0.9859965859983686
2021-11-19,EURO STOXX 50,^STOXX50E,110.09828278710663,0.3493200311918798,0.980492097745233
2021-11-22,EURO STOXX 50,^STOXX50E,110.51373497325743,0.3766364874270067,0.9646572639643137
2021-11-23,EURO STOXX 50,^STOXX50E,112.33960534585184,1.6386662431008503,0.9504236609712743
2021-11-24,EURO STOXX 50,^STOXX50E,112.16000216418898,-0.16000314830986184,0.9988593359900803
2021-11-25,EURO STOXX 50,^STOXX50E,111.17033937619898,-0.8862828573143133,0.979828783763884
2021-11-26,EURO STOXX 50,^STOXX50E,110.92805223906501,-0.21818008809901812,0.9814162203484167
2021-11-29,EURO STOXX 50,^STOXX50E,110.36575063607073,-0.5081957161641171,0.9641760768953517
2021-11-30,EURO STOXX 50,^STOXX50E,110.99162210269083,0.5654865945444953,0.9536920095186993
2021-12-01,EURO STOXX 50,^STOXX50E,109.50636902159643,-1.3472009765649773,0.944590137174646
2021-12-02,EURO STOXX 50,^STOXX50E,108.58168815877353,-0.8479936186042814,0.9752653402274488
2021-12-03,EURO STOXX 50,^STOXX50E,107.92214272634924,-0.6092709491388071,0.9755940585087373
2021-12-06,EURO STOXX 50,^STOXX50E,109.38260646204121,1.3441820587035913,0.9671322606086541
2021-12-07,EURO STOXX 50,^STOXX50E,110.22417739094472,0.7664381161782252,0.9927513499304478
2021-12-08,EURO STOXX 50,^STOXX50E,108.61868110461035,-1.4672857972875875,0.9870146310124784
2021-12-09,EURO STOXX 50,^STOXX50E,111.06672422495846,2.228772961199965,1.0209848863665403
2021-12-10,EURO STOXX 50,^STOXX50E,112.22789776466213,1.0400465504448064,1.1103604868005166
2021-12-13,EURO STOXX 50,^STOXX50E,109.82241502813055,-2.166695296576826,1.106105494732819
2021-12-14,EURO STOXX 50,^STOXX50E,109.64178129232837,-0.16461343546705365,1.1802129678394289
2021-12-15,EURO STOXX 50,^STOXX50E,108.34434242407814,-1.1904007165841612,1.1495342843162653
2021-12-16,EURO STOXX 50,^STOXX50E,108.26155881600326,-0.07643707916686893,1.1507533112625947
2021-12-17,EURO STOXX 50,^STOXX50E,108.70224040539983,0.40622647371426623,1.121375909717003
2021-12-20,EURO STOXX 50,^STOXX50E,108.84915162794866,0.13505888747236128,1.0969226592609038
2021-12-21,EURO STOXX 50,^STOXX50E,109.43890807879535,0.540348277954994,1.0710273120534828
2021-12-22,EURO STOXX 50,^STOXX50E,109.24061950834623,-0.18135088088175877,1.0526911253949263
2021-12-23,EURO STOXX 50,^STOXX50E,109.71742815632017,0.43552580665160434,1.0302497669653394
2021-12-24,EURO STOXX 50,^STOXX50E,109.46017216614585,-0.23474671493080024,1.012480204947739
2021-12-27,EURO STOXX 50,^STOXX50E,108.53147518796314,-0.8520533772975014,0.9933014312515964
2021-12-28,EURO STOXX 50,^STOXX50E,109.18980886332565,0.6047508718602046,0.9922601038392428
2021-12-29,EURO STOXX 50,^STOXX50E,108.93081240106824,-0.23748014513946814,0.981321713019993
2021-12-30,EURO STOXX 50,^STOXX50E,109.07960401830475,0.1364995698671656,0.9643230636051165
2021-12-31,EURO STOXX 50,^STOXX50E,109.37838103450382,0.27353287398943493,0.9472274607527817
2022-01-03,EURO STOXX 50,^STOXX50E,110.67968889974506,1.1827087591077756,0.9326380706334151
2022-01-04,EURO STOXX 50,^STOXX50E,109.737756122062,-0.8546859904901005,0.9520665094061884
2022-01-05,EURO STOXX 50,^STOXX50E,107.28518344279139,-2.26029294417609,0.9547056566684899
2022-01-06,EURO STOXX 50,^STOXX50E,108.29324331256063,0.9352208681796093,1.0618906067017257
2022-01-07,EURO STOXX 50,^STOXX50E,108.50895524235031,0.19899429287173476,1.0571188523714448
2022-01-10,EURO STOXX 50,^STOXX50E,106.77890207596094,-1.6072345464338333,1.0342271808333774
2022-01-11,EURO STOXX 50,^STOXX50E,107.40199235714618,0.5818371808059553,1.0725879376533147
2022-01-12,EURO STOXX 50,^STOXX50E,107.40209911142615,9.939687766191696e-05,1.0551635620351951
2022-01-13,EURO STOXX 50,^STOXX50E,105.69651516327556,-1.6007803477200433,1.031648285263519
2022-01-14,EURO STOXX 50,^STOXX50E,104.29297770908241,-1.3367891278793564,1.0698477166814184
2022-01-17,EURO STOXX 50,^STOXX50E,103.84245392895566,-0.43291474229620874,1.0864943520868804
2022-01-18,EURO STOXX 50,^STOXX50E,104.280263477878,0.4207231196817318,1.0655207145199355
2022-01-19,EURO STOXX 50,^STOXX50E,106.66601306935586,2.2620463931345647,1.0450431703022207
2022-01-20,EURO STOXX 50,^STOXX50E,106.9679900662976,0.2827051814146664,1.1337648823470625
2022-01-21,EURO STOXX 50,^STOXX50E,106.59607490659585,-0.3482941156045527,1.106764545660461
2022-01-24,EURO STOXX 50,^STOXX50E,107.03165827503504,0.4077972139595154,1.082901871370025
2022-01-25,EURO STOXX 50,^STOXX50E,107.56061738998723,0.492990891336742,1.061020612294114
2022-01-26,EURO STOXX 50,^STOXX50E,107.2386220151449,-0.29981075996916573,1.042303787464449
2022-01-27,EURO STOXX 50,^STOXX50E,107.86842063065806,0.5855693122550854,1.0219808157737347
2022-01-28,EURO STOXX 50,^STOXX50E,109.24609513809686,1.2690934027850709,1.0082976324451078
2022-01-31,EURO STOXX 50,^STOXX50E,107.515469752299,-1.5968349006891813,1.0250142449030823
2022-02-01,EURO STOXX 50,^STOXX50E,108.35538025263358,0.7781641093599134,1.0637157104668615
2022-02-02,EURO STOXX 50,^STOXX50E,110.08583899121243,1.5844032959163812,1.0528347506093054
2022-02-03,EURO STOXX 50,^STOXX50E,110.87120164959943,0.7108766151428192,1.0849040210304939
2022-02-04,EURO STOXX 50,^STOXX50E,110.83074512611144,-0.036496318165379904,1.0702385308782192
2022-02-07,EURO STOXX 50,^STOXX50E,111.36724854338644,0.48290666447012853,1.0458089562782242
2022-02-08,EURO STOXX 50,^STOXX50E,111.45965005108881,0.08293569006401214,1.0279323676389687
2022-02-09,EURO STOXX 50,^STOXX50E,110.51369267292192,-0.8523213581902667,1.0062930792201426
2022-02-10,EURO STOXX 50,^STOXX50E,109.37607412046214,-1.0347263713461174,1.0041673718345143
2022-02-11,EURO STOXX 50,^STOXX50E,111.7330112639567,2.132003229367907,1.0105436801087093
2022-02-14,EURO STOXX 50,^STOXX50E,110.79316622816637,-0.8447101683173308,1.0924815983419573
2022-02-15,EURO STOXX 50,^STOXX50E,110.02724322147886,-0.6937094991853243,1.083095682720428
2022-02-16,EURO STOXX 50,^STOXX50E,109.5996127855357,-0.3894159249164808,1.0691461888827267
2022-02-17,EURO STOXX 50,^STOXX50E,109.20884937992345,-0.35717432239170677,1.0485050123828987
2022-02-18,EURO STOXX 50,^STOXX50E,110.07983720164465,0.7943796969393624,1.0286867436011777
2022-02-21,EURO STOXX 50,^STOXX50E,109.76291156967315,-0.288320495708394,1.0210992347410819
2022-02-22,EURO STOXX 50,^STOXX50E,108.24933433787348,-1.3885472757394268,1.00204882579973
2022-02-23,EURO STOXX 50,^STOXX50E,107.05204904289897,-1.1122061718229936,1.0290157155846276
2022-02-24,EURO STOXX 50,^STOXX50E,108.72628379191147,1.551841026974543,1.0370460014612604
2022-02-25,EURO STOXX 50,^STOXX50E,109.84408512892038,1.022838628918521,1.0686570557840605
2022-02-28,EURO STOXX 50,^STOXX50E,109.95388663561954,0.09991130941884308,1.0671107385668015
2022-03-01,EURO STOXX 50,^STOXX50E,108.95369531510192,-0.9138087147516849,1.0429692409169087
2022-03-02,EURO STOXX 50,^STOXX50E,107.94787301219834,-0.9274525034120629,1.0403636994507413
2022-03-03,EURO STOXX 50,^STOXX50E,107.02273085981888,-0.8607203470840652,1.038565039292837
2022-03-04,EURO STOXX 50,^STOXX50E,105.9718378105305,-0.986787206251627,1.0341106208623538
2022-03-07,EURO STOXX 50,^STOXX50E,106.66748335613019,0.6542985780194854,1.0355119503629067
2022-03-08,EURO STOXX 50,^STOXX50E,107.81230319213866,1.06754181997184,1.0227753537866584
2022-03-09,EURO STOXX 50,^STOXX50E,108.77225502726218,0.8864511201137404,1.0273194283938107
2022-03-10,EURO STOXX 50,^STOXX50E,111.16236076732586,2.173554924926613,1.023380994655093
2022-03-11,EURO STOXX 50,^STOXX50E,111.73998187254865,0.5182739591948149,1.1071862277594393
2022-03-14,EURO STOXX 50,^STOXX50E,109.74840891342275,-1.7984027323952212,1.08585725477399
2022-03-15,EURO STOXX 50,^STOXX50E,108.65569147582481,-1.000646556903284,1.1322285438208604
2022-03-16,EURO STOXX 50,^STOXX50E,110.51708193531067,1.6986007751080834,1.1260322922546104
2022-03-17,EURO STOXX 50,^STOXX50E,109.86312209315304,-0.5934850315118645,1.1578159065869946
2022-03-18,EURO STOXX 50,^STOXX50E,111.65914710165812,1.621565515630241,1.1357019121952614
2022-03-21,EURO STOXX 50,^STOXX50E,110.60249314046126,-0.9508270710099964,1.161226035850945
2022-03-22,EURO STOXX 50,^STOXX50E,110.55859551034901,-0.03969742684528654,1.150660465376948
2022-03-23,EURO STOXX 50,^STOXX50E,112.08927568853686,1.375000161519857,1.1211699329774192
2022-03-24,EURO STOXX 50,^STOXX50E,113.88035314847178,1.585270532484362,1.1329564747632834
2022-03-25,EURO STOXX 50,^STOXX50E,112.98359592647189,-0.7905724080864651,1.1563969586986134
2022-03-28,EURO STOXX 50,^STOXX50E,113.78605543800123,0.7077339107881997,1.14025586601621
2022-03-29,EURO STOXX 50,^STOXX50E,113.99553162046125,0.18392728246272583,1.1215189734311237
2022-03-30,EURO STOXX 50,^STOXX50E,114.18435911382517,0.1655076053025617,1.0943700013777664
2022-03-31,EURO STOXX 50,^STOXX50E,112.93844461840523,-1.0971394969049086,1.0688174960505066
2022-04-01,EURO STOXX 50,^STOXX50E,112.59581081921588,-0.3038421477254083,1.07246630706267
2022-04-04,EURO STOXX 50,^STOXX50E,113.90782538328396,1.1585061151513365,1.0501825083900829
2022-04-05,EURO STOXX 50,^STOXX50E,115.51096417304191,1.3975881288811998,1.0568078914117374
2022-04-06,EURO STOXX 50,^STOXX50E,115.8148235371223,0.2627113404441772,1.0762844992583656
2022-04-07,EURO STOXX 50,^STOXX50E,114.05537027528337,-1.5308532118488039,1.0527597551281063
2022-04-08,EURO STOXX 50,^STOXX50E,115.92139449363319,1.6228293085758239,1.0836164377531592
2022-04-11,EURO STOXX 50,^STOXX50E,113.91089729616792,-1.749578761463244,1.114881444453755
2022-04-12,EURO STOXX 50,^STOXX50E,116.15431302624295,1.950305165190258,1.1541140221777575
2022-04-13,EURO STOXX 50,^STOXX50E,117.42003139649353,1.0837926251667795,1.2010486415319364
2022-04-14,EURO STOXX 50,^STOXX50E,118.50200861089104,0.9172392712154753,1.1914150751322237
2022-04-15,EURO STOXX 50,^STOXX50E,121.22345137496345,2.270563737617959,1.1759096298498497
2022-04-18,EURO STOXX 50,^STOXX50E,121.57181261487358,0.2869590396742616,1.2461820851936982
2022-04-19,EURO STOXX 50,^STOXX50E,120.76498212229285,-0.6658778124444709,1.2122846065045725
2022-04-20,EURO STOXX 50,^STOXX50E,121.54340715104684,0.6425099097821629,1.1884108092893686
2022-04-21,EURO STOXX 50,^STOXX50E,119.30677642183622,-1.8573330465789795,1.1645718102400917
2022-04-22,EURO STOXX 50,^STOXX50E,119.54277019179118,0.19760878770389567,1.205935242516813
2022-04-25,EURO STOXX 50,^STOXX50E,119.01844721505167,-0.43957171806923157,1.1736667875494164
2022-04-26,EURO STOXX 50,^STOXX50E,118.65445433372295,-0.30629757413072056,1.1470601263184872
2022-04-27,EURO STOXX 50,^STOXX50E,117.21977478791383,-1.216493420048792,1.1199645484753789
2022-04-28,EURO STOXX 50,^STOXX50E,116.58950534390873,-0.539132553068189,1.1251335577609134
2022-04-29,EURO STOXX 50,^STOXX50E,117.57888730678387,0.8450225404133427,1.1038900403567877
2022-05-02,EURO STOXX 50,^STOXX50E,116.82848412971454,-0.6402578006903248,1.092310962049282
2022-05-03,EURO STOXX 50,^STOXX50E,115.04066159183654,-1.542126670766475,1.0760593530698663
2022-05-04,EURO STOXX 50,^STOXX50E,115.24174921526402,0.1746444062606045,1.10509941419326
2022-05-05,EURO STOXX 50,^STOXX50E,114.22012298555957,-0.8904599012049097,1.0789246794077492
2022-05-06,EURO STOXX 50,^STOXX50E,114.25348238286968,0.029201970611314465,1.0724056308260148
2022-05-09,EURO STOXX 50,^STOXX50E,112.73571537034044,-1.337323227444731,1.0477720665236678
2022-05-10,EURO STOXX 50,^STOXX50E,111.85899207295384,-0.7807198669621762,1.0666776215133145
2022-05-11,EURO STOXX 50,^STOXX50E,112.48535001146595,0.5583912303581684,1.056921334646686
2022-05-12,EURO STOXX 50,^STOXX50E,114.74967288328494,1.9930007201727662,1.040015720497827
2022-05-13,EURO STOXX 50,^STOXX50E,117.35336702200429,2.24366157738336,1.105266723089825
2022-05-16,EURO STOXX 50,^STOXX50E,119.54866988983466,1.853395384856249,1.1831688806431198
2022-05-17,EURO STOXX 50,^STOXX50E,119.14294617427011,-0.33995672994491244,1.2194916398330176
2022-05-18,EURO STOXX 50,^STOXX50E,121.37171191221545,1.8533835353726325,1.188329437816927
2022-05-19,EURO STOXX 50,^STOXX50E,121.09672424219093,-0.22682357529451025,1.2240695564822837
2022-05-20,EURO STOXX 50,^STOXX50E,122.07310457225972,0.8030482909370029,1.1912588171413547
2022-05-23,EURO STOXX 50,^STOXX50E,122.8597645985015,0.6423496640433513,1.1718509255617324
2022-05-24,EURO STOXX 50,^STOXX50E,123.51589961145461,0.532630985487792,1.1491235415349423
2022-05-25,EURO STOXX 50,^STOXX50E,124.5196226645626,0.8093425674214672,1.125295184690398
2022-05-26,EURO STOXX 50,^STOXX50E,126.24908773505202,1.379352701950065,1.1108589840704854
2022-05-27,EURO STOXX 50,^STOXX50E,129.12023279336384,2.248716517420668,1.1238840477129406
2022-05-30,EURO STOXX 50,^STOXX50E,128.51291375293306,-0.4714612024944387,1.1995439682081346
2022-05-31,EURO STOXX 50,^STOXX50E,125.3874140784475,-2.4621138456432767,1.1718931076288908
2022-06-01,EURO STOXX 50,^STOXX50E,126.69865601043252,1.0403222657147104,1.2632242980207822
2022-06-02,EURO STOXX 50,^STOXX50E,129.2132989027089,1.9653039116436233,1.2470800899523697
2022-06-03,EURO STOXX 50,^STOXX50E,126.72073697249648,-1.9478774930417053,1.2842816214751076
2022-06-06,EURO STOXX 50,^STOXX50E,123.75632678096264,-2.367121815972073,1.3186730335455015
2022-06-07,EURO STOXX 50,^STOXX50E,123.68743400864794,-0.05568358149332653,1.381256210079234
2022-06-08,EURO STOXX 50,^STOXX50E,121.41790582704803,-1.851932762383246,1.338241677884349
2022-06-09,EURO STOXX 50,^STOXX50E,121.41996540294049,0.0016962559275413014,1.3604018196911787
2022-06-10,EURO STOXX 50,^STOXX50E,121.60577089940587,0.15291016951195502,1.3184739395919503
2022-06-13,EURO STOXX 50,^STOXX50E,122.25044958802098,0.5287379499549161,1.27927588949309
2022-06-14,EURO STOXX 50,^STOXX50E,123.22088380773539,0.7906742200562533,1.2470163242438672
2022-06-15,EURO STOXX 50,^STOXX50E,123.53918372089777,0.2579834678184234,1.223357815742555
2022-06-16,EURO STOXX 50,^STOXX50E,123.95805419667283,0.3384852931886506,1.1905455038694548
2022-06-17,EURO STOXX 50,^STOXX50E,123.2165929488031,-0.5999510714000955,1.1606648935732904
2022-06-20,EURO STOXX 50,^STOXX50E,122.00820578704264,-0.9855422035577099,1.138524145784245
2022-06-21,EURO STOXX 50,^STOXX50E,123.10061753056236,0.8913746652154053,1.1311761164761038
2022-06-22,EURO STOXX 50,^STOXX50E,124.1826931516439,0.8751763511565258,1.1192245867916941
2022-06-23,EURO STOXX 50,^STOXX50E,121.64065829354278,-2.068253857208635,1.10758103924041
2022-06-24,EURO STOXX 50,^STOXX50E,121.15480002375286,-0.4002207633399202,1.1729478569431184
2022-06-27,EURO STOXX 50,^STOXX50E,120.89895024677975,-0.21139922184145732,1.145669594362874
2022-06-28,EURO STOXX 50,^STOXX50E,120.4706742381812,-0.35487187666367603,1.1175406478067476
2022-06-29,EURO STOXX 50,^STOXX50E,118.04966635479843,-2.0300918770673526,1.0930791223291039
2022-06-30,EURO STOXX 50,^STOXX50E,118.40551859134261,0.3009893864477142,1.1571924036709305
2022-07-01,EURO STOXX 50,^STOXX50E,118.4713426192699,0.05557658040986624,1.128926048131585
2022-07-04,EURO STOXX 50,^STOXX50E,118.79579884501568,0.27349461538239694,1.1007433453255104
2022-07-05,EURO STOXX 50,^STOXX50E,118.674190597803,-0.10241989577579602,1.0757513990140015
2022-07-06,EURO STOXX 50,^STOXX50E,116.96686180505024,-1.4491181843641954,1.0512288975453414
2022-07-07,EURO STOXX 50,^STOXX50E,115.91455808089364,-0.9037310805884324,1.0768034596443878
2022-07-08,EURO STOXX 50,^STOXX50E,114.59061070368712,-1.1487481546812006,1.0709964349915924
2022-07-11,EURO STOXX 50,^STOXX50E,114.20182012703812,-0.3398634731676786,1.0770660738606466
2022-07-12,EURO STOXX 50,^STOXX50E,114.35899498155584,0.13753440564041597,1.0550315940112067
2022-07-13,EURO STOXX 50,^STOXX50E,115.89483592930021,1.3340613875178597,1.031849024513488
2022-07-14,EURO STOXX 50,^STOXX50E,114.02206935940127,-1.6291172561474276,1.0500231664021766
2022-07-15,EURO STOXX 50,^STOXX50E,114.2620364453437,0.21023555142605233,1.0881010765908046
2022-07-18,EURO STOXX 50,^STOXX50E,114.98043393113132,0.6267598114149564,1.0632916169727384
2022-07-19,EURO STOXX 50,^STOXX50E,114.01244626055455,-0.8454353999347575,1.0477281231511493
2022-07-20,EURO STOXX 50,^STOXX50E,116.60680037054425,2.2499974273873846,1.0419165325868884
2022-07-21,EURO STOXX 50,^STOXX50E,117.16323752680822,0.47605605247236227,1.1299916019042637
2022-07-22,EURO STOXX 50,^STOXX50E,116.96096665666698,-0.17278941421032812,1.1062532520927815
2022-07-25,EURO STOXX 50,^STOXX50E,118.09980016200927,0.9689770277882204,1.080265606781871
2022-07-26,EURO STOXX 50,^STOXX50E,119.74392546414722,1.3825477097829442,1.07540634645635
2022-07-27,EURO STOXX 50,^STOXX50E,118.98713256426218,-0.6340150638401987,1.0920947684897373
2022-07-28,EURO STOXX 50,^STOXX50E,117.99099304298934,-0.8407066144794584,1.0756771512371137
2022-07-29,EURO STOXX 50,^STOXX50E,116.34788253198923,-1.4023600948945614,1.06745380962261
2022-08-01,EURO STOXX 50,^STOXX50E,115.79070455436411,-0.48004000935657487,1.0883399387490358
2022-08-02,EURO STOXX 50,^STOXX50E,115.12513324889169,-0.5764638362959928,1.0682413359049627
2022-08-03,EURO STOXX 50,^STOXX50E,116.84074746196664,1.4792222808614142,1.051923991994019
2022-08-04,EURO STOXX 50,^STOXX50E,117.42285646764901,0.4969702454772573,1.0770568614997313
2022-08-05,EURO STOXX 50,^STOXX50E,120.02087446192465,2.188410423707321,1.0573193976166495
2022-08-08,EURO STOXX 50,^STOXX50E,121.88638367008468,1.5423647925373096,1.1373169086001274
2022-08-09,EURO STOXX 50,^STOXX50E,124.20683979281726,1.8858909350092823,1.1575695879073746
2022-08-10,EURO STOXX 50,^STOXX50E,125.09651416598437,0.713731392535788,1.1992194106968088
2022-08-11,EURO STOXX 50,^STOXX50E,124.5076680427384,-0.4718247991166713,1.1765684026543541
2022-08-12,EURO STOXX 50,^STOXX50E,124.84872359851589,0.27354884806145563,1.1504089245747722
2022-08-15,EURO STOXX 50,^STOXX50E,124.24434349905886,-0.48526544115166104,1.1222552954380702
2022-08-16,EURO STOXX 50,^STOXX50E,124.87045416173268,0.5026694414903332,1.0999689139753042
2022-08-17,EURO STOXX 50,^STOXX50E,124.55460110131457,-0.2532650370001832,1.0787902000170975
2022-08-18,EURO STOXX 50,^STOXX50E,124.27635897763662,-0.22363956603950186,1.0554090947440788
2022-08-19,EURO STOXX 50,^STOXX50E,123.28250526266906,-0.8029274632752603,1.0332198110121897
2022-08-22,EURO STOXX 50,^STOXX50E,123.94925397046615,0.539372713523445,1.026922146194516
2022-08-23,EURO STOXX 50,^STOXX50E,125.48088156977593,1.2281169208833376,1.0116899170995322
2022-08-24,EURO STOXX 50,^STOXX50E,125.24300555256131,-0.18975143638586545,1.0257196891996854
2022-08-25,EURO STOXX 50,^STOXX50E,123.83856084353353,-1.1277105835526768,1.0051510130161223
2022-08-26,EURO STOXX 50,^STOXX50E,125.20200757603574,1.0949704811408445,1.0162524357918592
2022-08-29,EURO STOXX 50,^STOXX50E,125.71868139668827,0.41182299713273807,1.0227473481284763
2022-08-30,EURO STOXX 50,^STOXX50E,127.1452558789293,1.1283456495262634,1.0050452647697452
2022-08-31,EURO STOXX 50,^STOXX50E,128.69233154254295,1.2094348896468432,1.0142927230381198
2022-09-01,EURO STOXX 50,^STOXX50E,126.81377619560396,-1.4704847675442778,1.0270240739552523
2022-09-02,EURO STOXX 50,^STOXX50E,126.16919112028282,-0.5095888288810357,1.056661325412281
2022-09-05,EURO STOXX 50,^STOXX50E,126.50551233722534,0.2662090117913074,1.0394540722109622
2022-09-06,EURO STOXX 50,^STOXX50E,126.67980138771888,0.13767708360310493,1.0184036318791045
2022-09-07,EURO STOXX 50,^STOXX50E,127.86192289250127,0.9288300429568075,0.9976385600233435
2022-09-08,EURO STOXX 50,^STOXX50E,128.95241272504916,0.8492488427298994,0.9979799080312632
2022-09-09,EURO STOXX 50,^STOXX50E,129.1115087071776,0.12329968590831797,0.9949690439866952
2022-09-12,EURO STOXX 50,^STOXX50E,128.5819462261337,-0.41100246542269403,0.9757010916746812
2022-09-13,EURO STOXX 50,^STOXX50E,129.5021544084843,0.713110245588755,0.9620469258643287
2022-09-14,EURO STOXX 50,^STOXX50E,130.1766128802254,0.5194571704039141,0.9568947089933075
2022-09-15,EURO STOXX 50,^STOXX50E,131.42564230196092,0.9549144842310398,0.9463286054468806
2022-09-16,EURO STOXX 50,^STOXX50E,130.21296391989344,-0.9269939811519023,0.9524060994643854
2022-09-19,EURO STOXX 50,^STOXX50E,132.04047888092558,1.3937239670196888,0.9582961671852769
2022-09-20,EURO STOXX 50,^STOXX50E,134.44273962687072,1.8029846947688277,0.9881274954042218
2022-09-21,EURO STOXX 50,^STOXX50E,133.74749076266298,-0.518475576573163,1.0446408477862852
2022-09-22,EURO STOXX 50,^STOXX50E,133.12182192945113,-0.4688961598831476,1.0285058599007344
2022-09-23,EURO STOXX 50,^STOXX50E,132.36786551650565,-0.567975688292055,1.0123340778731849
2022-09-26,EURO STOXX 50,^STOXX50E,130.31611113760263,-1.562178348853216,0.9998618730713921
2022-09-27,EURO STOXX 50,^STOXX50E,128.38838418129183,-1.490320169107484,1.0390575051869946
2022-09-28,EURO STOXX 50,^STOXX50E,128.62192650466497,0.1817377575473067,1.0686916470786008
2022-09-29,EURO STOXX 50,^STOXX50E,128.5931497845063,-0.022375609310287814,1.0449080475299786
2022-09-30,EURO STOXX 50,^STOXX50E,127.67660490736463,-0.7153000058004011,1.022091272584734
2022-10-03,EURO STOXX 50,^STOXX50E,126.7877982899783,-0.6985733334254896,1.0134859769037166
2022-10-04,EURO STOXX 50,^STOXX50E,127.075852316053,0.2269361123659941,1.0049782899095918
2022-10-05,EURO STOXX 50,^STOXX50E,124.1668632519391,-2.3157838112213724,0.9858246949837242
2022-10-06,EURO STOXX 50,^STOXX50E,124.02924363210369,-0.11089588444130882,1.0931805428158354
2022-10-07,EURO STOXX 50,^STOXX50E,124.68397934583273,0.5264997319716969,1.067587507476887
2022-10-10,EURO STOXX 50,^STOXX50E,123.37334752866246,-1.0567267089988341,1.0491668683771773
2022-10-11,EURO STOXX 50,^STOXX50E,124.98885706219602,1.30094860536909,1.0525717831218773
2022-10-12,EURO STOXX 50,^STOXX50E,125.06659942161295,0.06218009637937172,1.0667367056633112
2022-10-13,EURO STOXX 50,^STOXX50E,124.40018766517204,-0.5342701923726878,1.0425101786511748
2022-10-14,EURO STOXX 50,^STOXX50E,127.37644952953772,2.364318262771725,1.0269274413748017
2022-10-17,EURO STOXX 50,^STOXX50E,128.4094926796091,0.8077447555549178,1.1285094625326169
2022-10-18,EURO STOXX 50,^STOXX50E,131.1859921359773,2.1391784504004363,1.1137818224839746
2022-10-19,EURO STOXX 50,^STOXX50E,129.2800803016496,-1.4634887635910587,1.1812990067257305
2022-10-20,EURO STOXX 50,^STOXX50E,130.55803117640042,0.983659534669723,1.1945737718236418
2022-10-21,EURO STOXX 50,^STOXX50E,133.65730695246515,2.3461302122760763,1.1813429694269726
2022-10-24,EURO STOXX 50,^STOXX50E,132.50916333305088,-0.862731312163767,1.2574634869330386
2022-10-25,EURO STOXX 50,^STOXX50E,131.58386618039165,-0.7007386303495622,1.2365434856697501
2022-10-26,EURO STOXX 50,^STOXX50E,132.3991744662518,0.6176994372211198,1.2120089542469845
2022-10-27,EURO STOXX 50,^STOXX50E,132.18095112616732,-0.16495826289313342,1.1859860701783966
2022-10-28,EURO STOXX 50,^STOXX50E,130.56834701996723,-1.2275004088575514,1.154956130391602
2022-10-31,EURO STOXX 50,^STOXX50E,130.1203003984785,-0.3437411387833933,1.1575855538929944
2022-11-01,EURO STOXX 50,^STOXX50E,131.27692732419754,0.8849630765523919,1.130364482170119
2022-11-02,EURO STOXX 50,^STOXX50E,130.9440183112265,-0.2539150265266521,1.118236333399531
2022-11-03,EURO STOXX 50,^STOXX50E,132.25144619286414,0.993511524514723,1.09230749269236
2022-11-04,EURO STOXX 50,^STOXX50E,130.94833267710442,-0.990216761714624,1.0875084607478227
2022-11-07,EURO STOXX 50,^STOXX50E,132.2294084917487,0.9735518872814986,1.084521550020145
2022-11-08,EURO STOXX 50,^STOXX50E,130.2776426826427,-1.4870471223951576,1.079508420815805
2022-11-09,EURO STOXX 50,^STOXX50E,129.6499927330111,-0.4829430072243568,1.10452605450503
2022-11-10,EURO STOXX 50,^STOXX50E,129.30967342069334,-0.26283591826530284,1.0833870393497531
2022-11-11,EURO STOXX 50,^STOXX50E,127.8324688444163,-1.1489527260029497,1.059824177408266
2022-11-14,EURO STOXX 50,^STOXX50E,126.48277570588921,-1.061443102201931,1.0669255159203146
2022-11-15,EURO STOXX 50,^STOXX50E,126.27295057504561,-0.16603001018520303,1.0689939966455466
2022-11-16,EURO STOXX 50,^STOXX50E,128.0185614883532,1.3729426666909461,1.045350071557354
2022-11-17,EURO STOXX 50,^STOXX50E,129.47297941210394,1.1296941145894301,1.0644945646586095
2022-11-18,EURO STOXX 50,^STOXX50E,128.19492882203798,-0.9920219246295936,1.0683689641750025
2022-11-21,EURO STOXX 50,^STOXX50E,129.71316503980398,1.1773603013870648,1.0670697915012597
2022-11-22,EURO STOXX 50,^STOXX50E,131.29330308265315,1.2108185358486345,1.0731272855215312
2022-11-23,EURO STOXX 50,^STOXX50E,131.23572214141882,-0.04386634362312236,1.0803768144886328
2022-11-24,EURO STOXX 50,^STOXX50E,131.68965927367034,0.3452976512456907,1.0553153876903667
2022-11-25,EURO STOXX 50,^STOXX50E,132.9637041491347,0.9628101460749328,1.0342615105297688
2022-11-28,EURO STOXX 50,^STOXX50E,133.8610482087176,0.6726118433075357,1.032960528343863
2022-11-29,EURO STOXX 50,^STOXX50E,133.2031159049893,-0.4927157763428447,1.0209672100929228
2022-11-30,EURO STOXX 50,^STOXX50E,132.74849876537016,-0.34187991901220016,1.0058976626264333
2022-12-01,EURO STOXX 50,^STOXX50E,132.42722435213028,-0.24231069621176715,0.9887543565867015
2022-12-02,EURO STOXX 50,^STOXX50E,131.94947871711798,-0.36141320282006006,0.9713005653570291
2022-12-05,EURO STOXX 50,^STOXX50E,132.3747613923766,0.321788907486642,0.9569676108357731
2022-12-06,EURO STOXX 50,^STOXX50E,132.23776418630771,-0.10354552794478167,0.9423692721726113
2022-12-07,EURO STOXX 50,^STOXX50E,131.45719399903578,-0.5920268423258435,0.9268243665157226
2022-12-08,EURO STOXX 50,^STOXX50E,133.45691414674423,1.5097407570058508,0.9216853346032235
2022-12-09,EURO STOXX 50,^STOXX50E,135.47932755438995,1.5040379231852086,0.9640355021664965
2022-12-12,EURO STOXX 50,^STOXX50E,133.86597176541645,-1.1979975805873622,1.0007815098220516
2022-12-13,EURO STOXX 50,^STOXX50E,135.60982413156134,1.2942733529224704,1.0162107996283378
2022-12-14,EURO STOXX 50,^STOXX50E,138.03260521402126,1.7708104686977144,1.033605575123373
2022-12-15,EURO STOXX 50,^STOXX50E,135.36916283983263,-1.9484340975204795,1.0816167492223066
2022-12-16,EURO STOXX 50,^STOXX50E,139.62838257080685,3.0978897265797833,1.1404591866406304
2022-12-19,EURO STOXX 50,^STOXX50E,139.62965294797203,0.0009098231768867038,1.2994775776113547
2022-12-20,EURO STOXX 50,^STOXX50E,137.82234276131882,-1.3028096951001267,1.2610407719684997
2022-12-21,EURO STOXX 50,^STOXX50E,139.77141663257748,1.4042865412577932,1.2583922107530128
2022-12-22,EURO STOXX 50,^STOXX50E,140.8108237050694,0.7408963774012456,1.2593445968021313
2022-12-23,EURO STOXX 50,^STOXX50E,141.50957121255706,0.4950042199185489,1.2334084194479975
2022-12-26,EURO STOXX 50,^STOXX50E,143.80928644980395,1.6120666255642568,1.2033673634737423
2022-12-27,EURO STOXX 50,^STOXX50E,144.3323231096238,0.363041793988117,1.2213487903104836
2022-12-28,EURO STOXX 50,^STOXX50E,141.64381695269304,-1.8802864920703044,1.189893066770418
2022-12-29,EURO STOXX 50,^STOXX50E,141.22078588775253,-0.29910520869416146,1.2300086327469144
2022-12-30,EURO STOXX 50,^STOXX50E,140.55183641446928,-0.47481598787504353,1.1976483958884658
2023-01-02,EURO STOXX 50,^STOXX50E,139.04715986850985,-1.0763207965067245,1.1701865442475257
2023-01-03,EURO STOXX 50,^STOXX50E,139.85237988374027,0.5774281687737748,1.1642527099023041
2023-01-04,EURO STOXX 50,^STOXX50E,140.18736239361502,0.23923937861436428,1.1404321233474433
2023-01-05,EURO STOXX 50,^STOXX50E,140.36511138693572,0.12671356249960297,1.112555765318487
2023-01-06,EURO STOXX 50,^STOXX50E,140.77082412217237,0.2886240893731795,1.0856277476240337
2023-01-09,EURO STOXX 50,^STOXX50E,137.8651749299383,-2.0856992883658165,1.061794677814281
2023-01-10,EURO STOXX 50,^STOXX50E,135.71823920896298,-1.5695248198507095,1.135116843973134
2023-01-11,EURO STOXX 50,^STOXX50E,136.4975597430862,0.5725770996800605,1.1596331838318081
2023-01-12,EURO STOXX 50,^STOXX50E,135.68403786335836,-0.5977805328675423,1.1360073994044924
2023-01-13,EURO STOXX 50,^STOXX50E,134.70394028726002,-0.7249596489844023,1.1154984086890851
2023-01-16,EURO STOXX 50,^STOXX50E,132.4553427743958,-1.6833782354611415,1.1001701418191439
2023-01-17,EURO STOXX 50,^STOXX50E,131.17368612320172,-0.972325964288423,1.1363182286795905
2023-01-18,EURO STOXX 50,^STOXX50E,130.2299024448039,-0.7220924429095277,1.1285890031279566
2023-01-19,EURO STOXX 50,^STOXX50E,132.79570565595418,1.9510530711352558,1.1122175525929354
2023-01-20,EURO STOXX 50,^STOXX50E,133.83952404753634,0.7829600950635118,1.1644093972827732
2023-01-23,EURO STOXX 50,^STOXX50E,132.81169356309707,-0.7709213437265383,1.1462652067056924
2023-01-24,EURO STOXX 50,^STOXX50E,132.37261196075872,-0.33115233024458846,1.1302014385719559
2023-01-25,EURO STOXX 50,^STOXX50E,130.33816948574975,-1.5488387144736215,1.1045457516202923
2023-01-26,EURO STOXX 50,^STOXX50E,129.6140264834055,-0.5571369557157979,1.1309449819002473
2023-01-27,EURO STOXX 50,^STOXX50E,131.58417811369372,1.5085777463310635,1.1097446574107146
2023-01-30,EURO STOXX 50,^STOXX50E,132.16627897762962,0.44140345042684714,1.1306895852331045
2023-01-31,EURO STOXX 50,^STOXX50E,131.60326017520165,-0.42690271158809523,1.1062456191332193
2023-02-01,EURO STOXX 50,^STOXX50E,130.2730471542394,-1.0159181449699517,1.0838227085322583
2023-02-02,EURO STOXX 50,^STOXX50E,127.96272347566338,-1.7893611842826118,1.082301847671243
2023-02-03,EURO STOXX 50,^STOXX50E,125.85731221491278,-1.6590176144720914,1.1284188223674385
2023-02-06,EURO STOXX 50,^STOXX50E,123.26727864172402,-2.0793827598802217,1.1596735726353586
2023-02-07,EURO STOXX 50,^STOXX50E,123.02077870604637,-0.2001721241706278,1.219018782216489
2023-02-08,EURO STOXX 50,^STOXX50E,122.4619425700898,-0.4552964855666808,1.1862661596735617
2023-02-09,EURO STOXX 50,^STOXX50E,124.84804138070879,1.9297020004328758,1.159150196812488
2023-02-10,EURO STOXX 50,^STOXX50E,121.66730027718022,-2.580705616459511,1.2039041378821873
2023-02-13,EURO STOXX 50,^STOXX50E,122.44800421087491,0.6396211798183948,1.3015503182240769
2023-02-14,EURO STOXX 50,^STOXX50E,124.41376456330708,1.5926337342440533,1.2702771838874274
2023-02-15,EURO STOXX 50,^STOXX50E,124.73127223134759,0.25487791690341766,1.2806503791161299
2023-02-16,EURO STOXX 50,^STOXX50E,125.03749473199058,0.24520492117368065,1.2443806784227704
2023-02-17,EURO STOXX 50,^STOXX50E,126.9700842698897,1.5337851600834895,1.2101827165909105
2023-02-20,EURO STOXX 50,^STOXX50E,126.18290483776163,-0.6219021722758455,1.2227434218816555
2023-02-21,EURO STOXX 50,^STOXX50E,126.18438874925253,0.0011759935051536274,1.1970058518205318
2023-02-22,EURO STOXX 50,^STOXX50E,128.018624066502,1.4431513861999257,1.16462341881969
2023-02-23,EURO STOXX 50,^STOXX50E,129.53442713646726,1.1770938567299716,1.1762032605352641
2023-02-24,EURO STOXX 50,^STOXX50E,130.33406642238768,0.6154203603349728,1.172769943098781
2023-02-27,EURO STOXX 50,^STOXX50E,130.4698677449636,0.10414055699188296,1.149296698061286
2023-02-28,EURO STOXX 50,^STOXX50E,130.698691750213,0.17523094222653413,1.119978373577558
2023-03-01,EURO STOXX 50,^STOXX50E,133.54369623537238,2.153412589190129,1.092865186288721
2023-03-02,EURO STOXX 50,^STOXX50E,134.7155674033226,0.8736910751748539,1.1645450331086955
2023-03-03,EURO STOXX 50,^STOXX50E,138.0162912483144,2.4206083052098037,1.1494510321366693
2023-03-06,EURO STOXX 50,^STOXX50E,136.61312401425153,-1.0218711952878046,1.2369672944760703
2023-03-07,EURO STOXX 50,^STOXX50E,138.35308634860567,1.2655995489448735,1.2234774016909185
2023-03-08,EURO STOXX 50,^STOXX50E,137.7345953340958,-0.44804030761014246,1.2203594798522255
2023-03-09,EURO STOXX 50,^STOXX50E,138.56098171534546,0.5981918743055203,1.1909305532490637
2023-03-10,EURO STOXX 50,^STOXX50E,138.64371686455036,0.059692459821558685,1.1658292095195086
2023-03-13,EURO STOXX 50,^STOXX50E,141.25435755961334,1.8654765014951558,1.1353727975247239
2023-03-14,EURO STOXX 50,^STOXX50E,139.63364235698313,-1.1540067139812926,1.1781229318454252
2023-03-15,EURO STOXX 50,^STOXX50E,140.22357513694627,0.4215961689684633,1.175130624260606
2023-03-16,EURO STOXX 50,^STOXX50E,140.4964847290402,0.1944354658533598,1.1474667476815408
2023-03-17,EURO STOXX 50,^STOXX50E,141.01255398405863,0.36664530240217985,1.118768382636633
2023-03-20,EURO STOXX 50,^STOXX50E,141.89055757596816,0.6207117384219529,1.0938489216545515
2023-03-21,EURO STOXX 50,^STOXX50E,143.99380312092268,1.4714225620625854,1.0759398084771798
2023-03-22,EURO STOXX 50,^STOXX50E,144.80661499877095,0.5628897833782176,1.0980366438306781
2023-03-23,EURO STOXX 50,^STOXX50E,146.4587767181144,1.1344838669225865,1.078363468537162
2023-03-24,EURO STOXX 50,^STOXX50E,146.03123905933307,-0.29234362898851174,1.0812455713331681
2023-03-27,EURO STOXX 50,^STOXX50E,144.30400318316322,-1.1898357498574264,1.0582165866248059
2023-03-28,EURO STOXX 50,^STOXX50E,144.2148665309317,-0.06178913369225825,1.06763963442794
2023-03-29,EURO STOXX 50,^STOXX50E,141.22830041812503,-2.092658327860253,1.0434552127846244
2023-03-30,EURO STOXX 50,^STOXX50E,139.77251782193548,-1.0361504495109308,1.1200864677290603
2023-03-31,EURO STOXX 50,^STOXX50E,138.747682661663,-0.7359177421942142,1.1164504733682588
2023-04-03,EURO STOXX 50,^STOXX50E,138.81530670865905,0.04872699237568057,1.1014083846433653
2023-04-04,EURO STOXX 50,^STOXX50E,140.43937412290245,1.1631573872622702,1.0749438628366133
2023-04-05,EURO STOXX 50,^STOXX50E,140.78197188302047,0.24365001766089023,1.0795638750258827
2023-04-06,EURO STOXX 50,^STOXX50E,141.13124051173892,0.2477846316265797,1.0556221013111886
2023-04-07,EURO STOXX 50,^STOXX50E,140.81595059217204,-0.22365184753647682,1.033292208425126
2023-04-10,EURO STOXX 50,^STOXX50E,139.63662161270165,-0.8410234369060632,1.012576115320595
2023-04-11,EURO STOXX 50,^STOXX50E,140.37722875042792,0.5289801656149784,1.0094629972017943
2023-04-12,EURO STOXX 50,^STOXX50E,143.9994490759146,2.547618365649207,0.9952386596897032
2023-04-13,EURO STOXX 50,^STOXX50E,147.27221876486345,2.2473228883946206,1.1214477556514442
2023-04-14,EURO STOXX 50,^STOXX50E,144.9139076742067,-1.614287668173553,1.1973335990501253
2023-04-17,EURO STOXX 50,^STOXX50E,147.06198764814937,1.471435666683707,1.2183197713637874
2023-04-18,EURO STOXX 50,^STOXX50E,145.00962971921527,-1.4054030503964476,1.226508623533205
2023-04-19,EURO STOXX 50,^STOXX50E,147.36497851731338,1.611220459085505,1.232260514714509
2023-04-20,EURO STOXX 50,^STOXX50E,146.2919130363239,-0.7308326744795757,1.2473574640263603
2023-04-21,EURO STOXX 50,^STOXX50E,144.68915068195278,-1.10163771016758,1.2229602767203858
2023-04-24,EURO STOXX 50,^STOXX50E,145.65034135640312,0.6621174262209095,1.2139289906640611
2023-04-25,EURO STOXX 50,^STOXX50E,146.21206013834737,0.3849207521224862,1.1888906100941088
2023-04-26,EURO STOXX 50,^STOXX50E,144.37136868408666,-1.26691056118311,1.159770807766016
2023-04-27,EURO STOXX 50,^STOXX50E,141.4621894892877,-2.035645970210709,1.1640258327710962
2023-04-28,EURO STOXX 50,^STOXX50E,141.58505297810822,0.08681483378270016,1.21925420693293
2023-05-01,EURO STOXX 50,^STOXX50E,141.82965238260545,0.17260887356949084,1.1856255883768427
2023-05-02,EURO STOXX 50,^STOXX50E,143.26615234479024,1.0077399212483407,1.1544214423019257
2023-05-03,EURO STOXX 50,^STOXX50E,143.94208544229593,0.4706928677705946,1.1452481503136982
2023-05-04,EURO STOXX 50,^STOXX50E,146.03221854796055,1.441623809957271,1.1204006769782449
2023-05-05,EURO STOXX 50,^STOXX50E,145.2888351532497,-0.5103544689198714,1.136161922931161
2023-05-08,EURO STOXX 50,^STOXX50E,145.43668357040346,0.10170997754066491,1.1134992782406121
2023-05-09,EURO STOXX 50,^STOXX50E,145.6737928633862,0.1628999054386071,1.086405838965359
2023-05-10,EURO STOXX 50,^STOXX50E,147.9035816536884,1.5190759659127195,1.0613463644049141
2023-05-11,EURO STOXX 50,^STOXX50E,148.7935536398287,0.5999212998627712,1.0880695530311717
2023-05-12,EURO STOXX 50,^STOXX50E,152.56415695128283,2.5025409749791727,1.0700192992552064
2023-05-15,EURO STOXX 50,^STOXX50E,153.69835300647097,0.7406725951977222,1.1781518277304597
2023-05-16,EURO STOXX 50,^STOXX50E,155.01465635218295,0.852773471051993,1.1577346760222547
2023-05-17,EURO STOXX 50,^STOXX50E,152.33586828944843,-1.743192662245363,1.1424050934727454
2023-05-18,EURO STOXX 50,^STOXX50E,151.76735479195685,-0.3738955174752867,1.1780077987899904
2023-05-19,EURO STOXX 50,^STOXX50E,149.49156947902046,-1.5108787966651605,1.149963362808347
2023-05-22,EURO STOXX 50,^STOXX50E,148.38764011991526,-0.7411960132978734,1.1692027401097975
2023-05-23,EURO STOXX 50,^STOXX50E,151.24702161233358,1.908636523475682,1.1505272213268871
2023-05-24,EURO STOXX 50,^STOXX50E,149.57680084019552,-1.1104425980337673,1.1947179145737399
2023-05-25,EURO STOXX 50,^STOXX50E,149.80601808005522,0.1531265457884068,1.1883370608906771
2023-05-26,EURO STOXX 50,^STOXX50E,150.8950742499281,0.7243478386757651,1.156850812224156
2023-05-29,EURO STOXX 50,^STOXX50E,153.56621931442828,1.7547147425784004,1.137437237634292
2023-05-30,EURO STOXX 50,^STOXX50E,153.8369797645876,0.1761598584463897,1.171878254850604
2023-05-31,EURO STOXX 50,^STOXX50E,151.60988007045404,-1.4582825718969517,1.1415395459140563
2023-06-01,EURO STOXX 50,^STOXX50E,149.14586734934295,-1.6385840492954884,1.1583773421259684
2023-06-02,EURO STOXX 50,^STOXX50E,151.92490218286403,1.846153160932218,1.1849986448902874
2023-06-05,EURO STOXX 50,^STOXX50E,152.06190644836573,0.09013830264201772,1.220595713770753
2023-06-06,EURO STOXX 50,^STOXX50E,151.99508922415527,-0.04395046076028919,1.186896277479786
2023-06-07,EURO STOXX 50,^STOXX50E,149.39800901434415,-1.7234266522512698,1.1551986790182789
2023-06-08,EURO STOXX 50,^STOXX50E,146.63613219616064,-1.8659719067929181,1.187968325392859
2023-06-09,EURO STOXX 50,^STOXX50E,149.4262173455133,1.8848514545434902,1.2272534403069646
2023-06-12,EURO STOXX 50,^STOXX50E,147.3697761375921,-1.3857829369588792,1.2609007622945738
2023-06-13,EURO STOXX 50,^STOXX50E,146.48137792384367,-0.6046604944217826,1.2625473939271858
2023-06-14,EURO STOXX 50,^STOXX50E,145.8820176603491,-0.41001104255595777,1.2337837808692196
2023-06-15,EURO STOXX 50,^STOXX50E,146.3433832870863,0.3157603744075921,1.202834633664158
2023-06-16,EURO STOXX 50,^STOXX50E,146.37857695906473,0.024045802452565823,1.1719049736295988
2023-06-19,EURO STOXX 50,^STOXX50E,145.9171232893668,-0.3157446740929437,1.1410411389833643
2023-06-20,EURO STOXX 50,^STOXX50E,145.8709795598692,-0.03162824627302996,1.114462515545836
2023-06-21,EURO STOXX 50,^STOXX50E,146.13281162711178,0.17933475202580595,1.0872078907582676
2023-06-22,EURO STOXX 50,^STOXX50E,146.5727182826926,0.300579894696984,1.0622102046016282
2023-06-23,EURO STOXX 50,^STOXX50E,146.92371155852828,0.23918072417714598,1.0400678994235975
2023-06-26,EURO STOXX 50,^STOXX50E,143.5653555097288,-2.3123112467159146,1.0186788511041167
2023-06-27,EURO STOXX 50,^STOXX50E,145.8795798866785,1.5991115469866202,1.1200345643341727
2023-06-28,EURO STOXX 50,^STOXX50E,146.86454969240776,0.6729245255828964,1.1457398947031951
2023-06-29,EURO STOXX 50,^STOXX50E,147.84523481422852,0.6655284575875164,1.125624133339576
2023-06-30,EURO STOXX 50,^STOXX50E,146.92740946643517,-0.6227364253163614,1.1067060992404538
2023-07-03,EURO STOXX 50,^STOXX50E,147.36022995926905,0.2941481373484045,1.088924523766001
2023-07-04,EURO STOXX 50,^STOXX50E,148.63890181071028,0.863975375666648,1.0649442980107129
2023-07-05,EURO STOXX 50,^STOXX50E,147.4003478619752,-0.8367547050800894,1.0570886858317632
2023-07-06,EURO STOXX 50,^STOXX50E,146.58587888075337,-0.5540879067832627,1.0501856886383056
2023-07-07,EURO STOXX 50,^STOXX50E,147.11150020879427,0.35793434101822896,1.0345669762651626
2023-07-10,EURO STOXX 50,^STOXX50E,147.83026721960283,0.48739684444711884,1.0151145050660317
2023-07-11,EURO STOXX 50,^STOXX50E,147.9043527228115,0.05010269326790606,0.9995061864119675
2023-07-12,EURO STOXX 50,^STOXX50E,146.31185673009864,-1.082545076455954,0.9796858463648057
2023-07-13,EURO STOXX 50,^STOXX50E,146.59629933220083,0.1942197140147428,0.9908151520108193
2023-07-14,EURO STOXX 50,^STOXX50E,148.45850015186514,1.2622913095857058,0.9723198838390185
2023-07-17,EURO STOXX 50,^STOXX50E,148.01969197210326,-0.29601401508623226,0.9923192253020913
2023-07-18,EURO STOXX 50,^STOXX50E,147.35290866347415,-0.4514869963154311,0.9753737526931174
2023-07-19,EURO STOXX 50,^STOXX50E,148.25337696183294,0.6092367634683349,0.9626460821337359
2023-07-20,EURO STOXX 50,^STOXX50E,149.1564345932249,0.6072835337980642,0.9541058501247698
2023-07-21,EURO STOXX 50,^STOXX50E,151.09352706733247,1.2903377839045937,0.9461725109976586
2023-07-24,EURO STOXX 50,^STOXX50E,150.09002011916596,-0.6663781411793579,0.9706743277302832
2023-07-25,EURO STOXX 50,^STOXX50E,149.53572585719547,-0.36999149888972127,0.9644523641973864
2023-07-26,EURO STOXX 50,^STOXX50E,151.1605762088946,1.0807357161191078,0.9507796953128248
2023-07-27,EURO STOXX 50,^STOXX50E,151.23683685491415,0.0504373677430614,0.9627133416462307
2023-07-28,EURO STOXX 50,^STOXX50E,150.6929753290624,-0.3602573128689279,0.9454006815946348
2023-07-31,EURO STOXX 50,^STOXX50E,150.43775854238712,-0.1695056791459315,0.9329314002047302
2023-08-01,EURO STOXX 50,^STOXX50E,151.1497105676127,0.47213722099090916,0.9185835206630757
2023-08-02,EURO STOXX 50,^STOXX50E,151.5845759096193,0.2872919656175199,0.9097739792326647
2023-08-03,EURO STOXX 50,^STOXX50E,152.19686075953294,0.40310934449987457,0.8980944032982379
2023-08-04,EURO STOXX 50,^STOXX50E,153.25750679659623,0.6944738151266172,0.8893206994231458
2023-08-07,EURO STOXX 50,^STOXX50E,154.0407878568354,0.5097865951146474,0.889568710696653
2023-08-08,EURO STOXX 50,^STOXX50E,156.2438673017436,1.420061501876635,0.8839837205919707
2023-08-09,EURO STOXX 50,^STOXX50E,156.08802915250263,-0.09979010401570676,0.9245159754085606
2023-08-10,EURO STOXX 50,^STOXX50E,156.99323947831664,0.5782606236266474,0.9102139295867235
2023-08-11,EURO STOXX 50,^STOXX50E,154.51090217053627,-1.5938085714652495,0.9048971246559109
2023-08-14,EURO STOXX 50,^STOXX50E,154.00013566471526,-0.33111747059031416,0.9586937131041315
2023-08-15,EURO STOXX 50,^STOXX50E,153.52295037025067,-0.31034136890673025,0.9447163351187102
2023-08-16,EURO STOXX 50,^STOXX50E,155.3818225883117,1.2035389666747776,0.9313937110735648
2023-08-17,EURO STOXX 50,^STOXX50E,155.0759231103035,-0.19706358191466933,0.9521810925438731
2023-08-18,EURO STOXX 50,^STOXX50E,155.51475982791288,0.28258221108057313,0.9367499591111083
2023-08-21,EURO STOXX 50,^STOXX50E,153.85155647387427,-1.0752427078152493,0.9230343996535345
2023-08-22,EURO STOXX 50,^STOXX50E,154.58314105930404,0.4743862887409911,0.9393634447350462
2023-08-23,EURO STOXX 50,^STOXX50E,156.80967669483232,1.4300738195554885,0.9290225372547243
2023-08-24,EURO STOXX 50,^STOXX50E,155.83574488048782,-0.6230284517304341,0.9647421003852278
2023-08-25,EURO STOXX 50,^STOXX50E,157.89462984527742,1.312537572720185,0.9575634871360961
2023-08-28,EURO STOXX 50,^STOXX50E,154.76297967194515,-2.003312768819221,0.9822200428743538
2023-08-29,EURO STOXX 50,^STOXX50E,155.87220353644696,0.714168026670503,1.0599799954092846
2023-08-30,EURO STOXX 50,^STOXX50E,158.50332231155957,1.673909063835577,1.0472608740912448
2023-08-31,EURO STOXX 50,^STOXX50E,156.7960330564935,-1.0829745842204197,1.086320896670304
2023-09-01,EURO STOXX 50,^STOXX50E,157.21962964307463,0.26979344907882563,1.0877367485957397
2023-09-04,EURO STOXX 50,^STOXX50E,157.2098586374167,-0.006215069530846051,1.0635451412179895
2023-09-05,EURO STOXX 50,^STOXX50E,157.59889537262814,0.2471576335142167,1.039493005334913
2023-09-06,EURO STOXX 50,^STOXX50E,156.451753719142,-0.7305488835814167,1.0182265520164717
2023-09-07,EURO STOXX 50,^STOXX50E,155.43326083275744,-0.6531230802035992,1.0104573926765752
2023-09-08,EURO STOXX 50,^STOXX50E,153.50644136359904,-1.2473919276843048,1.0006823841512111
2023-09-11,EURO STOXX 50,^STOXX50E,153.05042318426698,-0.2975099033349693,1.0189981105909698
2023-09-12,EURO STOXX 50,^STOXX50E,151.21610843753012,-1.2057435038252962,1.0002279149958837
2023-09-13,EURO STOXX 50,^STOXX50E,150.94869097911192,-0.177001112473274,1.0161566237475248
2023-09-14,EURO STOXX 50,^STOXX50E,153.20189719366994,1.4816656769245817,0.9961082959773678
2023-09-15,EURO STOXX 50,^STOXX50E,152.00379907890348,-0.7851126526416508,1.0275630701649348
2023-09-18,EURO STOXX 50,^STOXX50E,152.96385761401274,0.6296154267873888,1.0210435350627067
2023-09-19,EURO STOXX 50,^STOXX50E,154.3017985216523,0.8708746564746406,1.0086599872950315
2023-09-20,EURO STOXX 50,^STOXX50E,154.5737416686119,0.17608595168026042,1.005632219381477
2023-09-21,EURO STOXX 50,^STOXX50E,155.24620579440852,0.4341006363951294,0.9859818782874868
2023-09-22,EURO STOXX 50,^STOXX50E,153.88247840455463,-0.8823097346803088,0.9713192106982048
2023-09-25,EURO STOXX 50,^STOXX50E,154.63645612660451,0.48877338710866525,0.9734762995196812
2023-09-26,EURO STOXX 50,^STOXX50E,155.4267384296969,0.5097567388000712,0.9609243028717787
2023-09-27,EURO STOXX 50,^STOXX50E,155.9632298723618,0.34457884203797917,0.94981189857179
2023-09-28,EURO STOXX 50,^STOXX50E,156.98953101779645,0.6558848189568423,0.9360941952414776
2023-09-29,EURO STOXX 50,^STOXX50E,156.93157624066666,-0.036923148172007814,0.9311104255693965
2023-10-02,EURO STOXX 50,^STOXX50E,155.51135334470297,-0.9091149410879851,0.9160560416573198
2023-10-03,EURO STOXX 50,^STOXX50E,153.4682951317544,-1.322474149641728,0.924467427656411
2023-10-04,EURO STOXX 50,^STOXX50E,153.66743204308793,0.12967357530797585,0.9558046789785978
2023-10-05,EURO STOXX 50,^STOXX50E,153.50151534241513,-0.10802961576743542,0.9392610609393164
2023-10-06,EURO STOXX 50,^STOXX50E,154.27368966999074,0.5017791785464354,0.9239640379997781
2023-10-09,EURO STOXX 50,^STOXX50E,152.16039073770145,-1.3793063968085661,0.9154673884049316
2023-10-10,EURO STOXX 50,^STOXX50E,155.41169886761017,2.1142550654870362,0.9517642651191963
2023-10-11,EURO STOXX 50,^STOXX50E,154.0457136948515,-0.8828316849263551,1.0413917966540283
2023-10-12,EURO STOXX 50,^STOXX50E,151.75604449053182,-1.4975139494660894,1.0376123067011482
2023-10-13,EURO STOXX 50,^STOXX50E,151.54381864232903,-0.13994459519155455,1.067893751474418
2023-10-16,EURO STOXX 50,^STOXX50E,154.0668510809378,1.6511791056058378,1.044117584760594
2023-10-17,EURO STOXX 50,^STOXX50E,154.04820956091058,-0.012100362774347673,1.0819019142686344
2023-10-18,EURO STOXX 50,^STOXX50E,152.88742169405725,-0.7563757887606215,1.0566769675972438
2023-10-19,EURO STOXX 50,^STOXX50E,150.6828068102841,-1.4524834359517236,1.0468238766750118
2023-10-20,EURO STOXX 50,^STOXX50E,151.87053134379371,0.7851380137516628,1.0730930290008562
2023-10-23,EURO STOXX 50,^STOXX50E,151.52594465027946,-0.22715283066681025,1.0617385098362666
2023-10-24,EURO STOXX 50,^STOXX50E,148.7971520098209,-1.8172879607652348,1.0391706810787116
2023-10-25,EURO STOXX 50,^STOXX50E,149.901455447912,0.7394132023589073,1.09294789296598
2023-10-26,EURO STOXX 50,^STOXX50E,147.74932995408165,-1.446099324229877,1.0785890756221155
2023-10-27,EURO STOXX 50,^STOXX50E,148.35630087242683,0.4099697576100958,1.1010707712121213
2023-10-30,EURO STOXX 50,^STOXX50E,147.2840207810857,-0.7253982050288599,1.078017916334534
2023-10-31,EURO STOXX 50,^STOXX50E,145.67588806282964,-1.0978627601013535,1.065478034599045
2023-11-01,EURO STOXX 50,^STOXX50E,146.48694381439432,0.5552094561808829,1.0694601513450073
2023-11-02,EURO STOXX 50,^STOXX50E,145.1756591405793,-0.8991852199565109,1.0515912649343686
2023-11-03,EURO STOXX 50,^STOXX50E,144.9290705296405,-0.1699997587807367,1.047652376800633
2023-11-06,EURO STOXX 50,^STOXX50E,145.54732833962956,0.42568604265893484,1.0254410592068024
2023-11-07,EURO STOXX 50,^STOXX50E,145.99976987880157,0.3103731130508436,1.007814907111241
2023-11-08,EURO STOXX 50,^STOXX50E,144.80680146452417,-0.8204595245925539,0.9894792011037599
2023-11-09,EURO STOXX 50,^STOXX50E,147.05160133315542,1.5383104370974898,0.9874580919639521
2023-11-10,EURO STOXX 50,^STOXX50E,149.02497205884902,1.3330334953375989,1.0238525471328248
2023-11-13,EURO STOXX 50,^STOXX50E,147.54114535065682,-1.0006801202920634,1.0427804694019254
2023-11-14,EURO STOXX 50,^STOXX50E,147.3413028644569,-0.13554046231236683,1.0440735049509124
2023-11-15,EURO STOXX 50,^STOXX50E,147.36153960272273,0.013733656674741468,1.0218237050555028
2023-11-16,EURO STOXX 50,^STOXX50E,143.17083385615834,-2.8850460760327934,1.0004884662576072
2023-11-17,EURO STOXX 50,^STOXX50E,142.53671879503182,-0.44389173226839773,1.1679327570685514
2023-11-20,EURO STOXX 50,^STOXX50E,142.08476905251032,-0.3175797623653942,1.1417799799277983
2023-11-21,EURO STOXX 50,^STOXX50E,144.09416340108905,1.4043153728973579,1.115180396211222
2023-11-22,EURO STOXX 50,^STOXX50E,139.44170711951745,-3.2820354557548725,1.1292415486470644
2023-11-23,EURO STOXX 50,^STOXX50E,135.82939774594826,-2.6246973874786583,1.3161995809097637
2023-11-24,EURO STOXX 50,^STOXX50E,135.92788653004357,0.07248290596484352,1.4013452927656205
2023-11-27,EURO STOXX 50,^STOXX50E,136.20293778914865,0.20214641502329656,1.3571586996022709
2023-11-28,EURO STOXX 50,^STOXX50E,136.67101530742846,0.3430726693182784,1.3160264287212415
2023-11-29,EURO STOXX 50,^STOXX50E,138.66717951699894,1.449998017954357,1.2786056582580319
2023-11-30,EURO STOXX 50,^STOXX50E,141.74598721917815,2.1959963321533493,1.2802288351912254
2023-12-01,EURO STOXX 50,^STOXX50E,142.2255361788646,0.33774472158709656,1.3309516219435937
2023-12-04,EURO STOXX 50,^STOXX50E,143.38301291118148,0.8105381109304588,1.2925889418548508
2023-12-05,EURO STOXX 50,^STOXX50E,145.0564301409835,1.1603378425427024,1.2664512275601258
2023-12-06,EURO STOXX 50,^STOXX50E,143.52216769344273,-1.063333812932754,1.2550229926290155
2023-12-07,EURO STOXX 50,^STOXX50E,142.27947129738695,-0.8696270826320074,1.2418666614947544
2023-12-08,EURO STOXX 50,^STOXX50E,141.98746269558836,-0.20544683154453125,1.2222865017367395
2023-12-11,EURO STOXX 50,^STOXX50E,141.16212235541403,-0.5829729028265618,1.1893829614367972
2023-12-12,EURO STOXX 50,^STOXX50E,140.18831978914946,-0.6922373730759546,1.1648814300354111
2023-12-13,EURO STOXX 50,^STOXX50E,139.38555276002427,-0.5742805849942023,1.1450134723911232
2023-12-14,EURO STOXX 50,^STOXX50E,139.47488816038566,0.06407176516152191,1.1232817142704694
2023-12-15,EURO STOXX 50,^STOXX50E,137.42845178907416,-1.4781140817560434,1.0954670932606685
2023-12-18,EURO STOXX 50,^STOXX50E,136.20439142134856,-0.894679540921306,1.1182261509831004
2023-12-19,EURO STOXX 50,^STOXX50E,137.74819052174692,1.1270676345337627,1.1087674268287184
2023-12-20,EURO STOXX 50,^STOXX50E,135.0871578535856,-1.9507128138659624,1.1086464720608835
2023-12-21,EURO STOXX 50,^STOXX50E,135.08005865727532,-0.0052554091526602065,1.16413036710772
2023-12-22,EURO STOXX 50,^STOXX50E,134.37776845410767,-0.5212628639406525,1.1337524973889106
2023-12-25,EURO STOXX 50,^STOXX50E,136.0359029227383,1.2263841856359647,1.1115020267612934
2023-12-26,EURO STOXX 50,^STOXX50E,137.03398154577468,0.731009257604498,1.1160838493969008
2023-12-27,EURO STOXX 50,^STOXX50E,134.30274180021962,-2.0132416741129866,1.0997739109933133
2023-12-28,EURO STOXX 50,^STOXX50E,134.73986953711642,0.3249508465375861,1.1615646575423204
2023-12-29,EURO STOXX 50,^STOXX50E,135.38622107945343,0.47855634707669736,1.1333217151773698
2024-01-01,EURO STOXX 50,^STOXX50E,134.63104794060965,-0.5593531928874462,1.1094127201089814
2024-01-02,EURO STOXX 50,^STOXX50E,135.4042040599752,0.5726350366151323,1.0897490889390757
2024-01-03,EURO STOXX 50,^STOXX50E,138.10974015953326,1.9784178502234795,1.0708891514728875
2024-01-04,EURO STOXX 50,^STOXX50E,136.38961631500385,-1.2532971897072365,1.1306872838014697
2024-01-05,EURO STOXX 50,^STOXX50E,137.14818923150492,0.5546398675094544,1.1368348297055944
2024-01-08,EURO STOXX 50,^STOXX50E,137.703975771845,0.4044263561636896,1.1143216899620938
2024-01-09,EURO STOXX 50,^STOXX50E,136.02662941291788,-1.225560694986072,1.0903001320836816
2024-01-10,EURO STOXX 50,^STOXX50E,137.0457606960224,0.7464218659365862,1.0986612534305669
2024-01-11,EURO STOXX 50,^STOXX50E,137.5735647705676,0.38439008145711995,1.0841066678190179
2024-01-12,EURO STOXX 50,^STOXX50E,138.9982302944354,1.030241080539529,1.0617465946799058
2024-01-15,EURO STOXX 50,^STOXX50E,141.19910450241116,1.5709781633185038,1.0611217581064796
2024-01-16,EURO STOXX 50,^STOXX50E,140.40317108683803,-0.565290556287934,1.0913440657135742
2024-01-17,EURO STOXX 50,^STOXX50E,142.4174172018459,1.4244225883872197,1.0730928892987073
2024-01-18,EURO STOXX 50,^STOXX50E,141.07841021002216,-0.9446466717382584,1.0925520698486217
2024-01-19,EURO STOXX 50,^STOXX50E,142.61769286502172,1.0851737079249801,1.0871750668456572
2024-01-22,EURO STOXX 50,^STOXX50E,142.52274511974656,-0.06659718239578893,1.0869190607747639
2024-01-23,EURO STOXX 50,^STOXX50E,145.29470113185326,1.9262499597971328,1.0615140564585934
2024-01-24,EURO STOXX 50,^STOXX50E,144.36915496357105,-0.6390506089283932,1.1182736597860818
2024-01-25,EURO STOXX 50,^STOXX50E,142.4381754280797,-1.3465546435082132,1.1001353038038106
2024-01-26,EURO STOXX 50,^STOXX50E,140.3785873000166,-1.4565081068213637,1.1143717420351331
2024-01-29,EURO STOXX 50,^STOXX50E,139.61841917410612,-0.5429843719864103,1.1338240184337862
2024-01-30,EURO STOXX 50,^STOXX50E,141.67032056327383,1.458954800249046,1.1120819981448675
2024-01-31,EURO STOXX 50,^STOXX50E,140.41821210932738,-0.8877473077304465,1.1297155669856496
2024-02-01,EURO STOXX 50,^STOXX50E,142.75867097821813,1.65303900379703,1.1190957423566292
2024-02-02,EURO STOXX 50,^STOXX50E,141.45088086283084,-0.9203063988014293,1.1485135864589824
2024-02-05,EURO STOXX 50,^STOXX50E,140.54447331347916,-0.6428550381854414,1.1377150850670728
2024-02-06,EURO STOXX 50,^STOXX50E,139.25912190688072,-0.9187590653684907,1.1183177772801502
2024-02-07,EURO STOXX 50,^STOXX50E,139.09587104617364,-0.11729689321722248,1.1098105868034613
2024-02-08,EURO STOXX 50,^STOXX50E,139.22620954924827,0.09366020282959298,1.0831976432859862
2024-02-09,EURO STOXX 50,^STOXX50E,139.86750513814877,0.4595565459129425,1.0579992219588212
2024-02-12,EURO STOXX 50,^STOXX50E,141.54458734382595,1.1919189724128643,1.0387876527949764
2024-02-13,EURO STOXX 50,^STOXX50E,145.28499152301822,2.608249986152078,1.048224937837302
2024-02-14,EURO STOXX 50,^STOXX50E,142.98551625865952,-1.5953931987287007,1.171094402680439
2024-02-15,EURO STOXX 50,^STOXX50E,142.38876532189923,-0.41822395716639704,1.1935488719928087
2024-02-16,EURO STOXX 50,^STOXX50E,142.5373402815521,0.10429017924113992,1.1652741488352492
2024-02-19,EURO STOXX 50,^STOXX50E,141.21428449826797,-0.9325517502308145,1.1349720855328769
2024-02-20,EURO STOXX 50,^STOXX50E,143.00947984903937,1.2632435769066142,1.1257134931883568
2024-02-21,EURO STOXX 50,^STOXX50E,143.5609992404014,0.38491059793681615,1.1309423393052536
2024-02-22,EURO STOXX 50,^STOXX50E,143.38578814959584,-0.12212097871824312,1.1055173598212342
2024-02-23,EURO STOXX 50,^STOXX50E,143.3701124478921,-0.010933132805135415,1.0792059355924695
2024-02-26,EURO STOXX 50,^STOXX50E,145.68781617243812,1.6036601426000274,1.0541519792428384
2024-02-27,EURO STOXX 50,^STOXX50E,148.44279178163268,1.8733556487426029,1.0874068763923819
2024-02-28,EURO STOXX 50,^STOXX50E,147.44791189333398,-0.6724669785677762,1.1366155836003573
2024-02-29,EURO STOXX 50,^STOXX50E,147.59836651373737,0.10198714198788039,1.1181500819055465
2024-03-01,EURO STOXX 50,^STOXX50E,146.83606162357916,-0.5178107725201109,1.0907651266822977
2024-03-04,EURO STOXX 50,^STOXX50E,147.26081231203347,0.28885107012239786,1.0713710086963288
2024-03-05,EURO STOXX 50,^STOXX50E,148.19529188798717,0.6325695619232796,1.0484749993604758
2024-03-06,EURO STOXX 50,^STOXX50E,146.54097038283425,-1.1225893044828794,1.0341510664508353
2024-03-07,EURO STOXX 50,^STOXX50E,145.69226487571257,-0.58084282747215,1.042246049066188
2024-03-08,EURO STOXX 50,^STOXX50E,147.57953892300327,1.2870654973370144,1.027928428399735
2024-03-11,EURO STOXX 50,^STOXX50E,148.28882181466398,0.4794593437762451,1.0437250311029813
2024-03-12,EURO STOXX 50,^STOXX50E,149.74168896725018,0.9749865259567336,1.0259198035357153
2024-03-13,EURO STOXX 50,^STOXX50E,147.02987401205382,-1.8275945368223745,1.0258666711317297
2024-03-14,EURO STOXX 50,^STOXX50E,147.8252693348105,0.539517298619252,1.0822340025970711
2024-03-15,EURO STOXX 50,^STOXX50E,149.67552807683717,1.243884127237127,1.0630984081239547
2024-03-18,EURO STOXX 50,^STOXX50E,150.43039949779114,0.5030710450012243,1.0730556489066727
2024-03-19,EURO STOXX 50,^STOXX50E,151.82404092476884,0.9221709373591125,1.0537268167460765
2024-03-20,EURO STOXX 50,^STOXX50E,153.6073286619883,1.1677307433130224,1.049082816863682
2024-03-21,EURO STOXX 50,^STOXX50E,155.84411330231313,1.445670172107949,1.0562867353731467
2024-03-22,EURO STOXX 50,^STOXX50E,154.46723581920074,-0.8874225986083673,1.0788093901247042
2024-03-25,EURO STOXX 50,^STOXX50E,153.29510342823497,-0.7617163693272033,1.0721768885249172
2024-03-26,EURO STOXX 50,^STOXX50E,153.46012702530498,0.10759302310558994,1.0613214957840624
2024-03-27,EURO STOXX 50,^STOXX50E,152.12490856791004,-0.8738824216418806,1.0375850745176074
2024-03-28,EURO STOXX 50,^STOXX50E,151.99121146617722,-0.08792504016632563,1.0337493897997245
2024-03-29,EURO STOXX 50,^STOXX50E,153.58158479407854,1.0409222989350653,1.0118905368627056
2024-04-01,EURO STOXX 50,^STOXX50E,152.16826707267296,-0.9244994096368586,1.0161212431853934
2024-04-02,EURO STOXX 50,^STOXX50E,150.41842296803182,-1.1566031613615024,1.016254464356473
2024-04-03,EURO STOXX 50,^STOXX50E,148.761786344357,-1.1074619937387453,1.027857173183897
2024-04-04,EURO STOXX 50,^STOXX50E,149.6735387436886,0.6110236686959425,1.0357483855640475
2024-04-05,EURO STOXX 50,^STOXX50E,148.93474331882783,-0.4948268194235439,1.0217511707174058
2024-04-08,EURO STOXX 50,^STOXX50E,150.63633987810795,1.1360341201006818,1.0066763848873606
2024-04-09,EURO STOXX 50,^STOXX50E,149.390815530469,-0.8302791799583709,1.0161732664368834
2024-04-10,EURO STOXX 50,^STOXX50E,149.05968907783276,-0.22189715439653313,1.012329579763364
2024-04-11,EURO STOXX 50,^STOXX50E,147.29829722825457,-1.1887060053252796,0.9930088996770257
2024-04-12,EURO STOXX 50,^STOXX50E,146.67790813108675,-0.42206818567835924,1.0086830690088882
2024-04-15,EURO STOXX 50,^STOXX50E,145.1418788284168,-1.052734295033364,0.9928889490660642
2024-04-16,EURO STOXX 50,^STOXX50E,143.9159303221926,-0.848242682362077,1.0012158940323326
2024-04-17,EURO STOXX 50,^STOXX50E,145.45879143908905,1.066351426580514,0.9993475912764168
2024-04-18,EURO STOXX 50,^STOXX50E,146.12414643248314,0.45637522762884686,1.005960064031296
2024-04-19,EURO STOXX 50,^STOXX50E,145.48012041487087,-0.4417130597640373,0.9903293935815445
2024-04-22,EURO STOXX 50,^STOXX50E,148.0751109012059,1.7680203289850205,0.9762839910632597
2024-04-23,EURO STOXX 50,^STOXX50E,145.8502097274814,-1.513951683602599,1.0315523145911751
2024-04-24,EURO STOXX 50,^STOXX50E,145.75917587318588,-0.06243547824444917,1.0636381704907045
2024-04-25,EURO STOXX 50,^STOXX50E,143.1481025212891,-1.8076003218801873,1.0397148703038457
2024-04-26,EURO STOXX 50,^STOXX50E,142.69524144004072,-0.3168598952607127,1.0926460458790939
2024-04-29,EURO STOXX 50,^STOXX50E,142.73424488172816,0.02732965148961597,1.0692217767094565
2024-04-30,EURO STOXX 50,^STOXX50E,141.13286574154955,-1.1282716934345238,1.0447921777742144
2024-05-01,EURO STOXX 50,^STOXX50E,140.31414320715461,-0.5817967985137784,1.0521987393917613
2024-05-02,EURO STOXX 50,^STOXX50E,140.4546348632548,0.10007641789178123,1.0371830988098456
2024-05-03,EURO STOXX 50,^STOXX50E,140.35572014195884,-0.07044948565750886,1.0149933482209708
2024-05-06,EURO STOXX 50,^STOXX50E,140.89998827511099,0.38702774468122314,0.994298836845639
2024-05-07,EURO STOXX 50,^STOXX50E,143.119199928022,1.5627513276620597,0.9781371248177683
2024-05-08,EURO STOXX 50,^STOXX50E,144.5650581090722,1.0051786391297668,1.0174001247239832
2024-05-09,EURO STOXX 50,^STOXX50E,143.09283747580082,-1.0236002628565721,1.0194564569209554
2024-05-10,EURO STOXX 50,^STOXX50E,144.9792160469203,1.3096761809586077,1.0238999351881868
2024-05-13,EURO STOXX 50,^STOXX50E,144.72247274173046,-0.1772467212598272,1.0414274751796042
2024-05-14,EURO STOXX 50,^STOXX50E,146.14874817600563,0.9806998856914717,1.0196926493920864
2024-05-15,EURO STOXX 50,^STOXX50E,146.96761896432054,0.5587357175810048,1.0204316287378994
2024-05-16,EURO STOXX 50,^STOXX50E,146.25511485089527,-0.48598245195696776,1.006156314743132
2024-05-17,EURO STOXX 50,^STOXX50E,146.6598514089717,0.27635106585712776,0.9919957778723355
2024-05-20,EURO STOXX 50,^STOXX50E,146.20731083267262,-0.309041773756924,0.9742956351488711
2024-05-21,EURO STOXX 50,^STOXX50E,147.1317948253807,0.6303196782896592,0.9588261927019913
2024-05-22,EURO STOXX 50,^STOXX50E,147.5460796534088,0.2811782877895297,0.9512203047503383
2024-05-23,EURO STOXX 50,^STOXX50E,144.3347004523036,-2.200562017622687,0.9364471668147047
2024-05-24,EURO STOXX 50,^STOXX50E,144.4116821918313,0.05332135464124477,1.0407757447210926
2024-05-27,EURO STOXX 50,^STOXX50E,143.84634824500083,-0.39224209698307533,1.0182208880403272
2024-05-28,EURO STOXX 50,^STOXX50E,144.7957186492152,0.6578208352802761,1.0011450178594161
2024-05-29,EURO STOXX 50,^STOXX50E,142.8745014468533,-1.3357279501780894,0.9911076302219026
2024-05-30,EURO STOXX 50,^STOXX50E,141.00764370344214,-1.3152533101504993,1.0158605697047696
2024-05-31,EURO STOXX 50,^STOXX50E,140.85396454244326,-0.10904583790862787,1.0367073477435047
2024-06-03,EURO STOXX 50,^STOXX50E,138.4019923608433,-1.7561202441661372,1.0147690651815384
2024-06-04,EURO STOXX 50,^STOXX50E,138.56416576386704,0.11710703044407467,1.0668501948711904
2024-06-05,EURO STOXX 50,^STOXX50E,138.49416034626614,-0.050534788160749855,1.042796924739778
2024-06-06,EURO STOXX 50,^STOXX50E,138.29558723015072,-0.14348302415214675,1.0201898782053977
2024-06-07,EURO STOXX 50,^STOXX50E,137.85555183603955,-0.31869198007479227,0.9995849035222377
2024-06-10,EURO STOXX 50,^STOXX50E,137.20980495662874,-0.46952336945844664,0.9824915855322779
2024-06-11,EURO STOXX 50,^STOXX50E,137.43857842638775,0.166593751509847,0.9696660161766758
2024-06-12,EURO STOXX 50,^STOXX50E,137.19739066348882,-0.175641832862361,0.9524027668214889
2024-06-13,EURO STOXX 50,^STOXX50E,139.0825467829924,1.3646921989492355,0.9367328878705595
2024-06-14,EURO STOXX 50,^STOXX50E,138.64969766712264,-0.3117027100580927,0.9670895895614177
2024-06-17,EURO STOXX 50,^STOXX50E,138.3553201482638,-0.21254317484959984,0.9521771853581178
2024-06-18,EURO STOXX 50,^STOXX50E,138.2172244981094,-0.09986216224548983,0.9369220861401286
2024-06-19,EURO STOXX 50,^STOXX50E,140.22745575734626,1.4439250077893817,0.921738877677642
2024-06-20,EURO STOXX 50,^STOXX50E,141.88388557723704,1.1743227674712031,0.9593128728728564
2024-06-21,EURO STOXX 50,^STOXX50E,140.00327415653538,-1.334320672557432,0.9755200052705503
2024-06-24,EURO STOXX 50,^STOXX50E,141.45005150036332,1.0280852668095974,1.0018808501966772
2024-06-25,EURO STOXX 50,^STOXX50E,139.35881089874002,-1.4894681355076322,1.0063932630617531
2024-06-26,EURO STOXX 50,^STOXX50E,139.30236704426505,-0.040510741871990774,1.0396619663088975
2024-06-27,EURO STOXX 50,^STOXX50E,138.78174673215509,-0.37443413311297746,1.0172306695548423
2024-06-28,EURO STOXX 50,^STOXX50E,139.01861827359215,0.17053368438695315,0.9998830465196753
2024-07-01,EURO STOXX 50,^STOXX50E,137.36831980723525,-1.1942084460697444,0.9805798143225428
2024-07-02,EURO STOXX 50,^STOXX50E,138.5594725743803,0.8633854214103565,0.9978233518841642
2024-07-03,EURO STOXX 50,^STOXX50E,139.56149260857157,0.7205673035680427,0.995394439524565
2024-07-04,EURO STOXX 50,^STOXX50E,141.74210807873663,1.5503954764048977,0.9878370816541774
2024-07-05,EURO STOXX 50,^STOXX50E,141.23877636248173,-0.3557358639580954,1.0250467437895645
2024-07-08,EURO STOXX 50,^STOXX50E,139.92817532240605,-0.9322649937575811,1.0068144706704354
2024-07-09,EURO STOXX 50,^STOXX50E,140.4139885782131,0.34658628253048107,1.008098738967307
2024-07-10,EURO STOXX 50,^STOXX50E,140.2193650751389,-0.1387030670038314,0.9902861992569748
2024-07-11,EURO STOXX 50,^STOXX50E,142.08194109030057,1.3195851397147962,0.971665423162449
2024-07-12,EURO STOXX 50,^STOXX50E,144.3272397929083,1.567927881460296,0.9952399229633829
2024-07-15,EURO STOXX 50,^STOXX50E,143.508862076021,-0.5686429998130293,1.032823115090448
2024-07-16,EURO STOXX 50,^STOXX50E,141.94334266619933,-1.0968807247140333,1.0188572599597279
2024-07-17,EURO STOXX 50,^STOXX50E,143.6438562472127,1.1909032935581543,1.0270356624759291
2024-07-18,EURO STOXX 50,^STOXX50E,145.98625701716844,1.6175471649854778,1.0375290631457914
2024-07-19,EURO STOXX 50,^STOXX50E,147.2308344269334,0.8489170108993527,1.073675640633744
2024-07-22,EURO STOXX 50,^STOXX50E,143.61064961168387,-2.4895841861889423,1.064566314756463
2024-07-23,EURO STOXX 50,^STOXX50E,141.25394653663457,-1.654650578693584,1.1759409982439073
2024-07-24,EURO STOXX 50,^STOXX50E,138.88170579332842,-1.693677638394675,1.2017732945444377
2024-07-25,EURO STOXX 50,^STOXX50E,141.07877775922267,1.5695908536798697,1.2274856527194198
2024-07-26,EURO STOXX 50,^STOXX50E,141.3492092843752,0.19150482261469648,1.2405277303735434
2024-07-29,EURO STOXX 50,^STOXX50E,140.36086990286927,-0.7016741746696198,1.20613462527713
2024-07-30,EURO STOXX 50,^STOXX50E,141.5860850266399,0.8691158494065654,1.1836901283762098
2024-07-31,EURO STOXX 50,^STOXX50E,143.4630778356723,1.3169797935685068,1.1670327829565998
2024-08-01,EURO STOXX 50,^STOXX50E,144.55595381487092,0.7588951452433434,1.17139680443332
2024-08-02,EURO STOXX 50,^STOXX50E,142.77600616123868,-1.2389644526193955,1.1520042867006277
2024-08-05,EURO STOXX 50,^STOXX50E,143.5547908730192,0.5439768549311275,1.1554864297301803
2024-08-06,EURO STOXX 50,^STOXX50E,141.17880466649595,-1.6689575058708606,1.1314855312882197
2024-08-07,EURO STOXX 50,^STOXX50E,138.6417983442508,-1.81335885510574,1.1630889509768711
2024-08-08,EURO STOXX 50,^STOXX50E,138.91928849043225,0.19994894946950836,1.201390333145065
2024-08-09,EURO STOXX 50,^STOXX50E,135.56909085786134,-2.4411700144010062,1.1694150602469848
2024-08-12,EURO STOXX 50,^STOXX50E,136.89802352003204,0.975488879373021,1.259162508495342
2024-08-13,EURO STOXX 50,^STOXX50E,137.72957084794515,0.6055836239717394,1.2408505399409637
2024-08-14,EURO STOXX 50,^STOXX50E,135.55634445072508,-1.5904750937960621,1.212663116873653
2024-08-15,EURO STOXX 50,^STOXX50E,137.74947912811,1.6049286649124639,1.230606445583902
2024-08-16,EURO STOXX 50,^STOXX50E,138.52125036728782,0.5587079370917181,1.2454800182561465
2024-08-19,EURO STOXX 50,^STOXX50E,137.6825001903364,-0.6073434944148914,1.2159555825204877
2024-08-20,EURO STOXX 50,^STOXX50E,138.418154868533,0.532890020789889,1.1902981516493907
2024-08-21,EURO STOXX 50,^STOXX50E,141.0344694143169,1.872511305665192,1.163771610741732
2024-08-22,EURO STOXX 50,^STOXX50E,141.45659425286797,0.2988591194789336,1.2037068122418857
2024-08-23,EURO STOXX 50,^STOXX50E,140.426215376849,-0.7310722257670044,1.1725241264995239
2024-08-26,EURO STOXX 50,^STOXX50E,139.90775517079362,-0.369887956255166,1.1532971218159944
2024-08-27,EURO STOXX 50,^STOXX50E,136.74688157963223,-2.2851676570792456,1.1267651979746114
2024-08-28,EURO STOXX 50,^STOXX50E,136.61454561990323,-0.09682124608634268,1.208500000869856
2024-08-29,EURO STOXX 50,^STOXX50E,135.09249449965978,-1.1203736499914463,1.1756872027087473
2024-08-30,EURO STOXX 50,^STOXX50E,135.45535031091046,0.2682379740055474,1.1713151239521566
2024-09-02,EURO STOXX 50,^STOXX50E,132.32622738446494,-2.3371774785394983,1.1417983801349947
2024-09-03,EURO STOXX 50,^STOXX50E,134.125785848047,1.3507766775096464,1.2260600293027706
2024-09-04,EURO STOXX 50,^STOXX50E,137.54252899585296,2.5155111064900204,1.2270128944293655
2024-09-05,EURO STOXX 50,^STOXX50E,134.1397655636826,-2.505088809944933,1.3117984499727595
2024-09-06,EURO STOXX 50,^STOXX50E,135.72708420506038,1.1763852790472207,1.3869685233938664
2024-09-09,EURO STOXX 50,^STOXX50E,135.32601194633241,-0.2959365210235987,1.3671867463535419
2024-09-10,EURO STOXX 50,^STOXX50E,139.51113865752373,3.0457674529658973,1.3266439726077404
2024-09-11,EURO STOXX 50,^STOXX50E,137.57649362912812,-1.3964365358883235,1.44684882114525
2024-09-12,EURO STOXX 50,^STOXX50E,136.49667262319824,-0.7879841781194052,1.433796426161625
2024-09-13,EURO STOXX 50,^STOXX50E,135.1853326670193,-0.9653566407953562,1.3988817291612428
2024-09-16,EURO STOXX 50,^STOXX50E,133.51331375966035,-1.2445470128599645,1.3717178588989885
2024-09-17,EURO STOXX 50,^STOXX50E,135.25051463630558,1.2927521389173968,1.3574807310142674
2024-09-18,EURO STOXX 50,^STOXX50E,137.30342963866914,1.5064568828259794,1.34489392102177
2024-09-19,EURO STOXX 50,^STOXX50E,138.73046377973165,1.0339649503590564,1.3438202178524985
2024-09-20,EURO STOXX 50,^STOXX50E,137.2464552066072,-1.0754688343704188,1.3216216272755872
2024-09-23,EURO STOXX 50,^STOXX50E,137.95885831252107,0.5177259756184327,1.303984271237913
2024-09-24,EURO STOXX 50,^STOXX50E,139.1868601518448,0.8861835445872046,1.269988693445015
2024-09-25,EURO STOXX 50,^STOXX50E,140.86669152875368,1.1996645023684138,1.2477793444430496
2024-09-26,EURO STOXX 50,^STOXX50E,139.76005003606653,-0.7886969167635094,1.2395685934118361
2024-09-27,EURO STOXX 50,^STOXX50E,138.54599654143527,-0.8724648354902165,1.2174653515106635
2024-09-30,EURO STOXX 50,^STOXX50E,142.52602919894744,2.8322268588404143,1.199734092430982
2024-10-01,EURO STOXX 50,^STOXX50E,138.38091587593948,-2.9514501467533094,1.3193401229655775
2024-10-02,EURO STOXX 50,^STOXX50E,138.52911971218128,0.10704115513746615,1.4348962922008295
2024-10-03,EURO STOXX 50,^STOXX50E,139.232811087206,0.5066877800731007,1.3889252721288723
2024-10-04,EURO STOXX 50,^STOXX50E,137.94577163234902,-0.9286783215391559,1.34961773430171
2024-10-07,EURO STOXX 50,^STOXX50E,142.0742235320707,2.948897322815558,1.324553163191623
2024-10-08,EURO STOXX 50,^STOXX50E,139.95567065934503,-1.5023887649463497,1.435524454414779
2024-10-09,EURO STOXX 50,^STOXX50E,138.9677754665687,-0.7083659243400042,1.4285598137964723
2024-10-10,EURO STOXX 50,^STOXX50E,141.30876256569996,1.6705226601307466,1.3918835742584958
2024-10-11,EURO STOXX 50,^STOXX50E,139.37625333076815,-1.3770166997529643,1.3957220236739667
2024-10-14,EURO STOXX 50,^STOXX50E,139.8181046934819,0.31651909782759446,1.3857491678505298
2024-10-15,EURO STOXX 50,^STOXX50E,139.24431559050672,-0.41122692979715936,1.3439710467389379
2024-10-16,EURO STOXX 50,^STOXX50E,137.79100744381705,-1.0491957939300356,1.3063433984409292
2024-10-17,EURO STOXX 50,^STOXX50E,139.86394798983807,1.4932051610175634,1.2887812012593176
2024-10-18,EURO STOXX 50,^STOXX50E,138.47723002450135,-0.9964242076559771,1.2918476046642176
2024-10-21,EURO STOXX 50,^STOXX50E,139.97749769533374,1.0775770986793276,1.273294175316532
2024-10-22,EURO STOXX 50,^STOXX50E,141.06138733932065,0.7713487889364323,1.257881379526759
2024-10-23,EURO STOXX 50,^STOXX50E,140.49727326606444,-0.4007085605977956,1.2329139361027084
2024-10-24,EURO STOXX 50,^STOXX50E,142.20579673201678,1.2087199953249694,1.2018624796256232
2024-10-25,EURO STOXX 50,^STOXX50E,141.13782341696856,-0.7538397172994316,1.1978000101725637
2024-10-28,EURO STOXX 50,^STOXX50E,138.87841979218615,-1.6138011383917572,1.1775062803491334
2024-10-29,EURO STOXX 50,^STOXX50E,140.76245556196844,1.3474884705152235,1.200491333284742
2024-10-30,EURO STOXX 50,^STOXX50E,140.41411781810018,-0.24777165315512661,1.2035034647506295
2024-10-31,EURO STOXX 50,^STOXX50E,143.23242608021093,1.9872627204255977,1.1721625367461168
2024-11-01,EURO STOXX 50,^STOXX50E,144.6592532491158,0.9912331296756172,1.2197501502109196
2024-11-04,EURO STOXX 50,^STOXX50E,143.95180544663174,-0.49024401391672967,1.2049244095964702
2024-11-05,EURO STOXX 50,^STOXX50E,144.31884273989718,0.2546478414737763,1.1773087060861684
2024-11-06,EURO STOXX 50,^STOXX50E,143.03617809345644,-0.8927445650082966,1.1472822380548129
2024-11-07,EURO STOXX 50,^STOXX50E,143.38445852281683,0.24319518672291096,1.135507420961043
2024-11-08,EURO STOXX 50,^STOXX50E,140.4162073510234,-2.091862188769422,1.1079791611978895
2024-11-11,EURO STOXX 50,^STOXX50E,141.31501685093147,0.6380638510012915,1.1753062661909062
2024-11-12,EURO STOXX 50,^STOXX50E,142.6070514688833,0.910139563603618,1.1522346392986307
2024-11-13,EURO STOXX 50,^STOXX50E,142.51736455920042,-0.06291072079358528,1.1393889102301036
2024-11-14,EURO STOXX 50,^STOXX50E,143.70192577852208,0.8277345536095382,1.1106651729635741
2024-11-15,EURO STOXX 50,^STOXX50E,145.4469706292501,1.207036277286111,1.0979564270116644
2024-11-18,EURO STOXX 50,^STOXX50E,146.32938519854628,0.6048586473579753,1.1027538028612496
2024-11-19,EURO STOXX 50,^STOXX50E,147.1370907745384,0.5504598866432175,1.0838026219649277
2024-11-20,EURO STOXX 50,^STOXX50E,147.50961523972563,0.25286192316027467,1.0648171263659452
2024-11-21,EURO STOXX 50,^STOXX50E,147.7649612756794,0.17295501876217756,1.0419359872933627
2024-11-22,EURO STOXX 50,^STOXX50E,151.0832397755424,2.2208029811603858,1.0198390550645973
2024-11-25,EURO STOXX 50,^STOXX50E,150.8444980670215,-0.15814496540418332,1.108639789626044
2024-11-26,EURO STOXX 50,^STOXX50E,148.67049119138497,-1.4517103542696752,1.0823815346270678
2024-11-27,EURO STOXX 50,^STOXX50E,146.97564244471357,-1.146551312929489,1.1048237567249923
2024-11-28,EURO STOXX 50,^STOXX50E,146.05922107839194,-0.6254712104519555,1.107752472193384
2024-11-29,EURO STOXX 50,^STOXX50E,144.17793633973474,-1.2963957498545398,1.0899737338286426
2024-12-02,EURO STOXX 50,^STOXX50E,144.76314211225946,0.4050698335029246,1.1022977295452603
2024-12-03,EURO STOXX 50,^STOXX50E,144.786731126461,0.01629357594934433,1.0790791353332683
2024-12-04,EURO STOXX 50,^STOXX50E,145.82137712906695,0.712058848207775,1.054014547651066
2024-12-05,EURO STOXX 50,^STOXX50E,143.0933790587769,-1.8885010808952885,1.0416746352718753
2024-12-06,EURO STOXX 50,^STOXX50E,142.02497904584777,-0.7494466654233811,1.1009205480036044
2024-12-09,EURO STOXX 50,^STOXX50E,144.17404269590358,1.5018248698908998,1.0874748765296391
2024-12-10,EURO STOXX 50,^STOXX50E,141.1256279235011,-2.1370727730035455,1.1102995080106446
2024-12-11,EURO STOXX 50,^STOXX50E,140.7566359943949,-0.261805858049069,1.181211463061583
2024-12-12,EURO STOXX 50,^STOXX50E,142.76670241559387,1.4179433061176638,1.1514036707188777
2024-12-13,EURO STOXX 50,^STOXX50E,140.87816875647698,-1.3316380856153387,1.162781574258221
2024-12-16,EURO STOXX 50,^STOXX50E,139.97032369651345,-0.6465038954714508,1.1702537961549204
2024-12-17,EURO STOXX 50,^STOXX50E,137.96432195005772,-1.443531140632004,1.1487046053430245
2024-12-18,EURO STOXX 50,^STOXX50E,139.91174416906895,1.4016709895000368,1.1639460041243268
2024-12-19,EURO STOXX 50,^STOXX50E,140.11364683693694,0.14420313967233866,1.1732203851361591
2024-12-20,EURO STOXX 50,^STOXX50E,143.07979410743326,2.0948618957861598,1.1426090920095873
2024-12-23,EURO STOXX 50,^STOXX50E,140.79718488524284,-1.6082025575357761,1.202516618762941
2024-12-24,EURO STOXX 50,^STOXX50E,138.2728015705157,-1.8091893022664784,1.2225904991712566
2024-12-25,EURO STOXX 50,^STOXX50E,138.2898320704818,0.01231583584768714,1.253948008416755
2024-12-26,EURO STOXX 50,^STOXX50E,134.91084265073144,-2.4737579694609657,1.2181655297530185
2024-12-27,EURO STOXX 50,^STOXX50E,137.58223814129965,1.9607698439338073,1.3036902819069571
2024-12-30,EURO STOXX 50,^STOXX50E,133.580920450611,-2.951439398617861,1.3343725907366755
2024-12-31,EURO STOXX 50,^STOXX50E,134.2238598185496,0.4801561813339461,1.447547714316386
2025-01-01,EURO STOXX 50,^STOXX50E,136.08969698304034,1.380520325834489,1.404379090694779
2025-01-02,EURO STOXX 50,^STOXX50E,135.46351767668259,-0.4611843148295769,1.3921974422058452
2025-01-03,EURO STOXX 50,^STOXX50E,134.16123127080445,-0.966006672648323,1.352529898497393
2025-01-06,EURO STOXX 50,^STOXX50E,137.16585065562643,2.214848728106933,1.3285621319838294
2025-01-07,EURO STOXX 50,^STOXX50E,135.13834304707714,-1.4891765345009134,1.3750083304883276
2025-01-08,EURO STOXX 50,^STOXX50E,136.5976419006499,1.0740667142687066,1.3723625962711434
2025-01-09,EURO STOXX 50,^STOXX50E,135.17459977934843,-1.0472409677028338,1.3496405739744104
2025-01-10,EURO STOXX 50,^STOXX50E,133.6129004565348,-1.1620457759984326,1.3288681185401778
2025-01-13,EURO STOXX 50,^STOXX50E,133.7869078784859,0.13014777205437866,1.3142813701210936
2025-01-14,EURO STOXX 50,^STOXX50E,134.36807388797135,0.43345599294024595,1.2752202565511994
2025-01-15,EURO STOXX 50,^STOXX50E,133.2889228527875,-0.8063730041469874,1.2415158843968326
2025-01-16,EURO STOXX 50,^STOXX50E,131.35645101242005,-1.4604496275966383,1.219842544893261
2025-01-17,EURO STOXX 50,^STOXX50E,132.1864500025053,0.6298797888777408,1.229303392170205
2025-01-20,EURO STOXX 50,^STOXX50E,130.09433227672008,-1.595360575642335,1.2024423355281233
2025-01-21,EURO STOXX 50,^STOXX50E,130.19363230773843,0.07630013626975796,1.2217107294094909
2025-01-22,EURO STOXX 50,^STOXX50E,131.57688686100437,1.056855013900293,1.1879082511482544
2025-01-23,EURO STOXX 50,^STOXX50E,130.47335274976822,-0.8422359286814896,1.1781605495628518
2025-01-24,EURO STOXX 50,^STOXX50E,131.3185937681239,0.645737171554206,1.1622183029530064
2025-01-27,EURO STOXX 50,^STOXX50E,131.9992624752001,0.5169951122076633,1.1402336959932293
2025-01-28,EURO STOXX 50,^STOXX50E,131.14022370925775,-0.6529174546474614,1.1166582740624793
2025-01-29,EURO STOXX 50,^STOXX50E,130.53406192561798,-0.46329570855982993,1.0990343729568735
2025-01-30,EURO STOXX 50,^STOXX50E,131.56119983904986,0.7837937739741285,1.0778416496831247
2025-01-31,EURO STOXX 50,^STOXX50E,131.4694044656986,-0.06979824824613345,1.0660807050989978
2025-02-03,EURO STOXX 50,^STOXX50E,130.86009790213754,-0.464536130146076,1.0420277366817836
2025-02-04,EURO STOXX 50,^STOXX50E,129.66010896927827,-0.9212317415673965,1.0247996900496563
2025-02-05,EURO STOXX 50,^STOXX50E,129.33409419885166,-0.2517546251072922,1.0240469738640015
2025-02-06,EURO STOXX 50,^STOXX50E,129.02459393893585,-0.239589703910692,1.0042945350038588
2025-02-07,EURO STOXX 50,^STOXX50E,130.56787892642944,1.1890199684758684,0.9857348225564129
2025-02-10,EURO STOXX 50,^STOXX50E,130.0257101594293,-0.4161035205590302,1.0001285364334898
2025-02-11,EURO STOXX 50,^STOXX50E,130.18023259063398,0.11876934687640173,0.9848192960035176
2025-02-12,EURO STOXX 50,^STOXX50E,129.78231688096753,-0.3061333420829371,0.9662180113773756
2025-02-13,EURO STOXX 50,^STOXX50E,128.08673569855532,-1.3150904324648494,0.951276521721502
2025-02-14,EURO STOXX 50,^STOXX50E,126.43311920442417,-1.299419066790719,0.9790777535665495
2025-02-17,EURO STOXX 50,^STOXX50E,125.63215688414608,-0.6355219001454415,1.0028321016167425
2025-02-18,EURO STOXX 50,^STOXX50E,125.76837117649275,0.10836437514827324,0.99308440645154
2025-02-19,EURO STOXX 50,^STOXX50E,125.36868837600505,-0.3182988115300489,0.973872414363091
2025-02-20,EURO STOXX 50,^STOXX50E,124.45936439341077,-0.7279630835392403,0.9585859891049142
2025-02-21,EURO STOXX 50,^STOXX50E,124.08255635698274,-0.3032151067202449,0.9555387304334088
2025-02-24,EURO STOXX 50,^STOXX50E,125.04864158380846,0.775567313404224,0.9413153061605278
2025-02-25,EURO STOXX 50,^STOXX50E,125.13523112778229,0.06922072673418711,0.9401633397312577
2025-02-26,EURO STOXX 50,^STOXX50E,125.28948125530026,0.12319083492799976,0.9244612034939934
2025-02-27,EURO STOXX 50,^STOXX50E,125.18142481013518,-0.08628263742584963,0.9100907671192378
2025-02-28,EURO STOXX 50,^STOXX50E,125.48405160854071,0.24145881575829975,0.896745072874433
2025-03-03,EURO STOXX 50,^STOXX50E,124.9831445396284,-0.3999787153131429,0.8854242931187654
2025-03-04,EURO STOXX 50,^STOXX50E,124.6466298443799,-0.26961118714563526,0.8783415315341938
2025-03-05,EURO STOXX 50,^STOXX50E,125.64317002813874,0.7963132738677103,0.8692931762765873
2025-03-06,EURO STOXX 50,^STOXX50E,125.12328423567487,-0.4146380255152238,0.8753348492225999
2025-03-07,EURO STOXX 50,^STOXX50E,124.61125541653459,-0.4100590469598764,0.8693894746617676
2025-03-10,EURO STOXX 50,^STOXX50E,125.12609730133732,0.4123072568417818,0.8638093414887487
2025-03-11,EURO STOXX 50,^STOXX50E,126.35033166843878,0.9736451590305784,0.8579093098342567
2025-03-12,EURO STOXX 50,^STOXX50E,127.33258857545655,0.77440122092165,0.8734559794990572
2025-03-13,EURO STOXX 50,^STOXX50E,126.04643462109726,-1.0152103237202503,0.878200954267253
2025-03-14,EURO STOXX 50,^STOXX50E,126.53164058183295,0.3842032268224216,0.8958113118078138
2025-03-17,EURO STOXX 50,^STOXX50E,125.75318642858345,-0.617125201740798,0.8868304440962609
2025-03-18,EURO STOXX 50,^STOXX50E,124.52768157274167,-0.9793114910938705,0.8858233518890986
2025-03-19,EURO STOXX 50,^STOXX50E,125.6930790522882,0.9315021690303738,0.9007158916558584
2025-03-20,EURO STOXX 50,^STOXX50E,127.3033041743034,1.2729406203592752,0.9099371110792975
2025-03-21,EURO STOXX 50,^STOXX50E,128.3158714415297,0.7922508638301018,0.9373475434154355
2025-03-24,EURO STOXX 50,^STOXX50E,128.12116174840017,-0.15185773140906633,0.9371837351530569
2025-03-25,EURO STOXX 50,^STOXX50E,127.21990496606593,-0.7059268112583617,0.9223691572353311
2025-03-26,EURO STOXX 50,^STOXX50E,127.75555390081954,0.4201578654901006,0.921535860107899
2025-03-27,EURO STOXX 50,^STOXX50E,126.80661170152194,-0.7455519500389585,0.9113334362702079
2025-03-28,EURO STOXX 50,^STOXX50E,125.01273433856677,-1.42475765782617,0.9129857291577747
2025-03-31,EURO STOXX 50,^STOXX50E,124.83132884810576,-0.14521499532573756,0.9528233657259715
2025-04-01,EURO STOXX 50,^STOXX50E,124.89910029333278,0.0542756820814283,0.9368472634795798
2025-04-02,EURO STOXX 50,^STOXX50E,123.0305673010869,-1.5073374548764562,0.921344381940622
2025-04-03,EURO STOXX 50,^STOXX50E,121.12370127100169,-1.5620491208137466,0.9662281437705681
2025-04-04,EURO STOXX 50,^STOXX50E,120.5840915280191,-0.44649833851737597,1.009537614563051
2025-04-07,EURO STOXX 50,^STOXX50E,121.70187707652997,0.9227059127669968,0.9942135128167713
2025-04-08,EURO STOXX 50,^STOXX50E,119.86027325698647,-1.5247748846348053,0.9945831862437885
2025-04-09,EURO STOXX 50,^STOXX50E,117.38718246267436,-2.084895173694079,1.031715195556061
2025-04-10,EURO STOXX 50,^STOXX50E,118.44435736387699,0.8965569095689574,1.1093955486871834
2025-04-11,EURO STOXX 50,^STOXX50E,118.77777552630879,0.2811022546009845,1.099309996089629
2025-04-14,EURO STOXX 50,^STOXX50E,117.17921667779171,-1.3549785416557825,1.0744983318458172
2025-04-15,EURO STOXX 50,^STOXX50E,115.94812196659763,-1.0561662671150884,1.0917678075176112
2025-04-16,EURO STOXX 50,^STOXX50E,116.07363724260071,0.10819268733630594,1.091435908441095
2025-04-17,EURO STOXX 50,^STOXX50E,117.57072213997661,1.2815249554561703,1.0657655264335304
2025-04-18,EURO STOXX 50,^STOXX50E,117.01824934976794,-0.47101430907385833,1.0775508101580664
2025-04-21,EURO STOXX 50,^STOXX50E,116.64291297090968,-0.32126580040641173,1.0579936017131506
2025-04-22,EURO STOXX 50,^STOXX50E,116.23284847367754,-0.35217484079428374,1.0369400196130591
2025-04-23,EURO STOXX 50,^STOXX50E,117.55882819107315,1.134338017803227,1.0178256684083842
2025-04-24,EURO STOXX 50,^STOXX50E,117.73329113066549,0.14829478528008977,1.0261884242703931
2025-04-25,EURO STOXX 50,^STOXX50E,117.99220384657905,0.21967315843935964,1.0049681804500568
2025-04-28,EURO STOXX 50,^STOXX50E,120.60260155974993,2.1882302679753884,0.985742975668174
2025-04-29,EURO STOXX 50,^STOXX50E,121.20359854527001,0.4970908296048293,1.0769219305645974
2025-04-30,EURO STOXX 50,^STOXX50E,120.92998731751725,-0.22600032394199943,1.0571963488451182
2025-05-01,EURO STOXX 50,^STOXX50E,121.70186517476309,0.636256495806542,1.0349153616264974
2025-05-02,EURO STOXX 50,^STOXX50E,124.02563125661207,1.8913922046463583,1.021694065011778
2025-05-05,EURO STOXX 50,^STOXX50E,123.25033018415168,-0.6270756029000069,1.0809259882868567
2025-05-06,EURO STOXX 50,^STOXX50E,122.41699195942708,-0.6784308257018701,1.0651118524511156
2025-05-07,EURO STOXX 50,^STOXX50E,121.92465590227926,-0.4029904257062178,1.0520108651274538
2025-05-08,EURO STOXX 50,^STOXX50E,123.46042626902438,1.2517390265068151,1.03279753243466
2025-05-09,EURO STOXX 50,^STOXX50E,122.53850725486062,-0.7495344122715686,1.0460933814504656
2025-05-12,EURO STOXX 50,^STOXX50E,123.11536863503858,0.46965466222221863,1.036817491936102
2025-05-13,EURO STOXX 50,^STOXX50E,123.43871761234963,0.26229470994802995,1.0192865048217172
2025-05-14,EURO STOXX 50,^STOXX50E,124.55052497215404,0.8966637402259003,0.999547628107999
2025-05-15,EURO STOXX 50,^STOXX50E,125.84513642719814,1.0340618393158252,0.9983484722784244
2025-05-16,EURO STOXX 50,^STOXX50E,124.57131833024233,-1.017368515389716,1.003467189850716
2025-05-19,EURO STOXX 50,^STOXX50E,123.84782983038069,-0.5824756672325293,1.009050181633318
2025-05-20,EURO STOXX 50,^STOXX50E,122.9344531897753,-0.7402320783164384,0.9972345449488912
2025-05-21,EURO STOXX 50,^STOXX50E,122.81903479744417,-0.09393022395123296,0.9914844887485528
2025-05-22,EURO STOXX 50,^STOXX50E,123.70526689860549,0.7189846297447566,0.972486878782989
2025-05-23,EURO STOXX 50,^STOXX50E,122.70206014107639,-0.8142714850333022,0.9666971419359268
2025-05-26,EURO STOXX 50,^STOXX50E,122.16772981816382,-0.43642065530891117,0.9663522532316312
2025-05-27,EURO STOXX 50,^STOXX50E,121.0196219071405,-0.9442238117328472,0.9539434081545732
2025-05-28,EURO STOXX 50,^STOXX50E,121.49105708290217,0.38879588444089563,0.9605104390541263
2025-05-29,EURO STOXX 50,^STOXX50E,120.83241249146903,-0.5436090978402142,0.9468000838624799
2025-05-30,EURO STOXX 50,^STOXX50E,122.33109098473119,1.2326664556056244,0.9386220182869847
2025-06-02,EURO STOXX 50,^STOXX50E,124.5515196676107,1.798821350581381,0.9603886190864791
2025-06-03,EURO STOXX 50,^STOXX50E,124.45174767064519,-0.08013710291550069,1.020368490233583
2025-06-04,EURO STOXX 50,^STOXX50E,124.3499238909817,-0.08185136756457823,0.9993589648590311
2025-06-05,EURO STOXX 50,^STOXX50E,125.55893145910315,0.9675663541673707,0.9797656961322095
2025-06-06,EURO STOXX 50,^STOXX50E,124.97814219547519,-0.46363621601841487,0.9834105659960475
2025-06-09,EURO STOXX 50,^STOXX50E,124.54588417554405,-0.34646639733741935,0.9703769208202816
2025-06-10,EURO STOXX 50,^STOXX50E,123.31160711153501,-0.995965270521193,0.9558328752857276
2025-06-11,EURO STOXX 50,^STOXX50E,122.55436571181168,-0.6159809634301183,0.964760550983898
2025-06-12,EURO STOXX 50,^STOXX50E,121.17618008343266,-1.1309212908190425,0.9573563805471387
2025-06-13,EURO STOXX 50,^STOXX50E,121.95311340748117,0.6391134177880176,0.9733289223075097
2025-06-16,EURO STOXX 50,^STOXX50E,121.50966870020564,-0.3642817138756804,0.964860722679579
2025-06-17,EURO STOXX 50,^STOXX50E,121.45045255123024,-0.04874557177769745,0.951047990967543
2025-06-18,EURO STOXX 50,^STOXX50E,123.2614653904322,1.4801452400225124,0.9346304502212929
2025-06-19,EURO STOXX 50,^STOXX50E,122.30363457542026,-0.7801073301369144,0.9732200006589357
2025-06-20,EURO STOXX 50,^STOXX50E,122.5532208872156,0.20386310831623788,0.9709504621571825
2025-06-23,EURO STOXX 50,^STOXX50E,122.45855295931054,-0.07727623136624118,0.9539107373252564
2025-06-24,EURO STOXX 50,^STOXX50E,122.06040600688229,-0.32565761443077434,0.9374114334619764
2025-06-25,EURO STOXX 50,^STOXX50E,122.77990302665181,0.5877292784957078,0.9248871705202037
2025-06-26,EURO STOXX 50,^STOXX50E,122.61699509375836,-0.13277099920383506,0.9186768692273174
2025-06-27,EURO STOXX 50,^STOXX50E,124.52392244275714,1.5432209388149154,0.905026347993118
2025-06-30,EURO STOXX 50,^STOXX50E,124.19988233947976,-0.2605623429523085,0.9520340768599134
2025-07-01,EURO STOXX 50,^STOXX50E,124.24868257591062,0.039283975799975224,0.937411899726822
2025-07-02,EURO STOXX 50,^STOXX50E,122.88572572627518,-1.1030197516233464,0.921846828918606
2025-07-03,EURO STOXX 50,^STOXX50E,122.71827047962715,-0.13636200972539925,0.9398608086669757
2025-07-04,EURO STOXX 50,^STOXX50E,123.51307775246975,0.6455798898082676,0.9247264552712237
2025-07-07,EURO STOXX 50,^STOXX50E,125.49839233809999,1.5945905240467795,0.920328596070342
2025-07-08,EURO STOXX 50,^STOXX50E,124.62826448360384,-0.6957526043687601,0.9692867637337468
2025-07-09,EURO STOXX 50,^STOXX50E,125.90004329377327,1.015286253341241,0.9641933831826521
2025-07-10,EURO STOXX 50,^STOXX50E,124.34682351780324,-1.2413659691352663,0.9715242465537189
2025-07-11,EURO STOXX 50,^STOXX50E,125.5028897321,0.9254158827354253,0.9925005103511583
2025-07-14,EURO STOXX 50,^STOXX50E,126.43320112998153,0.7385330328816053,0.9931359400816059
2025-07-15,EURO STOXX 50,^STOXX50E,126.14553116161989,-0.22778647286481046,0.9863760542226128
2025-07-16,EURO STOXX 50,^STOXX50E,125.95310182949038,-0.1526619698162257,0.9689062429662368
2025-07-17,EURO STOXX 50,^STOXX50E,125.86390560335082,-0.07084210139671754,0.9518704358867084
2025-07-18,EURO STOXX 50,^STOXX50E,125.36016602595971,-0.4010286508260741,0.9354832150568838
2025-07-21,EURO STOXX 50,^STOXX50E,127.51275318369359,1.7025462126150082,0.9245862405115045
2025-07-22,EURO STOXX 50,^STOXX50E,126.16342720018649,-1.0638276775055466,0.9815886503446151
2025-07-23,EURO STOXX 50,^STOXX50E,124.73893563765606,-1.1355069376491222,0.9915520487332923
2025-07-24,EURO STOXX 50,^STOXX50E,125.7396550221404,0.7990500955356694,1.0043909532325395
2025-07-25,EURO STOXX 50,^STOXX50E,127.67100972199714,1.5243179273800145,0.9989158512740118
2025-07-28,EURO STOXX 50,^STOXX50E,127.0447400748145,-0.4917410169282377,1.0329850356056556
2025-07-29,EURO STOXX 50,^STOXX50E,128.49650942918024,1.136243151628502,1.0170296613640317
2025-07-30,EURO STOXX 50,^STOXX50E,128.7033225132313,0.160819023140224,1.0255658133508732
2025-07-31,EURO STOXX 50,^STOXX50E,128.9972655034492,0.2281276266840493,1.0044683720767935
2025-08-01,EURO STOXX 50,^STOXX50E,131.02446297226876,1.559283952436985,0.9853615747129412
2025-08-04,EURO STOXX 50,^STOXX50E,132.26846411890716,0.9449630245255136,1.0235039225595084
2025-08-05,EURO STOXX 50,^STOXX50E,132.68744288941005,0.3162632790195019,1.02233739100388
2025-08-06,EURO STOXX 50,^STOXX50E,132.4139945373802,-0.20629722091571878,1.0030898537954975
2025-08-07,EURO STOXX 50,^STOXX50E,131.7592380285266,-0.4957034013072459,0.9842237312135312
2025-08-08,EURO STOXX 50,^STOXX50E,131.61369503716594,-0.11052237181843338,0.9719148100184765
2025-08-11,EURO STOXX 50,^STOXX50E,133.439602373958,1.3777879685807015,0.9543551849407567
2025-08-12,EURO STOXX 50,^STOXX50E,132.80004153918864,-0.4804408957151729,0.9835762598550679
2025-08-13,EURO STOXX 50,^STOXX50E,131.50946467055184,-0.9765726128611263,0.9709355598947376
2025-08-14,EURO STOXX 50,^STOXX50E,130.04923325082356,-1.1165727634459444,0.977499814398266
2025-08-15,EURO STOXX 50,^STOXX50E,129.42243821387927,-0.4831327077918779,0.9906744164090187
2025-08-18,EURO STOXX 50,^STOXX50E,130.863735580584,1.1074826427674545,0.9775765257807786
2025-08-19,EURO STOXX 50,^STOXX50E,131.8120966257138,0.7220802597548648,0.9883362140341249
2025-08-20,EURO STOXX 50,^STOXX50E,128.4843098872949,-2.557060318579829,0.9813883883362188
2025-08-21,EURO STOXX 50,^STOXX50E,127.76328218273194,-0.56276010372871,1.1151850636951581
2025-08-22,EURO STOXX 50,^STOXX50E,126.68064779286594,-0.8509858525234115,1.095208282550257
2025-08-25,EURO STOXX 50,^STOXX50E,127.40006932312504,0.5662952002180255,1.0858493327085763
2025-08-26,EURO STOXX 50,^STOXX50E,128.81575995574698,1.105087881428446,1.0671049348665944
2025-08-27,EURO STOXX 50,^STOXX50E,127.87661968029091,-0.7317275776650867,1.0695394020037412
2025-08-28,EURO STOXX 50,^STOXX50E,127.51486625754214,-0.2832934413286914,1.0578509021337825
2025-08-29,EURO STOXX 50,^STOXX50E,131.27854603197778,2.9088415500586606,1.036246658123551
2025-09-01,EURO STOXX 50,^STOXX50E,127.99498155260093,-2.533031486969506,1.1947130880515004
2025-09-02,EURO STOXX 50,^STOXX50E,128.3934844295199,0.31085891192308424,1.2892445858740964
2025-09-03,EURO STOXX 50,^STOXX50E,126.14688119046009,-1.765269389298929,1.2530332038702015
2025-09-04,EURO STOXX 50,^STOXX50E,125.24034699007889,-0.7212284701510363,1.2781673281237647
2025-09-05,EURO STOXX 50,^STOXX50E,125.71639879921035,0.37938998503141974,1.251433570444056
2025-09-08,EURO STOXX 50,^STOXX50E,127.32603459823781,1.2722431480731267,1.2183633654678905
2025-09-09,EURO STOXX 50,^STOXX50E,126.67243936085737,-0.5146461471120745,1.2159994985898515
2025-09-10,EURO STOXX 50,^STOXX50E,125.69508146346125,-0.7745551253696803,1.1881838708562062
2025-09-11,EURO STOXX 50,^STOXX50E,125.18929680671744,-0.4032019414283994,1.169227483415678
2025-09-12,EURO STOXX 50,^STOXX50E,126.39784014199951,0.9607427835195637,1.142239901081907
2025-09-15,EURO STOXX 50,^STOXX50E,126.09844447373068,-0.23714868441722103,1.1321119012825012
2025-09-16,EURO STOXX 50,^STOXX50E,128.3771005019623,1.7909123111795822,1.1051064350757074
2025-09-17,EURO STOXX 50,^STOXX50E,126.95889642398583,-1.1108646482482776,1.1458984686696654
2025-09-18,EURO STOXX 50,^STOXX50E,126.57656305251477,-0.3016017263073323,1.143557764406183
2025-09-19,EURO STOXX 50,^STOXX50E,125.49028028638192,-0.8619058949332903,1.1166206999913368
2025-09-22,EURO STOXX 50,^STOXX50E,127.18321978844509,1.3400414646347336,1.1060194781500865
2025-09-23,EURO STOXX 50,^STOXX50E,126.66086975605751,-0.41155243803530084,1.1172590010091221
2025-09-24,EURO STOXX 50,^STOXX50E,129.9141952037907,2.536099772010658,1.0938091397031056
2025-09-25,EURO STOXX 50,^STOXX50E,132.0514598103661,1.6317498022563548,1.2013005739886387
2025-09-26,EURO STOXX 50,^STOXX50E,132.55345373333088,0.3794294811046761,1.2207233532987731
2025-09-29,EURO STOXX 50,^STOXX50E,129.51488332637732,-2.3190184778071554,1.1895387241752273
2025-09-30,EURO STOXX 50,^STOXX50E,130.43902807598653,0.7110096077009409,1.2652688819379956
2025-10-01,EURO STOXX 50,^STOXX50E,128.14796383261367,-1.772033602797407,1.2381228605436272
2025-10-02,EURO STOXX 50,^STOXX50E,132.30828292804725,3.1949112581060035,1.2652700513159014
2025-10-03,EURO STOXX 50,^STOXX50E,135.02243898404396,2.030630299586633,1.4114339978284351
2025-10-06,EURO STOXX 50,^STOXX50E,134.56164663757136,-0.3418545973605802,1.435686304087772
2025-10-07,EURO STOXX 50,^STOXX50E,135.7511928731382,0.8801312705226216,1.3917573177300098
2025-10-08,EURO STOXX 50,^STOXX50E,134.00855860439836,-1.2920077961164012,1.3611643828661888
2025-10-09,EURO STOXX 50,^STOXX50E,132.0309935832615,-1.486697319498731,1.3498955886878214
2025-10-10,EURO STOXX 50,^STOXX50E,131.76574927979328,-0.2010975495583267,1.34924508720539
2025-10-13,EURO STOXX 50,^STOXX50E,130.70880695771814,-0.8053718045682778,1.308821526661008
2025-10-14,EURO STOXX 50,^STOXX50E,132.04481225973518,1.016935043281375,1.2825230651117905
2025-10-15,EURO STOXX 50,^STOXX50E,130.30132271795637,-1.3291716383290186,1.2640672568184828
2025-10-16,EURO STOXX 50,^STOXX50E,129.01030771880068,-0.9957329440287488,1.2624963270661957
2025-10-17,EURO STOXX 50,^STOXX50E,128.86619775658195,-0.11176665897085769,1.246061309094403
2025-10-20,EURO STOXX 50,^STOXX50E,128.12839787945958,-0.5741769800820862,1.2110751709290237
2025-10-21,EURO STOXX 50,^STOXX50E,127.42050386472732,-0.5540198533923402,1.1849271212519086
2025-10-22,EURO STOXX 50,^STOXX50E,126.99773648511537,-0.33234076939923085,1.1600235961598275
2025-10-23,EURO STOXX 50,^STOXX50E,130.41138728240983,2.652470811731611,1.1324760361462458
2025-10-24,EURO STOXX 50,^STOXX50E,132.42283666892212,1.530613955797211,1.2451770705374217
2025-10-27,EURO STOXX 50,^STOXX50E,130.47688327149012,-1.4804039633608213,1.2542711754245628
2025-10-28,EURO STOXX 50,^STOXX50E,128.7550829694093,-1.3284053250984584,1.2617043699332453
2025-10-29,EURO STOXX 50,^STOXX50E,127.46615403593819,-1.0061147322144137,1.2602944886390983
2025-10-30,EURO STOXX 50,^STOXX50E,126.95570924894687,-0.4012591255211362,1.2444279620456407
2025-10-31,EURO STOXX 50,^STOXX50E,125.91503456455897,-0.8230928924444214,1.2126718122102542
2025-11-03,EURO STOXX 50,^STOXX50E,125.21869077578648,-0.5545615766520129,1.193578253079154
2025-11-04,EURO STOXX 50,^STOXX50E,125.00868619261638,-0.16785104413425955,1.1681164817298146
2025-11-05,EURO STOXX 50,^STOXX50E,124.72405864267073,-0.22794581733798225,1.138207405403344
2025-11-06,EURO STOXX 50,^STOXX50E,124.75288541792379,0.023109771117191258,1.110716777674639
2025-11-07,EURO STOXX 50,^STOXX50E,125.02094060745466,0.2146384164477766,1.08364442277206
2025-11-10,EURO STOXX 50,^STOXX50E,123.09386306562766,-1.5534069427814323,1.0591611723130405
2025-11-11,EURO STOXX 50,^STOXX50E,123.44991477847967,0.2888346755265836,1.090846251492485
2025-11-12,EURO STOXX 50,^STOXX50E,123.02130633718942,-0.34779628339194346,1.066675714533527
2025-11-13,EURO STOXX 50,^STOXX50E,123.85807023924013,0.6778752586498626,1.045467431593983
2025-11-14,EURO STOXX 50,^STOXX50E,125.89932706730995,1.6346280847089112,1.0327001287862911
2025-11-17,EURO STOXX 50,^STOXX50E,125.25371606652331,-0.5141187339684272,1.0706372920781608
2025-11-18,EURO STOXX 50,^STOXX50E,126.67827078731509,1.130916261639836,1.052556338040219
2025-11-19,EURO STOXX 50,^STOXX50E,128.51712664754606,1.4411605422921525,1.0575614391729593
2025-11-20,EURO STOXX 50,^STOXX50E,129.93238420625664,1.0952016897174843,1.0796661248869974
2025-11-21,EURO STOXX 50,^STOXX50E,130.49704960653693,0.4336424473001088,1.0805301026357779
2025-11-24,EURO STOXX 50,^STOXX50E,130.01647434727138,-0.36894499533532965,1.0592772914993156
2025-11-25,EURO STOXX 50,^STOXX50E,130.03838750877918,0.01685272207820887,1.0389334895381852
2025-11-26,EURO STOXX 50,^STOXX50E,128.99527991475745,-0.8053881511409067,1.0164699241507344
2025-11-27,EURO STOXX 50,^STOXX50E,126.93660934775886,-1.6087991030935278,1.0116200653096294
2025-11-28,EURO STOXX 50,^STOXX50E,128.44097592129583,1.1781644605298958,1.0528078782862165
2025-12-01,EURO STOXX 50,^STOXX50E,127.56621809453907,-0.6833880075304499,1.0602127593335464
2025-12-02,EURO STOXX 50,^STOXX50E,128.70928474387256,0.8920667148739625,1.0476348373536246
2025-12-03,EURO STOXX 50,^STOXX50E,127.56756366874828,-0.8910119159367902,1.0422638354184468
2025-12-04,EURO STOXX 50,^STOXX50E,127.55152712851074,-0.012571807314465389,1.0387528918608198
2025-12-05,EURO STOXX 50,^STOXX50E,127.1274756244319,-0.33300891818432987,1.0163229346636933
2025-12-08,EURO STOXX 50,^STOXX50E,123.51369975481549,-2.8838249012975936,0.9983025018796291
2025-12-09,EURO STOXX 50,^STOXX50E,125.64677137379894,1.7122489161272902,1.1660762507632223
2025-12-10,EURO STOXX 50,^STOXX50E,126.0510338865289,0.3212287528187474,1.1944245964113667
2025-12-11,EURO STOXX 50,^STOXX50E,126.22226941508843,0.13575400378567082,1.164081879081087
2025-12-12,EURO STOXX 50,^STOXX50E,127.93707322350652,1.3494131763819084,1.1339883899808438
2025-12-15,EURO STOXX 50,^STOXX50E,128.40693188610936,0.3665848854805809,1.1431239090179248
2025-12-16,EURO STOXX 50,^STOXX50E,130.74689867194695,1.8059006686925727,1.1166322729859415
2025-12-17,EURO STOXX 50,^STOXX50E,132.32858103126333,1.2024696634197696,1.1571705802585286
2025-12-18,EURO STOXX 50,^STOXX50E,131.40102016472125,-0.7034209940663949,1.1565592825713082
2025-12-19,EURO STOXX 50,^STOXX50E,131.31046195916502,-0.06894118856992648,1.1376107912824827
2025-12-22,EURO STOXX 50,^STOXX50E,128.37727690766425,-2.259105347482304,1.1090193514018192
2025-12-23,EURO STOXX 50,^STOXX50E,128.91575774592735,0.4185745837938626,1.1910070485981314
2025-12-24,EURO STOXX 50,^STOXX50E,128.74252320795506,-0.13446846220830366,1.162285409333677
2025-12-25,EURO STOXX 50,^STOXX50E,129.55516489696362,0.6292308508236921,1.132498941628859
2025-12-26,EURO STOXX 50,^STOXX50E,127.32791229606823,-1.7341028753508958,1.1121187091149003
2025-12-29,EURO STOXX 50,^STOXX50E,128.75768343800615,1.1166469510533794,1.150544472727563
2025-12-30,EURO STOXX 50,^STOXX50E,126.55838831494452,-1.7228445566591866,1.1464244826566148
2025-12-31,EURO STOXX 50,^STOXX50E,124.96144724258494,-1.2698501713923172,1.180131042870912
2026-01-01,EURO STOXX 50,^STOXX50E,126.26885206332872,1.0408112610634568,1.1827391267428973
2026-01-02,EURO STOXX 50,^STOXX50E,124.56946312169468,-1.354988324537043,1.1727229175766423
2026-01-05,EURO STOXX 50,^STOXX50E,125.95701655558655,1.107721326641542,1.1805748343217133
2026-01-06,EURO STOXX 50,^STOXX50E,125.29708815931644,-0.5253087622785202,1.1736079371051695
2026-01-07,EURO STOXX 50,^STOXX50E,122.44861516189178,-2.2996148762756796,1.1487901056294363
2026-01-08,EURO STOXX 50,^STOXX50E,122.3915486075273,-0.046615354702694844,1.2286092935601485
2026-01-09,EURO STOXX 50,^STOXX50E,123.22831196821255,0.6813509264873119,1.1944100693481696
2026-01-12,EURO STOXX 50,^STOXX50E,124.36743230996301,0.92015182434384,1.171190141217275
2026-01-13,EURO STOXX 50,^STOXX50E,124.02101069833711,-0.27893555114033575,1.1572939489615564
2026-01-14,EURO STOXX 50,^STOXX50E,122.20879997467652,-1.4719935336382939,1.129189303249979
2026-01-15,EURO STOXX 50,^STOXX50E,123.94042039874282,1.4069912451167177,1.1481037016052176
2026-01-16,EURO STOXX 50,^STOXX50E,122.26631252455344,-1.3599414245031305,1.1591653964327573
2026-01-19,EURO STOXX 50,^STOXX50E,124.59628083962886,1.8877201871855043,1.1685482079827028
2026-01-20,EURO STOXX 50,^STOXX50E,125.4434666616767,0.6776435126130131,1.2090495622135276
2026-01-21,EURO STOXX 50,^STOXX50E,127.65548884064617,1.747994967151456,1.1847444255350785
2026-01-22,EURO STOXX 50,^STOXX50E,125.54828545739608,-1.664471264935763,1.213514985176159
2026-01-23,EURO STOXX 50,^STOXX50E,125.48050011624943,-0.05400603172995844,1.2360878242276516
2026-01-26,EURO STOXX 50,^STOXX50E,127.85744912052517,1.8765595633006171,1.2014636126308964
2026-01-27,EURO STOXX 50,^STOXX50E,129.65924891710875,1.3993882446467154,1.2373890192058428
2026-01-28,EURO STOXX 50,^STOXX50E,131.02794262052055,1.0500755882937973,1.239910544727326
2026-01-29,EURO STOXX 50,^STOXX50E,131.6128529530125,0.4454078036187248,1.2258932368941036
2026-01-30,EURO STOXX 50,^STOXX50E,128.51065440123327,-2.385286641192419,1.1954300572003818
2026-02-02,EURO STOXX 50,^STOXX50E,127.68375080883261,-0.6455304620796909,1.2762269785685145
2026-02-03,EURO STOXX 50,^STOXX50E,127.89660024067926,0.166561693949685,1.247591012514088
2026-02-04,EURO STOXX 50,^STOXX50E,127.39763235741187,-0.3908968201459473,1.2126184617465479
2026-02-05,EURO STOXX 50,^STOXX50E,128.19313005647658,0.6224796704062285,1.1826706126367823
2026-02-06,EURO STOXX 50,^STOXX50E,130.66229259318484,1.907812016218724,1.1587097832525326
2026-02-09,EURO STOXX 50,^STOXX50E,130.17254306733994,-0.3755250713640912,1.2018638357624967
2026-02-10,EURO STOXX 50,^STOXX50E,133.57569392376786,2.5807488046386773,1.172340076333849
2026-02-11,EURO STOXX 50,^STOXX50E,133.9620521587498,0.28882541564545505,1.2714785429570497
2026-02-12,EURO STOXX 50,^STOXX50E,135.747569581012,1.3240488015724416,1.2360853848168583
2026-02-13,EURO STOXX 50,^STOXX50E,136.9790673770018,0.9031066270686061,1.2348108595473548
2026-02-16,EURO STOXX 50,^STOXX50E,133.68427761402785,-2.4347238602272725,1.2156543296374138
2026-02-17,EURO STOXX 50,^STOXX50E,133.9463797270199,0.19586858948912322,1.2979992046382622
2026-02-18,EURO STOXX 50,^STOXX50E,136.04109586549043,1.5517446993659867,1.2602431202559952
2026-02-19,EURO STOXX 50,^STOXX50E,137.051751230937,0.7401585139422018,1.2691652019141633
2026-02-20,EURO STOXX 50,^STOXX50E,136.8448587963739,-0.15107340970148542,1.2425566079640356
2026-02-23,EURO STOXX 50,^STOXX50E,135.7739221097084,-0.7856701522743315,1.2080107537724865
2026-02-24,EURO STOXX 50,^STOXX50E,132.24032491064494,-2.637025460464759,1.188012702383384
2026-02-25,EURO STOXX 50,^STOXX50E,131.363494144008,-0.665266537999365,1.2936057970648716
2026-02-26,EURO STOXX 50,^STOXX50E,131.85688757242139,0.3748904268381814,1.2643506676416238
2026-02-27,EURO STOXX 50,^STOXX50E,133.41434364905663,1.1742501932208604,1.230432458950186
2026-03-02,EURO STOXX 50,^STOXX50E,135.0257862291125,1.2006117995653653,1.2224524670732042
2026-03-03,EURO STOXX 50,^STOXX50E,136.6554495824761,1.1997022132971047,1.2163225295450324
2026-03-04,EURO STOXX 50,^STOXX50E,135.46865973868128,-0.872247131018522,1.2106488097423627
2026-03-05,EURO STOXX 50,^STOXX50E,134.27517398930894,-0.8849088566700303,1.193403432506648
2026-03-06,EURO STOXX 50,^STOXX50E,134.43927021766143,0.12213429704903689,1.1778767114078825
2026-03-09,EURO STOXX 50,^STOXX50E,134.89216673104843,0.33631197709009797,1.146874405953784
2026-03-10,EURO STOXX 50,^STOXX50E,136.2017115364117,0.9661265682564313,1.119711942490866
2026-03-11,EURO STOXX 50,^STOXX50E,138.82890749475757,1.9105333658295365,1.1115653232537965
2026-03-12,EURO STOXX 50,^STOXX50E,140.82904405022217,1.4304407575798095,1.160654227541836
2026-03-13,EURO STOXX 50,^STOXX50E,137.3477491267218,-2.503067667533365,1.17187597530646
2026-03-16,EURO STOXX 50,^STOXX50E,133.22025061133218,-3.0512246374589047,1.2670761938277253
2026-03-17,EURO STOXX 50,^STOXX50E,136.5969953734457,2.5031172925508827,1.4014724890276662
2026-03-18,EURO STOXX 50,^STOXX50E,137.0212475751406,0.3101054499213163,1.4618808455551664
2026-03-19,EURO STOXX 50,^STOXX50E,137.76579466403658,0.5419097675765094,1.4157245798343432
2026-03-20,EURO STOXX 50,^STOXX50E,139.85778174583325,1.5070958349038932,1.3754590436536398
2026-03-23,EURO STOXX 50,^STOXX50E,139.80416550897118,-0.03834360594652253,1.3718452691529064
2026-03-24,EURO STOXX 50,^STOXX50E,137.95908647196796,-1.3285459198283611,1.3293217906426222
2026-03-25,EURO STOXX 50,^STOXX50E,140.25552952318378,1.6508803456833476,1.3223202568077994
2026-03-26,EURO STOXX 50,^STOXX50E,141.42381231409152,0.8295173386861698,1.3312939284184229
2026-03-27,EURO STOXX 50,^STOXX50E,142.4268294169887,0.7067246855594789,1.3031497483139711
2026-03-30,EURO STOXX 50,^STOXX50E,140.49733984396158,-1.3639834958705244,1.2734259846137324
2026-03-31,EURO STOXX 50,^STOXX50E,139.98949337284483,-0.3621182643334997,1.272849377258721
2026-04-01,EURO STOXX 50,^STOXX50E,139.98288844716456,-0.004718269451053914,1.2387439390803605
2026-04-02,EURO STOXX 50,^STOXX50E,142.44186224533485,1.741374245544769,1.2038695779066635
2026-04-03,EURO STOXX 50,^STOXX50E,141.7730902743414,-0.470610852359421,1.2301587309569242
2026-04-06,EURO STOXX 50,^STOXX50E,140.74640396210728,-0.7268106114906914,1.2005407275196656
2026-04-07,EURO STOXX 50,^STOXX50E,139.35274784554554,-0.9951244824406125,1.1792253954938592
2026-04-08,EURO STOXX 50,^STOXX50E,139.85639266282567,0.36076567021812167,1.1690705338736487
2026-04-09,EURO STOXX 50,^STOXX50E,139.12950023907786,-0.5210973652019391,1.140843102264131
2026-04-10,EURO STOXX 50,^STOXX50E,137.88355944566123,-0.8995598956239803,1.1181113828482665
2026-04-13,EURO STOXX 50,^STOXX50E,137.60088776870518,-0.20521795623595906,1.1088539921117693
2026-04-14,EURO STOXX 50,^STOXX50E,134.86466674472953,-2.0085570212676096,1.0829965291136407
2026-04-15,EURO STOXX 50,^STOXX50E,134.12934393431087,-0.5467219438514803,1.1466667087933793
2026-04-16,EURO STOXX 50,^STOXX50E,135.49395883835572,1.0122467472382546,1.124145341289733
2026-04-17,EURO STOXX 50,^STOXX50E,136.7539957579569,0.92566052047518,1.117565105736717
2026-04-20,EURO STOXX 50,^STOXX50E,136.38334016513306,-0.2714061913915877,1.1079705532673183
2026-04-21,EURO STOXX 50,^STOXX50E,136.74632748738915,0.2657986875474805,1.0829178229376994
2026-04-22,EURO STOXX 50,^STOXX50E,136.04100145185154,-0.5171263710061602,1.0589947628602852
2026-04-23,EURO STOXX 50,^STOXX50E,134.84318142738837,-0.884383738362704,1.0418064144316226
2026-04-24,EURO STOXX 50,^STOXX50E,132.4703446603275,-1.7753677687804448,1.0380571326552255
2026-04-27,EURO STOXX 50,^STOXX50E,132.22876119865964,-0.18253445017215597,1.0886481441096707
2026-04-28,EURO STOXX 50,^STOXX50E,134.29332698943333,1.5492952958574335,1.0638744686892845
2026-04-29,EURO STOXX 50,^STOXX50E,134.92064973452062,0.4660410935160897,1.0923300173793336
2026-04-30,EURO STOXX 50,^STOXX50E,134.2298399244426,-0.5133271931874184,1.0709088142138694
2026-05-01,EURO STOXX 50,^STOXX50E,134.53817351743803,0.22944227946783968,1.0527897440178424
2026-05-04,EURO STOXX 50,^STOXX50E,135.1168959995755,0.42923233129466,1.0304593382850806
2026-05-05,EURO STOXX 50,^STOXX50E,134.57934124000025,-0.3986377243843542,1.0125521068794836
2026-05-06,EURO STOXX 50,^STOXX50E,133.35480415592733,-0.914064617061161,0.99600167679585
2026-05-07,EURO STOXX 50,^STOXX50E,134.20267063076406,0.6337848072643482,0.9974108211387782
2026-05-08,EURO STOXX 50,^STOXX50E,135.2957933915916,0.8112319004327517,0.9869293744804203
2026-05-11,EURO STOXX 50,^STOXX50E,134.90491857210122,-0.28932202976701404,0.9833412828578793
2026-05-12,EURO STOXX 50,^STOXX50E,134.9825129599963,0.05750129940667037,0.9669226974914805
2026-05-13,EURO STOXX 50,^STOXX50E,136.13479197823565,0.850027597186287,0.9493327168697376
2026-05-14,EURO STOXX 50,^STOXX50E,137.72339343097562,1.160176585021766,0.9504839374884181
2026-05-15,EURO STOXX 50,^STOXX50E,139.6936708800381,1.4204681913914996,0.966783740031316
2026-05-18,EURO STOXX 50,^STOXX50E,140.00009425993986,0.21911357397996767,0.9974382934786837
2026-05-19,EURO STOXX 50,^STOXX50E,141.52588564021042,1.0839541844572587,0.9787205304319155
2026-05-20,EURO STOXX 50,^STOXX50E,142.20560053788714,0.47912637905538347,0.9881456125545499
2026-05-21,EURO STOXX 50,^STOXX50E,140.33846710035127,-1.3216774521510821,0.9742963310710117
2026-05-22,EURO STOXX 50,^STOXX50E,142.29070512263976,1.3815057069283654,0.999979153484118
2026-05-25,EURO STOXX 50,^STOXX50E,144.38271455120127,1.459532989211887,1.024413095150304
2026-05-26,EURO STOXX 50,^STOXX50E,143.77056017273907,-0.4248817230728896,1.0512368943841506
2026-05-27,EURO STOXX 50,^STOXX50E,142.8900153137444,-0.6143486086217287,1.0325142200198663
2026-05-28,EURO STOXX 50,^STOXX50E,143.6836703164211,0.5538938650499148,1.0198763139110063
2026-05-29,EURO STOXX 50,^STOXX50E,144.71691247258417,0.7165357066363676,1.0055175977387345
2026-06-01,EURO STOXX 50,^STOXX50E,145.40119419119844,0.4717271840812387,0.9970307551573069
2026-06-02,EURO STOXX 50,^STOXX50E,147.100509164199,1.1619310738667288,0.9823723866414127
2026-06-03,EURO STOXX 50,^STOXX50E,146.25983988987724,-0.5731323801790644,0.9955959511358564
2026-06-04,EURO STOXX 50,^STOXX50E,146.84280589459792,0.39779018158201396,0.9845240119436875
2026-06-05,EURO STOXX 50,^STOXX50E,149.49630068863405,1.7908981004151059,0.9692542613038142
2026-06-08,EURO STOXX 50,^STOXX50E,148.4925639691322,-0.6736765259899968,1.0273494390824491
2026-06-09,EURO STOXX 50,^STOXX50E,147.17725425891211,-0.8897211049752052,1.0169429878927394
2026-06-10,EURO STOXX 50,^STOXX50E,146.54858882835634,-0.4280633831267089,1.0154935596355787
2026-06-11,EURO STOXX 50,^STOXX50E,146.25638507294184,-0.19958940486768384,0.999342440774242
2026-06-12,EURO STOXX 50,^STOXX50E,144.53365401004578,-1.1848763618305114,0.9806602698070974
2026-06-15,EURO STOXX 50,^STOXX50E,143.56915684663423,-0.6695531805144483,0.9973561210811824
2026-06-16,EURO STOXX 50,^STOXX50E,143.12285417531965,-0.3113466819320898,0.9891323484870952
2026-06-17,EURO STOXX 50,^STOXX50E,142.3936489324209,-0.5107983745007871,0.9726520374392675
2026-06-18,EURO STOXX 50,^STOXX50E,142.38907291874975,-0.003213687713721214,0.9615965411906711
2026-06-19,EURO STOXX 50,^STOXX50E,142.57367038569535,0.1295590368244781,0.9443454513072984
2026-06-22,EURO STOXX 50,^STOXX50E,143.18118587368184,0.4252011050603244,0.9286030290840444
2026-06-23,EURO STOXX 50,^STOXX50E,141.29828398295217,-1.3237717208880007,0.9179745980162383
2026-06-24,EURO STOXX 50,^STOXX50E,142.57921920976133,0.9024624396661629,0.9501538158484877
2026-06-25,EURO STOXX 50,^STOXX50E,140.84418411841528,-1.2243567363259267,0.9534912046552458
2026-06-26,EURO STOXX 50,^STOXX50E,140.99419851330993,0.10645420801864702,0.9753402427193982
2026-06-29,EURO STOXX 50,^STOXX50E,140.7289986575371,-0.18826985975639587,0.957329149257323
2026-06-30,EURO STOXX 50,^STOXX50E,139.89446251504594,-0.5947746487008132,0.9414407391332406
2026-07-01,EURO STOXX 50,^STOXX50E,142.3723097748637,1.7557227089643135,0.9352161569781239
2026-07-02,EURO STOXX 50,^STOXX50E,140.69809767153401,-1.1829082670312907,0.9951299552636927
2026-07-03,EURO STOXX 50,^STOXX50E,144.08106807399346,2.375967033160542,1.0102623738139478
2026-07-06,EURO STOXX 50,^STOXX50E,143.9034489871757,-0.12335323520344943,1.1158465691889143
2026-07-07,EURO STOXX 50,^STOXX50E,142.46201368419665,-1.0067188015111306,1.0888887917197096
2026-07-08,EURO STOXX 50,^STOXX50E,141.80652606269413,-0.4611757487093193,1.0865246206055696
2026-07-09,EURO STOXX 50,^STOXX50E,143.34195395610217,1.076942604258324,1.0661377876517553
2026-07-10,EURO STOXX 50,^STOXX50E,143.98227421172444,0.4457134156472087,1.0673063402506364
2026-07-13,EURO STOXX 50,^STOXX50E,142.2885062872431,-1.1833465409711863,1.0471812588166316
2026-07-14,EURO STOXX 50,^STOXX50E,141.45550633271355,-0.5871506080056044,1.0572922193559382
2026-07-15,EURO STOXX 50,^STOXX50E,143.1729044370521,1.2067797040691275,1.0420556034059634
2026-07-16,EURO STOXX 50,^STOXX50E,142.65844563867955,-0.3599740572694188,1.0519836909128615
2026-07-17,EURO STOXX 50,^STOXX50E,144.2257478242478,1.092648402628793,1.0319773589876378
2026-07-20,EURO STOXX 50,^STOXX50E,143.5965573741941,-0.4372082642261965,1.0369276714861673
2026-07-21,EURO STOXX 50,^STOXX50E,142.32964846141223,-0.886184741394036,1.019459301634625
2026-07-22,EURO STOXX 50,^STOXX50E,140.67967585034575,-1.1660331755394715,1.0176472009311646
2026-07-23,EURO STOXX 50,^STOXX50E,139.25273361116535,-1.019499386549949,1.0296321748295347
2026-07-24,EURO STOXX 50,^STOXX50E,141.76432909852093,1.7875515039086132,1.0329696400737949
2026-07-27,EURO STOXX 50,^STOXX50E,139.50692499222106,-1.6051783063071312,1.082363278297276
2026-07-28,EURO STOXX 50,^STOXX50E,137.83637078954843,-1.204697883057726,1.1150206068025859
2026-07-29,EURO STOXX 50,^STOXX50E,138.82921403433392,0.7177238957434717,1.1200175590748092
2026-07-30,EURO STOXX 50,^STOXX50E,137.25256233816395,-1.142175233158138,1.1030175133858855
2026-07-31,EURO STOXX 50,^STOXX50E,136.690053386671,-0.4106770613913291,1.1058859847969387
2026-08-03,EURO STOXX 50,^STOXX50E,137.7655992665075,0.7837706203531525,1.0831747120367745
2026-08-04,EURO STOXX 50,^STOXX50E,138.47693729557088,0.5150109104755884,1.0710101072533498
2026-08-05,EURO STOXX 50,^STOXX50E,138.66545849988245,0.136046477369689,1.0520888191236302
2026-08-06,EURO STOXX 50,^STOXX50E,140.37039733730563,1.2220365370890995,1.0290901839853832
2026-08-07,EURO STOXX 50,^STOXX50E,139.23392738241995,-0.8129174786613902,1.041087802721815
2026-08-10,EURO STOXX 50,^STOXX50E,138.8788919404756,-0.2553177057233569,1.0345423839297438
2026-08-11,EURO STOXX 50,^STOXX50E,138.5614665919966,-0.22882430563653244,1.0141264101471876
2026-08-12,EURO STOXX 50,^STOXX50E,139.3393642588761,0.5598397789883691,0.994764552810622
2026-08-13,EURO STOXX 50,^STOXX50E,136.2813550859888,-2.219089093532922,0.98240529625895
2026-08-14,EURO STOXX 50,^STOXX50E,137.54385231545118,0.9221256051917592,1.0806385438666821
2026-08-17,EURO STOXX 50,^STOXX50E,139.85390565907784,1.6655554554037444,1.0738171813867317
2026-08-18,EURO STOXX 50,^STOXX50E,142.49266939643536,1.8692208808292143,1.1091759032045327
2026-08-19,EURO STOXX 50,^STOXX50E,143.8433233375705,0.9434119307651478,1.1553695121787624
2026-08-20,EURO STOXX 50,^STOXX50E,143.676931456972,-0.11574273213748043,1.143551362392903
2026-08-21,EURO STOXX 50,^STOXX50E,147.14520429921814,2.385263604950616,1.114811980290924
2026-08-24,EURO STOXX 50,^STOXX50E,150.56577183668404,2.2980127303984688,1.2042965788978977
2026-08-25,EURO STOXX 50,^STOXX50E,153.12030230175134,1.682389108946758,1.2730609735490614
2026-08-26,EURO STOXX 50,^STOXX50E,152.12206044492146,-0.6540674148973302,1.2885752706100342
2026-08-27,EURO STOXX 50,^STOXX50E,152.04796939846165,-0.04871686271217257,1.2593578451778458
2026-08-28,EURO STOXX 50,^STOXX50E,154.28864904058184,1.4629133234786096,1.2233429334122798
2026-08-31,EURO STOXX 50,^STOXX50E,149.78819399067308,-2.9602936275327174,1.2305918249223118
2018-01-02,Nikkei 225,^N225,99.6825646214387,-0.31794027341884856,1.5695242466302746
2018-01-03,Nikkei 225,^N225,99.13556279979166,-0.5502548574618515,1.5141554956065533
2018-01-04,Nikkei 225,^N225,99.00213828840376,-0.13467859051816689,1.4677771061786349
2018-01-05,Nikkei 225,^N225,97.56425403887538,-1.4630272042508885,1.4160143478603053
2018-01-08,Nikkei 225,^N225,99.03952894279868,1.5007875961542183,1.4265663153361832
2018-01-09,Nikkei 225,^N225,100.5138381757873,1.4776358618559193,1.431395591500741
2018-01-10,Nikkei 225,^N225,100.99852489588086,0.4810500431631226,1.4340561869167627
2018-01-11,Nikkei 225,^N225,102.79071534977892,1.7589119589702662,1.388359955493974
2018-01-12,Nikkei 225,^N225,101.01781897437418,-1.739810456406321,1.4181748606755271
2018-01-15,Nikkei 225,^N225,101.63718199753437,0.6112505969386284,1.451781253801389
2018-01-16,Nikkei 225,^N225,103.19360630819531,1.5197464011905915,1.4083304495648348
2018-01-17,Nikkei 225,^N225,104.53769206709855,1.2940799259044233,1.416365006234892
2018-01-18,Nikkei 225,^N225,103.05135489556957,-1.432024081584693,1.4077437162089106
2018-01-19,Nikkei 225,^N225,103.38605534442102,0.3242636513750341,1.416725815413499
2018-01-22,Nikkei 225,^N225,101.8097050865688,-1.5364657296267126,1.3691746454031413
2018-01-23,Nikkei 225,^N225,101.82975299866052,0.019689614522633292,1.3905093994025008
2018-01-24,Nikkei 225,^N225,101.42393066831434,-0.3993264597228041,1.3425570048478108
2018-01-25,Nikkei 225,^N225,99.84784022970268,-1.5661636479243235,1.303215423335235
2018-01-26,Nikkei 225,^N225,101.1381244830087,1.2839722229280426,1.3344273642530005
2018-01-29,Nikkei 225,^N225,101.62259589782654,0.477875927722593,1.3325083414000127
2018-01-30,Nikkei 225,^N225,101.16236022291085,-0.45391578738644967,1.2933147711048598
2018-01-31,Nikkei 225,^N225,98.14702877665907,-3.0260105118491865,1.2587769379271634
2018-02-01,Nikkei 225,^N225,99.85842884957698,1.7286823423671827,1.4763950654066649
2018-02-02,Nikkei 225,^N225,98.60754822888825,-1.2605658693518151,1.4941002351581723
2018-02-05,Nikkei 225,^N225,96.58232065450828,-2.0752104253876524,1.48296257825798
2018-02-06,Nikkei 225,^N225,98.54964952531088,2.016476880884799,1.540888518360539
2018-02-07,Nikkei 225,^N225,99.2473806986076,0.7055050994064338,1.5766060910174506
2018-02-08,Nikkei 225,^N225,100.51331018859251,1.2674630144223542,1.5279054466772468
2018-02-09,Nikkei 225,^N225,102.14822877737663,1.613482326752358,1.5081931602442904
2018-02-12,Nikkei 225,^N225,100.44278619852855,-1.6836707850545807,1.5135964078888668
2018-02-13,Nikkei 225,^N225,101.44593628624558,0.9937735314421658,1.5319177292562847
2018-02-14,Nikkei 225,^N225,102.15028410963056,0.6919093409496924,1.4974598220798583
2018-02-15,Nikkei 225,^N225,103.7626445467048,1.56609242754433,1.4534925540555843
2018-02-16,Nikkei 225,^N225,103.03523749664565,-0.7034985492878398,1.4606182714993998
2018-02-19,Nikkei 225,^N225,102.35510392506917,-0.6622863109201127,1.423095340262661
2018-02-20,Nikkei 225,^N225,100.51671675313759,-1.8124128712545762,1.3866075718643989
2018-02-21,Nikkei 225,^N225,100.04964485742944,-0.46575381464091237,1.4306804941266995
2018-02-22,Nikkei 225,^N225,101.53383761681121,1.4725607087089365,1.3873045129852741
2018-02-23,Nikkei 225,^N225,100.1782223093946,-1.3441295652741658,1.3938409621784664
2018-02-26,Nikkei 225,^N225,100.10447407741256,-0.07364414065271774,1.3975937663342213
2018-02-27,Nikkei 225,^N225,98.63681880611905,-1.476977361059273,1.3495979001238383
2018-02-28,Nikkei 225,^N225,97.69527297141047,-0.9591433008681705,1.3680960618011635
2018-03-01,Nikkei 225,^N225,98.61852784487237,0.9405978351967548,1.349435587966916
2018-03-02,Nikkei 225,^N225,98.49913188017865,-0.12114183930727052,1.3261143146920717
2018-03-05,Nikkei 225,^N225,99.99139484747309,1.5036396020174259,1.2829446238870643
2018-03-06,Nikkei 225,^N225,101.04311512687505,1.046317743700076,1.3025853262071578
2018-03-07,Nikkei 225,^N225,100.86011245762687,-0.1812776561843421,1.288634236793979
2018-03-08,Nikkei 225,^N225,100.43455921090494,-0.42281683581260054,1.2485502129475574
2018-03-09,Nikkei 225,^N225,101.88207359273788,1.4309639912531757,1.2162002361526243
2018-03-12,Nikkei 225,^N225,104.03068132134727,2.0869865149203193,1.2370952757832012
2018-03-13,Nikkei 225,^N225,107.21381379669744,3.0139232039834596,1.3195976411512034
2018-03-14,Nikkei 225,^N225,108.40131531423931,1.101512244834879,1.5074940858441483
2018-03-15,Nikkei 225,^N225,110.40261305948256,1.829357975281276,1.480155490197196
2018-03-16,Nikkei 225,^N225,111.35385632050688,0.8579222948596588,1.5059712105404004
2018-03-19,Nikkei 225,^N225,113.54374475910431,1.9475153518880184,1.4674716627456155
2018-03-20,Nikkei 225,^N225,114.10152647962677,0.4900456167816536,1.505297904114269
2018-03-21,Nikkei 225,^N225,112.6513627273929,-1.2790871407103666,1.4553180578429534
2018-03-22,Nikkei 225,^N225,109.27086314507306,-3.046798106135018,1.4488163235584521
2018-03-23,Nikkei 225,^N225,109.61409766046681,0.3136211784157794,1.6296034549054965
2018-03-26,Nikkei 225,^N225,109.74906539097576,0.1230541588318701,1.5691084812708316
2018-03-27,Nikkei 225,^N225,111.12991790200049,1.2503412321619223,1.5106183970590348
2018-03-28,Nikkei 225,^N225,112.69443235585554,1.3980069040735899,1.4913056197175354
2018-03-29,Nikkei 225,^N225,115.66567461564108,2.6023896950338354,1.482915468999203
2018-03-30,Nikkei 225,^N225,119.05452135151005,2.8877636372866,1.5877537258534942
2018-04-02,Nikkei 225,^N225,122.03981482348726,2.476579169972304,1.7104420020262219
2018-04-03,Nikkei 225,^N225,123.25521062791627,0.990974642454745,1.7702209998971712
2018-04-04,Nikkei 225,^N225,123.58142924203757,0.26431959551862505,1.7191158440978638
2018-04-05,Nikkei 225,^N225,121.75913595051489,-1.4855487128903277,1.6529083848054649
2018-04-06,Nikkei 225,^N225,122.78094702817009,0.8357051426240325,1.6429192047321621
2018-04-09,Nikkei 225,^N225,121.60699806175109,-0.960733145554471,1.5943035131957202
2018-04-10,Nikkei 225,^N225,121.51859454232876,-0.07272251544687691,1.5584270635173814
2018-04-11,Nikkei 225,^N225,121.57488690441083,0.04631334641569396,1.5007957199519264
2018-04-12,Nikkei 225,^N225,119.17907350533741,-1.990324465771387,1.4461886616118058
2018-04-13,Nikkei 225,^N225,120.01701971645547,0.7006382317408466,1.500254162866815
2018-04-16,Nikkei 225,^N225,117.89658837413641,-1.7825693176931168,1.4563866565106525
2018-04-17,Nikkei 225,^N225,117.05485028339784,-0.7165239734878703,1.489496861743618
2018-04-18,Nikkei 225,^N225,117.40690396662382,0.3003082092728704,1.4504771283839382
2018-04-19,Nikkei 225,^N225,119.21864943958778,1.5313484547170297,1.4005154237973243
2018-04-20,Nikkei 225,^N225,119.49219944839989,0.22918952349924027,1.410213362721064
2018-04-23,Nikkei 225,^N225,119.87589035745367,0.3205867899794157,1.3619044371245397
2018-04-24,Nikkei 225,^N225,121.53771268071192,1.3767646494357244,1.3177258630142017
2018-04-25,Nikkei 225,^N225,120.76602910980192,-0.6369577079054167,1.3239536474291218
2018-04-26,Nikkei 225,^N225,120.46083478679377,-0.2530352390416546,1.293518881488958
2018-04-27,Nikkei 225,^N225,121.80208840689215,1.1072823743393911,1.25424079805216
2018-04-30,Nikkei 225,^N225,121.56657471307481,-0.19354485850140435,1.248081299352538
2018-05-01,Nikkei 225,^N225,120.79555177740625,-0.6362590953576053,1.21080469409075
2018-05-02,Nikkei 225,^N225,123.46021648191876,2.1819508634151497,1.1887482211989302
2018-05-03,Nikkei 225,^N225,121.91916729745189,-1.2560708416503807,1.289982464420257
2018-05-04,Nikkei 225,^N225,121.49589945979795,-0.3477749096652438,1.2973628596588043
2018-05-07,Nikkei 225,^N225,122.58890772496946,0.8956031173450008,1.2597670152522977
2018-05-08,Nikkei 225,^N225,121.0571203994449,-1.257404045853061,1.2412705796914547
2018-05-09,Nikkei 225,^N225,119.98385317504653,-0.8905326770082489,1.2536460454175826
2018-05-10,Nikkei 225,^N225,119.37642697173384,-0.5075424434479281,1.2406276683032342
2018-05-11,Nikkei 225,^N225,121.2915621522251,1.5915499299273606,1.2114716344524639
2018-05-14,Nikkei 225,^N225,121.8323635105983,0.4448778530073305,1.246764671932095
2018-05-15,Nikkei 225,^N225,123.56162744532055,1.4094009010820585,1.2125118884720842
2018-05-16,Nikkei 225,^N225,124.58106195220691,0.8216564789300662,1.2320510226456587
2018-05-17,Nikkei 225,^N225,124.18408176977151,-0.3191608868331919,1.2121761846612527
2018-05-18,Nikkei 225,^N225,122.24178795547593,-1.5764043270143802,1.179663919788008
2018-05-21,Nikkei 225,^N225,121.3274580971133,-0.7507796390663124,1.2268006356560774
2018-05-22,Nikkei 225,^N225,122.03223069603419,0.5792040355642847,1.2086987955037685
2018-05-23,Nikkei 225,^N225,121.52499134902328,-0.41652641306288984,1.1809153386575721
2018-05-24,Nikkei 225,^N225,120.83337699652344,-0.5707384767616119,1.1531485430727992
2018-05-25,Nikkei 225,^N225,120.698122330436,-0.11199754947268659,1.1328231197018521
2018-05-28,Nikkei 225,^N225,118.53687796357295,-1.806845287820824,1.1022055040627117
2018-05-29,Nikkei 225,^N225,116.95166378510078,-1.3463399210002613,1.184762811139357
2018-05-30,Nikkei 225,^N225,117.15986408363221,0.17786424727974648,1.2103642608063139
2018-05-31,Nikkei 225,^N225,117.83090428832135,0.5711220345705037,1.1742470032580257
2018-06-01,Nikkei 225,^N225,118.1395953909246,0.261635483345124,1.14870132343027
2018-06-04,Nikkei 225,^N225,120.72082855624122,2.1613740844546925,1.1176202357807234
2018-06-05,Nikkei 225,^N225,118.50591913438133,-1.8517768061847129,1.2283877332734352
2018-06-06,Nikkei 225,^N225,118.49967825626824,-0.005266439428641689,1.2971654368722176
2018-06-07,Nikkei 225,^N225,118.73670535033783,0.19982362682817723,1.2550638882500487
2018-06-08,Nikkei 225,^N225,118.16309675151079,-0.4842635702670073,1.2162267636042912
2018-06-11,Nikkei 225,^N225,117.38836038340912,-0.6578088466731025,1.1880465412756125
2018-06-12,Nikkei 225,^N225,117.2890475009104,-0.08463779221248302,1.168688862443778
2018-06-13,Nikkei 225,^N225,117.23434185178351,-0.04665261769414286,1.1353824249349234
2018-06-14,Nikkei 225,^N225,117.84302694058493,0.517860525864311,1.1040303561310127
2018-06-15,Nikkei 225,^N225,117.7634706724212,-0.06753317246621648,1.0819559218855919
2018-06-18,Nikkei 225,^N225,117.38636915510286,-0.320733231938064,1.0544277677634326
2018-06-19,Nikkei 225,^N225,117.72724879714896,0.2899703418848709,1.0332271876828005
2018-06-20,Nikkei 225,^N225,118.71836139522458,0.8383478992088023,1.0107462479650091
2018-06-21,Nikkei 225,^N225,120.10660444559184,1.1625741734683892,1.0106093154422073
2018-06-22,Nikkei 225,^N225,120.58785739205926,0.3998875454821693,1.0326146095443163
2018-06-25,Nikkei 225,^N225,122.27936649450977,1.3929721982190557,1.0125317326631547
2018-06-26,Nikkei 225,^N225,122.25897550064579,-0.01667713434621021,1.054190739128391
2018-06-27,Nikkei 225,^N225,121.46786346256162,-0.6491815343857787,1.028283207066257
2018-06-28,Nikkei 225,^N225,122.55790254575223,0.8933862608315302,1.0217393067046483
2018-06-29,Nikkei 225,^N225,122.61087499119776,0.04321304433787532,1.023803968465652
2018-07-02,Nikkei 225,^N225,120.62850972319355,-1.63000672092517,0.999902385616227
2018-07-03,Nikkei 225,^N225,120.57873088309057,-0.0412747483736986,1.0783564700816624
2018-07-04,Nikkei 225,^N225,120.08036279345671,-0.41416993176834893,1.0508891043128796
2018-07-05,Nikkei 225,^N225,119.34835922299416,-0.6114603502857641,1.0327251211615234
2018-07-06,Nikkei 225,^N225,118.2402359569625,-0.9328152308038185,1.0239571647750776
2018-07-09,Nikkei 225,^N225,118.95708084073078,0.6044310077872872,1.0348309006278436
2018-07-10,Nikkei 225,^N225,119.548888032799,0.4962629735711488,1.02124850561292
2018-07-11,Nikkei 225,^N225,119.2149632800992,-0.27971149617371793,1.0048329928119715
2018-07-12,Nikkei 225,^N225,118.50022653940668,-0.6013405327914612,0.9863418679716953
2018-07-13,Nikkei 225,^N225,119.4804711228286,0.823806415220929,0.9811303973680046
2018-07-16,Nikkei 225,^N225,118.50900720338157,-0.8163968608839056,0.9829482501257538
2018-07-17,Nikkei 225,^N225,116.91518879293992,-1.3540178009618486,0.99019413894298
2018-07-18,Nikkei 225,^N225,118.11604974267328,1.0218823737007554,1.040640537297564
2018-07-19,Nikkei 225,^N225,119.88484206558627,1.4864019001191942,1.0491062816816719
2018-07-20,Nikkei 225,^N225,119.7023137679394,-0.15236904693454179,1.094861256850314
2018-07-23,Nikkei 225,^N225,120.97590049649773,1.058341420852571,1.067366386489652
2018-07-24,Nikkei 225,^N225,119.87638031552848,-0.9130308548327193,1.075635933793534
2018-07-25,Nikkei 225,^N225,118.07023208623232,-1.5181413177622893,1.0800072147866746
2018-07-26,Nikkei 225,^N225,119.28578724761482,1.0242552868516164,1.1345703923365116
2018-07-27,Nikkei 225,^N225,119.15471648505185,-0.1099400258874006,1.1341001258050107
2018-07-30,Nikkei 225,^N225,119.25833072901098,0.08691994980418727,1.103373369791055
2018-07-31,Nikkei 225,^N225,120.17886723194937,0.768920657482397,1.0739374184390447
2018-08-01,Nikkei 225,^N225,120.45920004355102,0.23299134803655974,1.0644598614418737
2018-08-02,Nikkei 225,^N225,119.40849236560985,-0.8760782977033088,1.038860312752553
2018-08-03,Nikkei 225,^N225,117.3964909848012,-1.699330621895534,1.0444157893711363
2018-08-06,Nikkei 225,^N225,115.88658956665954,-1.2944980830557284,1.1237337291955727
2018-08-07,Nikkei 225,^N225,117.81374603128663,1.649291725946611,1.1518883647325282
2018-08-08,Nikkei 225,^N225,117.62182012154013,-0.16303904749577214,1.200028930191186
2018-08-09,Nikkei 225,^N225,118.59195074868963,0.8214051858036697,1.1654980596915365
2018-08-10,Nikkei 225,^N225,116.00598081987359,-2.2046866793093756,1.15095291750575
2018-08-13,Nikkei 225,^N225,116.14789485159437,0.12225860885335393,1.2740362462114316
2018-08-14,Nikkei 225,^N225,118.27820160150418,1.817515562434302,1.2334661993423275
2018-08-15,Nikkei 225,^N225,118.4388117193101,0.13569801358874756,1.2876396350469008
2018-08-16,Nikkei 225,^N225,116.8205881909341,-1.3757146799421527,1.2462686521552695
2018-08-17,Nikkei 225,^N225,115.72645335214227,-0.9410078109649334,1.2675198714966942
2018-08-20,Nikkei 225,^N225,116.64286176888285,0.7887557505985576,1.2561899536774892
2018-08-21,Nikkei 225,^N225,117.88437414556331,1.0587460931998471,1.2329537246255
2018-08-22,Nikkei 225,^N225,116.1428301509269,-1.4883535857320496,1.2257057164821754
2018-08-23,Nikkei 225,^N225,118.93243257968993,2.373481031817626,1.2589698780872025
2018-08-24,Nikkei 225,^N225,120.46994337106334,1.2844750804137384,1.3720277878613418
2018-08-27,Nikkei 225,^N225,121.11513395334683,0.5341324251938673,1.3667193691621213
2018-08-28,Nikkei 225,^N225,122.94056485724909,1.495941258104505,1.3267028680751063
2018-08-29,Nikkei 225,^N225,121.04594435104148,-1.5530847137519288,1.3411232201706207
2018-08-30,Nikkei 225,^N225,121.12161697075369,0.06249608474568902,1.3669239810339886
2018-08-31,Nikkei 225,^N225,121.09621285777462,-0.02097625355670374,1.320397216134826
2018-09-03,Nikkei 225,^N225,122.19412656196604,0.902560422205223,1.2768934658964817
2018-09-04,Nikkei 225,^N225,124.42552580399673,1.809636916532309,1.2573793376982687
2018-09-05,Nikkei 225,^N225,124.2576101057778,-0.13504391692942264,1.3076598410226465
2018-09-06,Nikkei 225,^N225,123.86184647167526,-0.31901083066623315,1.2657991246036389
2018-09-07,Nikkei 225,^N225,122.54879801062211,-1.0657501359550459,1.229656710491362
2018-09-10,Nikkei 225,^N225,120.08945711609186,-2.0272360750874796,1.229457586241821
2018-09-11,Nikkei 225,^N225,120.99886260122805,0.7544204542422328,1.3176539254920878
2018-09-12,Nikkei 225,^N225,121.02348365920881,0.02034610311492102,1.2883911657999207
2018-09-13,Nikkei 225,^N225,118.59258500287437,-2.02906430397789,1.2467802961921728
2018-09-14,Nikkei 225,^N225,119.1112865163468,0.4364273357945869,1.3325370130295717
2018-09-17,Nikkei 225,^N225,118.29058237630652,-0.691407707368974,1.2923835740380738
2018-09-18,Nikkei 225,^N225,118.21741642817827,-0.061871861275086815,1.266496843112896
2018-09-19,Nikkei 225,^N225,118.61962483173197,0.33965024058568716,1.226621925387586
2018-09-20,Nikkei 225,^N225,118.68265397359248,0.05312139745141664,1.191525773507156
2018-09-21,Nikkei 225,^N225,121.74976286598059,2.551465664216046,1.1561285351093822
2018-09-24,Nikkei 225,^N225,121.92201254207484,0.1413784624802794,1.3115973026126055
2018-09-25,Nikkei 225,^N225,122.76000307313863,0.684965591232789,1.2687438259379402
2018-09-26,Nikkei 225,^N225,120.96106473664499,-1.4762540006481473,1.2403423963642912
2018-09-27,Nikkei 225,^N225,123.24111358808713,1.8673994839477182,1.270829480068172
2018-09-28,Nikkei 225,^N225,125.60879080329866,1.90295324387586,1.3251247025290616
2018-10-01,Nikkei 225,^N225,124.34914109687827,-1.0078978973555586,1.3759726437706732
2018-10-02,Nikkei 225,^N225,123.70836606498243,-0.5166354080406776,1.3593962690384598
2018-10-03,Nikkei 225,^N225,123.62119746960573,-0.07048781208363053,1.322252328832162
2018-10-04,Nikkei 225,^N225,124.77627739134923,0.9300321979464954,1.2789034335985632
2018-10-05,Nikkei 225,^N225,122.47862883547704,-1.858579658244075,1.2606155186046946
2018-10-08,Nikkei 225,^N225,121.7421951674139,-0.6030901772485109,1.3256154639071267
2018-10-09,Nikkei 225,^N225,120.44391069600171,-1.0721481343950678,1.2937758901754146
2018-10-10,Nikkei 225,^N225,119.82110930174896,-0.5184298481524685,1.2881355089307782
2018-10-11,Nikkei 225,^N225,121.74625111206012,1.5939095119966495,1.2559734586738707
2018-10-12,Nikkei 225,^N225,121.17824017503946,-0.46764487942034805,1.2862732014654474
2018-10-15,Nikkei 225,^N225,119.91250732340202,-1.0500149790083846,1.2526295009428992
2018-10-16,Nikkei 225,^N225,120.52875126090044,0.5125952928909605,1.2492817826965719
2018-10-17,Nikkei 225,^N225,123.05311501496234,2.0727767405021247,1.2166108661448705
2018-10-18,Nikkei 225,^N225,120.91162479594179,-1.7556186394124929,1.3005929291883263
2018-10-19,Nikkei 225,^N225,121.9891625462527,0.8872304042652601,1.34982869125445
2018-10-22,Nikkei 225,^N225,118.87991049214483,-2.581838115634305,1.3239246721724747
2018-10-23,Nikkei 225,^N225,118.87852330124295,-0.0011668910159912116,1.465050740007044
2018-10-24,Nikkei 225,^N225,117.28792731275126,-1.347033023017019,1.4126376460054892
2018-10-25,Nikkei 225,^N225,117.18748394455267,-0.08567497444955663,1.4148089530697516
2018-10-26,Nikkei 225,^N225,119.85779205186724,2.2530894643124633,1.3658453271966273
2018-10-29,Nikkei 225,^N225,119.57945154093656,-0.23249569042240736,1.448032781008638
2018-10-30,Nikkei 225,^N225,119.7377736175877,0.13231149545820386,1.3986613236660141
2018-10-31,Nikkei 225,^N225,119.23632692957216,-0.4196667528611364,1.350372532750566
2018-11-01,Nikkei 225,^N225,119.11293439021284,-0.1035392765218468,1.3110376740209024
2018-11-02,Nikkei 225,^N225,118.02573694769221,-0.9169361148487098,1.2686549599921972
2018-11-05,Nikkei 225,^N225,120.05179247293178,1.7020543199552485,1.2558533954808604
2018-11-06,Nikkei 225,^N225,120.18379355720339,0.10989304268962385,1.2959847320813165
2018-11-07,Nikkei 225,^N225,120.61852355470954,0.36106834437408253,1.2539753711484156
2018-11-08,Nikkei 225,^N225,119.76073466410907,-0.7136992917185836,1.2174518786511868
2018-11-09,Nikkei 225,^N225,120.25149469868246,0.40894642728872554,1.1983260789252579
2018-11-12,Nikkei 225,^N225,122.4985078918502,1.8513510600613792,1.166546295926744
2018-11-13,Nikkei 225,^N225,122.207375208072,-0.23794509347387915,1.2334000719050366
2018-11-14,Nikkei 225,^N225,124.01558986477174,1.4687883917080313,1.1978106699283095
2018-11-15,Nikkei 225,^N225,123.44016879320006,-0.46507069533889833,1.2238991187292467
2018-11-16,Nikkei 225,^N225,122.16482159023398,-1.0385445865192189,1.1945502213831294
2018-11-19,Nikkei 225,^N225,122.41081011939801,0.20115545476944163,1.195833864637282
2018-11-20,Nikkei 225,^N225,121.2797186056706,-0.9283082459894842,1.1608783558284999
2018-11-21,Nikkei 225,^N225,121.76911864777871,0.40271799616062864,1.1581954267225198
2018-11-22,Nikkei 225,^N225,121.70858764947326,-0.04972200574178132,1.1290594412730453
2018-11-23,Nikkei 225,^N225,122.23762723462124,0.4337352926624405,1.0981563273734758
2018-11-26,Nikkei 225,^N225,124.07559081325472,1.4924068686823055,1.07407838907536
2018-11-27,Nikkei 225,^N225,123.31521988062583,-0.6147142853548004,1.117163336581182
2018-11-28,Nikkei 225,^N225,122.51066026163203,-0.6545791609079643,1.1015307589962975
2018-11-29,Nikkei 225,^N225,123.86387268633416,1.0985112921100715,1.0890037096461462
2018-11-30,Nikkei 225,^N225,125.4090943645902,1.2397986749212109,1.0978846450339803
2018-12-03,Nikkei 225,^N225,124.36168219696357,-0.838703648062733,1.116313110949461
2018-12-04,Nikkei 225,^N225,122.53431887530692,-1.480296709906792,1.1122744363216779
2018-12-05,Nikkei 225,^N225,121.61707997817798,-0.7513724817798106,1.1587837634670004
2018-12-06,Nikkei 225,^N225,121.09142486115809,-0.4331582358483743,1.1462671417020773
2018-12-07,Nikkei 225,^N225,120.46973747907226,-0.5147257519858783,1.1215225816529255
2018-12-10,Nikkei 225,^N225,121.50195727752306,0.8531791793923382,1.1014565966896017
2018-12-11,Nikkei 225,^N225,121.06217577401065,-0.3626108937525352,1.0939622425167526
2018-12-12,Nikkei 225,^N225,120.52812737964022,-0.44211150636934704,1.0709616978289336
2018-12-13,Nikkei 225,^N225,120.02478397197716,-0.4184893372825016,1.0521832246775287
2018-12-14,Nikkei 225,^N225,120.58159337025963,0.46283926339034664,1.0340617231756677
2018-12-17,Nikkei 225,^N225,120.41518727392774,-0.1380982122112684,1.0156060908047415
2018-12-18,Nikkei 225,^N225,120.27226654806115,-0.11876044255325624,0.9935951798868933
2018-12-19,Nikkei 225,^N225,120.13860123610161,-0.11119740714251591,0.9729518919998931
2018-12-20,Nikkei 225,^N225,120.25601771871368,0.0976864560943369,0.9537563213990187
2018-12-21,Nikkei 225,^N225,119.54408931702704,-0.5937699546074704,0.9350907015098481
2018-12-24,Nikkei 225,^N225,119.94392721323692,0.33391087663341423,0.9341449311622451
2018-12-25,Nikkei 225,^N225,121.73584000561581,1.4829090990702731,0.9201011537889638
2018-12-26,Nikkei 225,^N225,121.17163065406635,-0.4645475618136885,0.9837135507408243
2018-12-27,Nikkei 225,^N225,120.51497248305112,-0.543397754210595,0.9727454219272454
2018-12-28,Nikkei 225,^N225,120.57790207013043,0.052203607116219075,0.9660142351183445
2018-12-31,Nikkei 225,^N225,122.44145784782263,1.533698638221015,0.9463397791355889
2019-01-01,Nikkei 225,^N225,126.00296147837486,2.86723898351946,1.0114115589794213
2019-01-02,Nikkei 225,^N225,125.06178491406001,-0.7497515972894497,1.2486412670762288
2019-01-03,Nikkei 225,^N225,125.8218106557541,0.6058810381445845,1.2287571226001015
2019-01-04,Nikkei 225,^N225,122.63722271075068,-2.5636116441290824,1.2004193520675461
2019-01-07,Nikkei 225,^N225,126.14982489930273,2.8239698611298714,1.3626201450584416
2019-01-08,Nikkei 225,^N225,126.20674628073942,0.045111868603875394,1.5156553336964
2019-01-09,Nikkei 225,^N225,126.75537339236757,0.4337629464362891,1.4601699029621589
2019-01-10,Nikkei 225,^N225,125.4319012320438,-1.0496043565333402,1.411818144233055
2019-01-11,Nikkei 225,^N225,124.66952651295252,-0.6096543208746752,1.3946844004907812
2019-01-14,Nikkei 225,^N225,122.78080190305671,-1.5265781229851783,1.3582395030462178
2019-01-15,Nikkei 225,^N225,121.44336209613473,-1.095266868798106,1.3799225734800136
2019-01-16,Nikkei 225,^N225,121.3703135029642,-0.06016843589566889,1.368187898744737
2019-01-17,Nikkei 225,^N225,124.57614782682585,2.6070843917044506,1.321913589590807
2019-01-18,Nikkei 225,^N225,126.0936357712556,1.2107613933581618,1.4537353621068978
2019-01-21,Nikkei 225,^N225,128.78250707321232,2.1100217797024534,1.4367590375840058
2019-01-22,Nikkei 225,^N225,129.50883160717828,0.562408675542514,1.4940657118689002
2019-01-23,Nikkei 225,^N225,131.40391197829203,1.452680057857858,1.4465364737701893
2019-01-24,Nikkei 225,^N225,129.0135097141513,-1.8358751787111771,1.4459729926230225
2019-01-25,Nikkei 225,^N225,130.36594354136778,1.0428320876130215,1.4851716972099736
2019-01-28,Nikkei 225,^N225,132.66360395202642,1.7471184340443813,1.4565372429679218
2019-01-29,Nikkei 225,^N225,132.6383309663554,-0.019052243818240555,1.4778709066998685
2019-01-30,Nikkei 225,^N225,133.92582532953804,0.9659996250002578,1.4247471072188584
2019-01-31,Nikkei 225,^N225,133.18983721433062,-0.551064636712173,1.3969057783240992
2019-02-01,Nikkei 225,^N225,132.1975739165519,-0.7477882371191846,1.358315892367142
2019-02-04,Nikkei 225,^N225,132.0985389707201,-0.07494241923202694,1.3299651881568164
2019-02-05,Nikkei 225,^N225,132.23719875042391,0.10491187730963247,1.2861641279139209
2019-02-06,Nikkei 225,^N225,129.19322252656372,-2.3288137467550207,1.2447585950148958
2019-02-07,Nikkei 225,^N225,126.5721035564362,-2.0496998373625175,1.3671379553536718
2019-02-08,Nikkei 225,^N225,128.2734646914406,1.3352293498470225,1.4377682213832719
2019-02-11,Nikkei 225,^N225,129.21506267916368,0.7313740884464792,1.4299492173881452
2019-02-12,Nikkei 225,^N225,129.43392156196413,0.16923239476556162,1.391873905085405
2019-02-13,Nikkei 225,^N225,128.4499020405703,-0.7631531776132405,1.3442035445213345
2019-02-14,Nikkei 225,^N225,128.51017943775796,0.046915768353184006,1.3175916168024766
2019-02-15,Nikkei 225,^N225,127.78013329585849,-0.5697040271709142,1.2741200812142857
2019-02-18,Nikkei 225,^N225,128.31006051581286,0.41386042038666915,1.2447408770724901
2019-02-19,Nikkei 225,^N225,127.13625655235101,-0.9190284977892205,1.2099118921995249
2019-02-20,Nikkei 225,^N225,126.6081691358849,-0.41623627984836986,1.2022789810089094
2019-02-21,Nikkei 225,^N225,128.3509622051907,1.3671369250252141,1.1729819658861838
2019-02-22,Nikkei 225,^N225,127.63269239366682,-0.5611855942000865,1.193384925073456
2019-02-25,Nikkei 225,^N225,129.00678553134705,1.0708455920249271,1.169622540362143
2019-02-26,Nikkei 225,^N225,130.56208248171612,1.198383747290066,1.168853995879577
2019-02-27,Nikkei 225,^N225,130.2385274881992,-0.24812454200437983,1.1768112737137963
2019-02-28,Nikkei 225,^N225,131.1751711669867,0.7166018397651186,1.1452268363970644
2019-03-01,Nikkei 225,^N225,132.8738136592032,1.286629392844052,1.1274629386733876
2019-03-04,Nikkei 225,^N225,133.88199055211706,0.7558836038500161,1.146368149540661
2019-03-05,Nikkei 225,^N225,132.5652699803895,-0.9883616651408467,1.1302650825564928
2019-03-06,Nikkei 225,^N225,133.61245102674823,0.7868325305513402,1.134333032250597
2019-03-07,Nikkei 225,^N225,132.03682780315143,-1.186257088578735,1.1206658732394619
2019-03-08,Nikkei 225,^N225,131.04560102839326,-0.7535520100271142,1.140230103575352
2019-03-11,Nikkei 225,^N225,131.97808739803065,0.7090542163738611,1.1293876658623876
2019-03-12,Nikkei 225,^N225,131.3906754809817,-0.4460763567207593,1.1125547198786723
2019-03-13,Nikkei 225,^N225,132.83248864474956,1.0913709852765408,1.0907369725884228
2019-03-14,Nikkei 225,^N225,133.36796092464374,0.4023081125419381,1.098945398514424
2019-03-15,Nikkei 225,^N225,133.38984345748872,0.016406292550463775,1.0740196535508157
2019-03-18,Nikkei 225,^N225,133.02250542481676,-0.2757666955043092,1.0466042300062122
2019-03-19,Nikkei 225,^N225,133.1768772332417,0.11598210648600116,1.0248720077932532
2019-03-20,Nikkei 225,^N225,133.4933239718984,0.23733201967282014,1.0010532540876096
2019-03-21,Nikkei 225,^N225,133.7902693953476,0.22219511633929656,0.9801136435687036
2019-03-22,Nikkei 225,^N225,133.70934535933227,-0.060504041142817044,0.960528791061478
2019-03-25,Nikkei 225,^N225,131.02831203265688,-2.0254957403940566,0.9417370450442265
2019-03-26,Nikkei 225,^N225,129.54826903384082,-1.1359876693126658,1.0813756088789301
2019-03-27,Nikkei 225,^N225,129.89166818279597,0.2647235835625317,1.1012563041376426
2019-03-28,Nikkei 225,^N225,130.60626372691982,0.5486395468554228,1.0734989217620976
2019-03-29,Nikkei 225,^N225,128.21300812724766,-1.8494170057493875,1.05477127853429
2019-04-01,Nikkei 225,^N225,127.97175578551108,-0.18834251449453276,1.1500592305114423
2019-04-02,Nikkei 225,^N225,127.84973049021752,-0.09539879259126138,1.1192698734147875
2019-04-03,Nikkei 225,^N225,127.31601537878194,-0.4183287909180322,1.0894096139106129
2019-04-04,Nikkei 225,^N225,127.52346940785198,0.16281156357669246,1.068431025898689
2019-04-05,Nikkei 225,^N225,128.12239838870866,0.4685622981604354,1.0418174068979347
2019-04-08,Nikkei 225,^N225,128.396969158803,0.21407418673877743,1.0229369416692589
2019-04-09,Nikkei 225,^N225,129.34780554904478,0.737815697502775,1.0000874042710772
2019-04-10,Nikkei 225,^N225,128.21401823233418,-0.8804058175336138,0.9954967591646884
2019-04-11,Nikkei 225,^N225,130.4625145151137,1.738505531032164,1.0056946431246623
2019-04-12,Nikkei 225,^N225,131.76283507747365,0.9917662214271594,1.0842694649098128
2019-04-15,Nikkei 225,^N225,134.62626321429903,2.1498916020620484,1.0864799604119706
2019-04-16,Nikkei 225,^N225,134.431242892721,-0.14496555665939326,1.2013195771186995
2019-04-17,Nikkei 225,^N225,135.26371980426345,0.6173489835782142,1.1664713521135621
2019-04-18,Nikkei 225,^N225,134.39759221608824,-0.6423840039434303,1.1431129997455365
2019-04-19,Nikkei 225,^N225,130.19449014920912,-3.1773102353133353,1.1266293485438195
2019-04-22,Nikkei 225,^N225,128.09205036221772,-1.628026160187801,1.4013958361763046
2019-04-23,Nikkei 225,^N225,127.88152483128232,-0.16449008710717195,1.4270103573218818
2019-04-24,Nikkei 225,^N225,128.2229818670321,0.2666546110245527,1.3780373576094271
2019-04-25,Nikkei 225,^N225,127.77067741464852,-0.35337197360254535,1.3321199639398928
2019-04-26,Nikkei 225,^N225,128.61494439162877,0.6585938967050176,1.292359264824856
2019-04-29,Nikkei 225,^N225,127.35267536840644,-0.9862804183182305,1.2612975944222329
2019-04-30,Nikkei 225,^N225,124.81640002934502,-2.0116351408439037,1.2531868902611218
2019-05-01,Nikkei 225,^N225,124.05998465593908,-0.6078661930887463,1.335994980291561
2019-05-02,Nikkei 225,^N225,123.55748798363355,-0.40586583550741295,1.3035946736883641
2019-05-03,Nikkei 225,^N225,123.22326342834565,-0.2708677704595708,1.2670203038139085
2019-05-06,Nikkei 225,^N225,123.89980185285141,0.5475329580510113,1.2298073773954932
2019-05-07,Nikkei 225,^N225,123.54333893828937,-0.28811722968766773,1.1995154260333316
2019-05-08,Nikkei 225,^N225,122.18025352782324,-1.109457483149523,1.167183928960441
2019-05-09,Nikkei 225,^N225,118.5910998648256,-2.9816001805382797,1.1760589388843048
2019-05-10,Nikkei 225,^N225,116.27665951101704,-1.9709093146880186,1.4061555192756867
2019-05-13,Nikkei 225,^N225,117.79761312544616,1.2995661616631793,1.4633747580404566
2019-05-14,Nikkei 225,^N225,116.54409433515094,-1.0698315376331813,1.4510232826731968
2019-05-15,Nikkei 225,^N225,116.40488585091451,-0.11951844622490881,1.4318461273314158
2019-05-16,Nikkei 225,^N225,116.17507573696403,-0.1976182188450082,1.3821198344058032
2019-05-17,Nikkei 225,^N225,116.65385017264387,0.4112677225531769,1.3363349990390951
2019-05-20,Nikkei 225,^N225,117.23500055681389,0.4969468004530242,1.2954009134465303
2019-05-21,Nikkei 225,^N225,115.55113891704667,-1.446727896366351,1.259161199476136
2019-05-22,Nikkei 225,^N225,114.6066908350578,-0.8207006332175304,1.2849531606543347
2019-05-23,Nikkei 225,^N225,114.3101906454075,-0.25904629972073323,1.265674804496251
2019-05-24,Nikkei 225,^N225,117.42432480823967,2.6878358084266196,1.2283287139346706
2019-05-27,Nikkei 225,^N225,117.38108600223107,-0.036829480503186574,1.388436729963868
2019-05-28,Nikkei 225,^N225,116.23653851680724,-0.979854705093075,1.3407910756106758
2019-05-29,Nikkei 225,^N225,113.39211905685005,-2.477534803205028,1.325526164513755
2019-05-30,Nikkei 225,^N225,111.68795486355442,-1.5143026468962262,1.4528459525043977
2019-05-31,Nikkei 225,^N225,114.48392349426383,2.4725541416295016,1.4637107051287024
2019-06-03,Nikkei 225,^N225,113.03598755205442,-1.2728165050517326,1.5563701049281689
2019-06-04,Nikkei 225,^N225,114.93100250906369,1.6625728199986867,1.540695084122985
2019-06-05,Nikkei 225,^N225,115.1240160887397,0.16779779562297037,1.5466876712389548
2019-06-06,Nikkei 225,^N225,115.40300039062281,0.2420405576257778,1.4897204620881903
2019-06-07,Nikkei 225,^N225,114.93878055636519,-0.4030710024463424,1.4367147376588332
2019-06-10,Nikkei 225,^N225,118.52210221939367,3.0699816172194083,1.391347775742506
2019-06-11,Nikkei 225,^N225,119.65774707845821,0.9536100290856275,1.572727248438717
2019-06-12,Nikkei 225,^N225,120.81834216388239,0.9652552985975227,1.533557885130031
2019-06-13,Nikkei 225,^N225,119.29349094334465,-1.27013458717542,1.497683092129636
2019-06-14,Nikkei 225,^N225,119.61411612626769,0.26840951558426696,1.4868560091041487
2019-06-17,Nikkei 225,^N225,119.5764096113588,-0.03152843542189032,1.4342994198598273
2019-06-18,Nikkei 225,^N225,117.96311251378913,-1.3583608230245403,1.3838402044425073
2019-06-19,Nikkei 225,^N225,119.97230736357152,1.6888974400925072,1.3896078306127173
2019-06-20,Nikkei 225,^N225,121.86101868042914,1.5620260037922051,1.413212721974455
2019-06-21,Nikkei 225,^N225,119.59774026051872,-1.8747257022567965,1.4240171360781562
2019-06-24,Nikkei 225,^N225,122.22604401121974,2.173820294886397,1.4695122589757803
2019-06-25,Nikkei 225,^N225,121.6015861582378,-0.5122136632629726,1.5290854673596874
2019-06-26,Nikkei 225,^N225,122.01101453080778,0.33613101859479855,1.4806475814436062
2019-06-27,Nikkei 225,^N225,121.36764726009896,-0.5286977622424693,1.4293432475270935
2019-06-28,Nikkei 225,^N225,118.00849929574098,-2.806769627318584,1.3878745144941844
2019-07-01,Nikkei 225,^N225,120.21977489251346,1.8564875344604381,1.547290538485768
2019-07-02,Nikkei 225,^N225,120.10912520744776,-0.09208188681268936,1.5682268335062113
2019-07-03,Nikkei 225,^N225,120.29361073637634,0.15348042061100742,1.5101455052216635
2019-07-04,Nikkei 225,^N225,118.24988890710695,-1.7135422587555738,1.455256444392852
2019-07-05,Nikkei 225,^N225,115.95494119730508,-1.9598410206284278,1.4823688558929689
2019-07-08,Nikkei 225,^N225,115.95842926664928,0.0030080795578868447,1.5289743031091423
2019-07-09,Nikkei 225,^N225,116.8635977830927,0.7775665288400013,1.4727577834429793
2019-07-10,Nikkei 225,^N225,116.12734384253365,-0.6320043054889979,1.4334344406337058
2019-07-11,Nikkei 225,^N225,117.87851693754088,1.4967195950443823,1.3951197762685408
2019-07-12,Nikkei 225,^N225,121.71604002557075,3.2036214355692927,1.4027081073625376
2019-07-15,Nikkei 225,^N225,124.68698742222067,2.4115705150490108,1.600860662012992
2019-07-16,Nikkei 225,^N225,124.51857639412536,-0.1351583416949076,1.6679061443158538
2019-07-17,Nikkei 225,^N225,123.57838139588686,-0.7579290834131669,1.6043679541871354
2019-07-18,Nikkei 225,^N225,126.13523327705714,2.0478989449782325,1.559115293366261
2019-07-19,Nikkei 225,^N225,125.6937749880767,-0.3506019772927971,1.5956331669997363
2019-07-22,Nikkei 225,^N225,125.43494619334975,-0.20613244487330817,1.5392923682691906
2019-07-23,Nikkei 225,^N225,122.77703976188224,-2.1417241544916976,1.484033120635639
2019-07-24,Nikkei 225,^N225,123.03157132827245,0.20709742936491082,1.548635006263865
2019-07-25,Nikkei 225,^N225,129.13573573433953,4.842306626434834,1.4918194849865998
2019-07-26,Nikkei 225,^N225,130.8206612106601,1.2963320708456294,1.9368852099368397
2019-07-29,Nikkei 225,^N225,131.760258615893,0.7156661772633299,1.8879745364174771
2019-07-30,Nikkei 225,^N225,135.11318148398473,2.512875990846908,1.8202781602200169
2019-07-31,Nikkei 225,^N225,133.16002197996494,-1.4561230784797985,1.8703616996240093
2019-08-01,Nikkei 225,^N225,132.84055838811088,-0.2401977807772404,1.8404235040515593
2019-08-02,Nikkei 225,^N225,131.15926468075423,-1.2737254279278964,1.7681431986110505
2019-08-05,Nikkei 225,^N225,129.39164588182982,-1.356852612001891,1.735556243833389
2019-08-06,Nikkei 225,^N225,126.28950105828116,-2.4266920675674264,1.7103490590591799
2019-08-07,Nikkei 225,^N225,125.41381629356769,-0.6958098979045424,1.7751577011331574
2019-08-08,Nikkei 225,^N225,125.00331909221092,-0.3278510221870867,1.716684528333662
2019-08-09,Nikkei 225,^N225,127.52957913322369,2.000804120650379,1.6527574801186946
2019-08-12,Nikkei 225,^N225,127.22100016361992,-0.24225979887928517,1.674831542592617
2019-08-13,Nikkei 225,^N225,130.18753686088846,2.3050269252895106,1.612056850724035
2019-08-14,Nikkei 225,^N225,128.87365330079516,-1.0143509529903838,1.6668670245976616
2019-08-15,Nikkei 225,^N225,128.5344677120086,-0.263539303860405,1.628304451413116
2019-08-16,Nikkei 225,^N225,126.64409807888599,-1.481632447337855,1.568550551852452
2019-08-19,Nikkei 225,^N225,129.49327528035033,2.2248176338016457,1.565869618716856
2019-08-20,Nikkei 225,^N225,132.32802183441592,2.1654902487936667,1.6184328494615716
2019-08-21,Nikkei 225,^N225,129.08267005199843,-2.4830801722873552,1.6590326508176725
2019-08-22,Nikkei 225,^N225,132.29910306748164,2.4612239343372977,1.736420058614247
2019-08-23,Nikkei 225,^N225,133.73049455369087,1.0761248465907869,1.7914819391159844
2019-08-26,Nikkei 225,^N225,135.53267859187065,1.3386241634004037,1.7424964525123372
2019-08-27,Nikkei 225,^N225,132.13804769477457,-2.5365589691114465,1.7099508102045682
2019-08-28,Nikkei 225,^N225,134.1492158681936,1.5105539696331327,1.786264020047051
2019-08-29,Nikkei 225,^N225,136.68623609576557,1.873532005625389,1.7602874045153907
2019-08-30,Nikkei 225,^N225,139.2566744834766,1.8630757593402159,1.7613998396861843
2019-09-02,Nikkei 225,^N225,139.0580779644691,-0.14271363696520822,1.7616162636841084
2019-09-03,Nikkei 225,^N225,140.5385052397066,1.0589836924412843,1.692792959024891
2019-09-04,Nikkei 225,^N225,143.01853704280848,1.7492741656508493,1.649852986572021
2019-09-05,Nikkei 225,^N225,146.67416060241098,2.5239280426633037,1.6519761989445187
2019-09-06,Nikkei 225,^N225,148.08668940453254,0.9584309550341175,1.724090565365968
2019-09-09,Nikkei 225,^N225,149.9209969090619,1.231062656920212,1.6747585776490508
2019-09-10,Nikkei 225,^N225,146.44672289822887,-2.344677198404188,1.6415249382090762
2019-09-11,Nikkei 225,^N225,142.6148682234613,-2.6513928304213508,1.7066816440315957
2019-09-12,Nikkei 225,^N225,146.30423290619464,2.554047287760408,1.795867190783524
2019-09-13,Nikkei 225,^N225,147.9149921511898,1.0949490725202793,1.8528972355104227
2019-09-16,Nikkei 225,^N225,144.9433855920384,-2.029450940486921,1.8005706230280794
2019-09-17,Nikkei 225,^N225,144.32552780458795,-0.42718639883778664,1.8181397208984784
2019-09-18,Nikkei 225,^N225,142.27838673375513,-1.4285749652154678,1.7501250940618067
2019-09-19,Nikkei 225,^N225,141.4887160009467,-0.5565640016926388,1.728150108252429
2019-09-20,Nikkei 225,^N225,140.40866286793175,-0.7662777300289747,1.6685061911582182
2019-09-23,Nikkei 225,^N225,139.3917862721976,-0.7268616443543152,1.6192994292443208
2019-09-24,Nikkei 225,^N225,137.95318571557686,-1.0374180924005216,1.5718990122833276
2019-09-25,Nikkei 225,^N225,133.9268511855953,-2.962062943338495,1.541487444524511
2019-09-26,Nikkei 225,^N225,135.23060112642352,0.9687713464508363,1.6937724451126601
2019-09-27,Nikkei 225,^N225,140.01935720080328,3.479920108112289,1.646895411818508
2019-09-30,Nikkei 225,^N225,145.63940330976388,3.9353047505664485,1.8360923499971098
2019-10-01,Nikkei 225,^N225,148.30163309266808,1.8114534894204226,2.0525414793686005
2019-10-02,Nikkei 225,^N225,146.3624871156802,-1.3161928026731218,2.023948931098503
2019-10-03,Nikkei 225,^N225,151.12992312331076,3.2053551758046694,1.9748172047412722
2019-10-04,Nikkei 225,^N225,151.2331785545834,0.0682989655241606,2.077321026724472
2019-10-07,Nikkei 225,^N225,152.6238392216989,0.915345241698251,1.990364409469725
2019-10-08,Nikkei 225,^N225,157.50943448407673,3.1509030982953767,1.922453485123096
2019-10-09,Nikkei 225,^N225,152.82947386881077,-3.0162608015091408,2.026148216667802
2019-10-10,Nikkei 225,^N225,155.63646717553834,1.8200199223709745,2.111989818203913
2019-10-11,Nikkei 225,^N225,154.90025394589298,-0.4741562326716853,2.0791879686225454
2019-10-14,Nikkei 225,^N225,153.93879286799304,-0.6226312339026485,1.997168726491727
2019-10-15,Nikkei 225,^N225,157.50416533196108,2.2896829967375965,1.9231788449687597
2019-10-16,Nikkei 225,^N225,154.52521862498813,-1.9094594104249296,1.9417707571873342
2019-10-17,Nikkei 225,^N225,156.80092506809478,1.461969720400802,1.936266265174916
2019-10-18,Nikkei 225,^N225,161.0025171403964,2.6442991706770336,1.8959357043482241
2019-10-21,Nikkei 225,^N225,158.16633169766678,-1.7772787717986738,1.9498407982825907
2019-10-22,Nikkei 225,^N225,156.5389844408295,-1.0342130738832722,1.9341399741348393
2019-10-23,Nikkei 225,^N225,154.71841689071243,-1.169828125727701,1.8780304337281624
2019-10-24,Nikkei 225,^N225,157.04873248551738,1.4949355621191707,1.8319386813388276
2019-10-25,Nikkei 225,^N225,153.5520056859599,-2.2516846276930735,1.8014152848301952
2019-10-28,Nikkei 225,^N225,152.9784773798504,-0.3742068127361442,1.8384177683944585
2019-10-29,Nikkei 225,^N225,159.901037281672,4.425786610628357,1.7682351981613524
2019-10-30,Nikkei 225,^N225,157.87247660414428,-1.276750984583952,2.0708382768734346
2019-10-31,Nikkei 225,^N225,162.31210563462685,2.773346271482513,2.016475094744172
2019-11-01,Nikkei 225,^N225,163.1604439307794,0.5212975523897434,2.0687506359357513
2019-11-04,Nikkei 225,^N225,168.12125534474373,2.995144178902276,1.9863594162415636
2019-11-05,Nikkei 225,^N225,163.52901677304789,-2.7695029856703357,2.06462052865859
2019-11-06,Nikkei 225,^N225,155.47382033813025,-5.051308771758389,2.120537050695661
2019-11-07,Nikkei 225,^N225,151.60083991025732,-2.5226345993300647,2.4564463749800125
2019-11-08,Nikkei 225,^N225,147.0992340196973,-3.0143593112256895,2.4505036316734565
2019-11-11,Nikkei 225,^N225,151.03569215762852,2.640876040251783,2.4863184256880126
2019-11-12,Nikkei 225,^N225,155.05488496753642,2.6262970018292364,2.479105913154359
2019-11-13,Nikkei 225,^N225,150.96432255941198,-2.67356163498631,2.471431816554519
2019-11-14,Nikkei 225,^N225,157.30416857669977,4.113777606181657,2.4759894131709643
2019-11-15,Nikkei 225,^N225,157.32668460094962,0.014312661368620638,2.6111987542655757
2019-11-18,Nikkei 225,^N225,161.05989040687038,2.3451848785838614,2.4961483009471706
2019-11-19,Nikkei 225,^N225,171.19397836314744,6.102100405851374,2.4666580587444806
2019-11-20,Nikkei 225,^N225,171.221154255748,0.015873067553862086,2.872567419130641
2019-11-21,Nikkei 225,^N225,165.21424972240106,-3.5712905885691093,2.7440969984085215
2019-11-22,Nikkei 225,^N225,168.1288638084589,1.7487617085933493,2.7995286338300236
2019-11-25,Nikkei 225,^N225,171.5855633033074,2.0351321728257155,2.714061093762807
2019-11-26,Nikkei 225,^N225,173.87296666302177,1.3242902348853391,2.648833045226303
2019-11-27,Nikkei 225,^N225,165.4488325200012,-4.9662977978415235,2.5552415065100913
2019-11-28,Nikkei 225,^N225,164.807295227879,-0.38850942960033663,2.7952925858940607
2019-11-29,Nikkei 225,^N225,168.3559274381335,2.130347034991331,2.6733909925489194
2019-12-02,Nikkei 225,^N225,171.34470516772976,1.7596993153809137,2.6165012994634846
2019-12-03,Nikkei 225,^N225,165.68430334384564,-3.359315658064066,2.5436651828501673
2019-12-04,Nikkei 225,^N225,160.18814121681072,-3.3735183547721093,2.6014043306232697
2019-12-05,Nikkei 225,^N225,158.33541506209207,-1.1633343989748468,2.6540018797720513
2019-12-06,Nikkei 225,^N225,159.50800925628596,0.7378472696450977,2.5579036017585217
2019-12-09,Nikkei 225,^N225,159.87264744197788,0.22834090698884424,2.452683054061436
2019-12-10,Nikkei 225,^N225,161.00250192944813,0.7042359991158875,2.3463433076510247
2019-12-11,Nikkei 225,^N225,156.29696403542826,-2.966209151698873,2.2520605508452736
2019-12-12,Nikkei 225,^N225,155.84666155320522,-0.28852281942581826,2.3052857023029305
2019-12-13,Nikkei 225,^N225,154.5969078496166,-0.8051450106359326,2.20807874743523
2019-12-16,Nikkei 225,^N225,154.01928141051621,-0.37433364399159785,2.1267550385707064
2019-12-17,Nikkei 225,^N225,150.6847626547525,-2.188780847308447,2.0403698900272795
2019-12-18,Nikkei 225,^N225,146.19706658666237,-3.023450733990174,2.0472045158261167
2019-12-19,Nikkei 225,^N225,149.0088821560933,1.9050433226937002,2.1310774264972623
2019-12-20,Nikkei 225,^N225,152.60178018108817,2.382586849669721,2.1021534639436736
2019-12-23,Nikkei 225,^N225,152.50661399356028,-0.06238188947342849,2.110621809825293
2019-12-24,Nikkei 225,^N225,150.903836412897,-1.056517656122935,2.0220961212892647
2019-12-25,Nikkei 225,^N225,150.27857474039024,-0.4152052361761527,1.9611302067297278
2019-12-26,Nikkei 225,^N225,150.05066147773255,-0.1517756374831869,1.884675181708868
2019-12-27,Nikkei 225,^N225,147.79795778705886,-1.5126789248370187,1.809027083608928
2019-12-30,Nikkei 225,^N225,151.6132202583,2.5486483265821924,1.7875410072371543
2019-12-31,Nikkei 225,^N225,153.34657205577537,1.1367862305978527,1.8450473704201111
2020-01-01,Nikkei 225,^N225,152.63749307441577,-0.4634752795796615,1.795071488039063
2020-01-02,Nikkei 225,^N225,150.86841875743096,-1.1657725817646458,1.7291652903296377
2020-01-03,Nikkei 225,^N225,153.28424181478024,1.58859295059548,1.6936587196871162
2020-01-06,Nikkei 225,^N225,151.57343083600594,-1.1223787963648313,1.680369130287214
2020-01-07,Nikkei 225,^N225,149.24111429447328,-1.550698472607337,1.646226101290572
2020-01-08,Nikkei 225,^N225,148.63906676861853,-0.4042218206463666,1.6413955016245818
2020-01-09,Nikkei 225,^N225,151.5937174555703,1.9683034185091763,1.5833723920555947
2020-01-10,Nikkei 225,^N225,149.85342053948634,-1.1546410838445098,1.610057583165528
2020-01-13,Nikkei 225,^N225,151.25151692624013,0.9286506199903677,1.5830198130981261
2020-01-14,Nikkei 225,^N225,150.70224290139856,-0.3638137382400153,1.5420704588458336
2020-01-15,Nikkei 225,^N225,150.11401144897937,-0.39109070315959116,1.4892461021814272
2020-01-16,Nikkei 225,^N225,151.82413663699924,1.1327773489634652,1.4402784541183027
2020-01-17,Nikkei 225,^N225,153.05169948379594,0.8052914237511644,1.4199077422379878
2020-01-20,Nikkei 225,^N225,149.7859072930361,-2.1568779596100818,1.385338218523374
2020-01-21,Nikkei 225,^N225,152.50253979659072,1.7974260470551506,1.4650715195503599
2020-01-22,Nikkei 225,^N225,154.85268743069886,1.5293011013748803,1.4897703910480962
2020-01-23,Nikkei 225,^N225,154.88506817957088,0.020908493332427724,1.4906768933163401
2020-01-24,Nikkei 225,^N225,150.684759692246,-2.7493375852448487,1.4366908493826465
2020-01-27,Nikkei 225,^N225,154.89849395822824,2.75800542970579,1.579647477511564
2020-01-28,Nikkei 225,^N225,159.11967026101766,2.6886537573127534,1.6880635188166073
2020-01-29,Nikkei 225,^N225,157.5976897720118,-0.9611043768161132,1.7729982273730527
2020-01-30,Nikkei 225,^N225,156.82078030515464,-0.49418919176424936,1.724595060528092
2020-01-31,Nikkei 225,^N225,154.7648212890592,-1.3196943916489623,1.6635878961970147
2020-02-03,Nikkei 225,^N225,151.6272352038536,-2.048157386188443,1.641939040009339
2020-02-04,Nikkei 225,^N225,149.1086344531912,-1.6749978235163887,1.6781873339680085
2020-02-05,Nikkei 225,^N225,143.39772726588308,-3.905305145115001,1.6795265411771385
2020-02-06,Nikkei 225,^N225,143.74827359700754,0.24415907184192065,1.937480491033199
2020-02-07,Nikkei 225,^N225,145.22904393203063,1.024843962265365,1.8588550154815413
2020-02-10,Nikkei 225,^N225,145.6506082505921,0.2898550039847514,1.8032510452934634
2020-02-11,Nikkei 225,^N225,145.30582096088602,-0.23700280624883163,1.732516509010314
2020-02-12,Nikkei 225,^N225,147.70847018584513,1.6399903677462468,1.6663390394529278
2020-02-13,Nikkei 225,^N225,146.4271362074903,-0.8712594163531762,1.6589817846517132
2020-02-14,Nikkei 225,^N225,147.56274286927132,0.7725519758966293,1.614550190134586
2020-02-17,Nikkei 225,^N225,147.53045517941044,-0.021883045900938924,1.56558035223399
2020-02-18,Nikkei 225,^N225,146.08608184704696,-0.983858060564291,1.5072899044127406
2020-02-19,Nikkei 225,^N225,146.82793408707084,0.5065335121214432,1.4790217086019704
2020-02-20,Nikkei 225,^N225,144.92749526363139,-1.302780007692661,1.4310654339316025
2020-02-21,Nikkei 225,^N225,145.02075013228034,0.06432518447363478,1.4283794528189504
2020-02-24,Nikkei 225,^N225,145.79852236163825,0.5348848286686803,1.3781084159551142
2020-02-25,Nikkei 225,^N225,145.7163157237208,-0.05639962661012632,1.3373604999221675
2020-02-26,Nikkei 225,^N225,144.40418196776335,-0.904550152830641,1.2929758124104032
2020-02-27,Nikkei 225,^N225,146.0336833003986,1.122111560146699,1.2774588006176957
2020-02-28,Nikkei 225,^N225,143.5598850490414,-1.7085037074517473,1.270161490742407
2020-03-02,Nikkei 225,^N225,142.31548604123282,-0.8705939674484853,1.3186377868847545
2020-03-03,Nikkei 225,^N225,138.6359087993436,-2.6195190441280047,1.2992260433475704
2020-03-04,Nikkei 225,^N225,138.92723197386084,0.20991496254172404,1.4499270144679424
2020-03-05,Nikkei 225,^N225,139.79430221693192,0.6221787223270603,1.3990259140174974
2020-03-06,Nikkei 225,^N225,141.15247685774622,0.9668629949941554,1.3593988303620004
2020-03-09,Nikkei 225,^N225,144.94508824398798,2.6514266684582566,1.3366106369209922
2020-03-10,Nikkei 225,^N225,145.64271510672734,0.48014967935587904,1.471578524856603
2020-03-11,Nikkei 225,^N225,146.0864260578516,0.3041940146986555,1.4234894882906763
2020-03-12,Nikkei 225,^N225,148.29732490002675,1.5020804675871524,1.3752364388845275
2020-03-13,Nikkei 225,^N225,147.96068651978854,-0.22726036910318825,1.3852055778157506
2020-03-16,Nikkei 225,^N225,149.4024887322401,0.9697323886225462,1.3396536593341803
2020-03-17,Nikkei 225,^N225,148.45050443246635,-0.6392331541235308,1.3185607661588559
2020-03-18,Nikkei 225,^N225,147.54039005658794,-0.6149630012566298,1.2886046095549715
2020-03-19,Nikkei 225,^N225,147.85604416231007,0.21371566430783417,1.2598777431349937
2020-03-20,Nikkei 225,^N225,150.02995472311713,1.4595846483109298,1.220861420213344
2020-03-23,Nikkei 225,^N225,149.02318452986592,-0.6733077600865833,1.2436079979192547
2020-03-24,Nikkei 225,^N225,145.64939754680543,-2.289954762314217,1.2206300935318437
2020-03-25,Nikkei 225,^N225,148.42046715278946,1.8846892953350292,1.3422723063115285
2020-03-26,Nikkei 225,^N225,150.6213688760341,1.4719956864572836,1.3891814591820992
2020-03-27,Nikkei 225,^N225,150.67614895033103,0.036362778754917,1.3954923741454277
2020-03-30,Nikkei 225,^N225,150.29019810390352,-0.25647456054000983,1.3472161550082926
2020-03-31,Nikkei 225,^N225,149.87990376401083,-0.2733747251062013,1.3045383022862647
2020-04-01,Nikkei 225,^N225,151.50560830158085,1.078831091818877,1.2649136630780446
2020-04-02,Nikkei 225,^N225,155.15749499063435,2.3818054999636296,1.256075896459594
2020-04-03,Nikkei 225,^N225,154.76619336572017,-0.25251495612579333,1.370658352071166
2020-04-06,Nikkei 225,^N225,152.35798154854453,-1.5682654581532063,1.326424301934456
2020-04-07,Nikkei 225,^N225,152.46125848239512,0.06776274213660116,1.3551831737000704
2020-04-08,Nikkei 225,^N225,151.1887328201862,-0.8381578450963545,1.3093846583872923
2020-04-09,Nikkei 225,^N225,152.37345751547923,0.780552221631492,1.289047274385477
2020-04-10,Nikkei 225,^N225,150.74208457467094,-1.0764137538703977,1.262974126644854
2020-04-13,Nikkei 225,^N225,153.17907707696588,1.6037348113543182,1.2603985904016657
2020-04-14,Nikkei 225,^N225,156.13051420108079,1.9084611589324396,1.2910560134032598
2020-04-15,Nikkei 225,^N225,155.3159402513972,-0.5230920406622985,1.3468485120411662
2020-04-16,Nikkei 225,^N225,156.9355178541822,1.0373640119871297,1.3107658638710238
2020-04-17,Nikkei 225,^N225,156.5377710346902,-0.25376773526879504,1.2956294611464578
2020-04-20,Nikkei 225,^N225,156.7791830981446,0.1541008924308862,1.25622704345321
2020-04-21,Nikkei 225,^N225,156.79170368560705,0.007985809905708408,1.2169642559366536
2020-04-22,Nikkei 225,^N225,156.2392248240361,-0.35298712357780815,1.179958298595387
2020-04-23,Nikkei 225,^N225,156.16611301149342,-0.04680573922586362,1.1505019380620933
2020-04-24,Nikkei 225,^N225,155.4870860972182,-0.43575871558241275,1.1181307156505462
2020-04-27,Nikkei 225,^N225,155.25470510425947,-0.1495653580289691,1.095554865488594
2020-04-28,Nikkei 225,^N225,156.43965715025234,0.7603331327437957,1.0679727441723308
2020-04-29,Nikkei 225,^N225,156.05747332271207,-0.24460001761275052,1.0585804822404175
2020-04-30,Nikkei 225,^N225,153.97584745384378,-1.3428602736873074,1.035278664449639
2020-05-01,Nikkei 225,^N225,151.89584679453498,-1.36006878786743,1.0786227793565624
2020-05-04,Nikkei 225,^N225,151.89242402886393,-0.002253388955342217,1.1180450547174225
2020-05-05,Nikkei 225,^N225,151.4333905645389,-0.30266716030364904,1.0876503914210522
2020-05-06,Nikkei 225,^N225,149.63727449626168,-1.1931666451035383,1.063538766132359
2020-05-07,Nikkei 225,^N225,149.6986912465008,0.04103533028425588,1.0900761235029708
2020-05-08,Nikkei 225,^N225,150.6763397664247,0.6509542213783526,1.061510560654235
2020-05-11,Nikkei 225,^N225,151.54375411161118,0.5740298177423497,1.0476615004777459
2020-05-12,Nikkei 225,^N225,153.0618404017466,0.9967636093527688,1.031874493321277
2020-05-13,Nikkei 225,^N225,153.7987594577248,0.4802965730684505,1.039528215470848
2020-05-14,Nikkei 225,^N225,155.3113395802017,0.9786753652790026,1.021181533146863
2020-05-15,Nikkei 225,^N225,155.48146960116622,0.1094813219173929,1.028702582302897
2020-05-18,Nikkei 225,^N225,158.78345237495924,2.10147812290824,1.0045788310340173
2020-05-19,Nikkei 225,^N225,159.88769306486387,0.6930311233720232,1.1283504857414006
2020-05-20,Nikkei 225,^N225,160.2259297503805,0.21132297239656594,1.1109115437062684
2020-05-21,Nikkei 225,^N225,158.39005932052564,-1.152415955700281,1.081798260455962
2020-05-22,Nikkei 225,^N225,158.89294555353646,0.31699564514644507,1.1029374008746604
2020-05-25,Nikkei 225,^N225,157.3502451270503,-0.9756495692545997,1.0759219615394642
2020-05-26,Nikkei 225,^N225,156.2739828812894,-0.6863414076779151,1.0844826726100043
2020-05-27,Nikkei 225,^N225,154.88617193288786,-0.8920294770730308,1.0749417483416026
2020-05-28,Nikkei 225,^N225,155.22308237261538,0.21728508105063327,1.0780209685264068
2020-05-29,Nikkei 225,^N225,151.83079076080784,-2.2096641238857906,1.0512684506693697
2020-06-01,Nikkei 225,^N225,150.64215063672103,-0.7859521167869588,1.1940716903605688
2020-06-02,Nikkei 225,^N225,151.67025636406763,0.6801637425903451,1.1804007051666778
2020-06-03,Nikkei 225,^N225,151.06489275370194,-0.3999300504080594,1.1583874345601781
2020-06-04,Nikkei 225,^N225,148.15590928226177,-1.944433745240115,1.131752192854298
2020-06-05,Nikkei 225,^N225,148.82618921823268,0.45139493422370336,1.2257046821114448
2020-06-08,Nikkei 225,^N225,149.37079038780982,0.36526310614490853,1.1930476098581264
2020-06-09,Nikkei 225,^N225,148.74674746862314,-0.41865623549419695,1.1607004130961456
2020-06-10,Nikkei 225,^N225,149.67913636225822,0.624873362561118,1.1344541644534474
2020-06-11,Nikkei 225,^N225,152.48868334368905,1.8596473656444346,1.113801783974246
2020-06-12,Nikkei 225,^N225,151.97489988269328,-0.3375010851853766,1.1893019018320619
2020-06-15,Nikkei 225,^N225,154.4413028039773,1.6098732164917529,1.1588037051195663
2020-06-16,Nikkei 225,^N225,157.91621160378094,2.2250479035018422,1.2022566701247104
2020-06-17,Nikkei 225,^N225,157.93249192562553,0.010308936954395165,1.3065024873174889
2020-06-18,Nikkei 225,^N225,156.5100995392648,-0.9047133733995238,1.2637705380802517
2020-06-19,Nikkei 225,^N225,158.69511661225,1.3864314174358405,1.250692838106546
2020-06-22,Nikkei 225,^N225,159.2441701904622,0.34538300034316904,1.2643831967851695
2020-06-23,Nikkei 225,^N225,156.52062086516653,-1.7250921856018842,1.2268869455122509
2020-06-24,Nikkei 225,^N225,156.7172100409636,0.12552072719929086,1.2826319431675306
2020-06-25,Nikkei 225,^N225,152.15609851722337,-2.953601348030066,1.241529964354379
2020-06-26,Nikkei 225,^N225,148.0563951149336,-2.731370855106441,1.45202298466616
2020-06-29,Nikkei 225,^N225,152.18244070743916,2.7486819655222483,1.589995139102612
2020-06-30,Nikkei 225,^N225,153.77159928099513,1.038831103538751,1.6957576952692501
2020-07-01,Nikkei 225,^N225,153.54088688911384,-0.1501484291125621,1.651716871361076
2020-07-02,Nikkei 225,^N225,153.66956823025853,0.08377406857498215,1.5892451779048538
2020-07-03,Nikkei 225,^N225,150.96112790707792,-1.7782263747942118,1.5294812224949301
2020-07-06,Nikkei 225,^N225,152.11872400884388,0.7638922373467416,1.5541192656268425
2020-07-07,Nikkei 225,^N225,152.2307704464051,0.07363011581400514,1.5088211206802329
2020-07-08,Nikkei 225,^N225,150.90530010442632,-0.8745107679744457,1.4537533176150894
2020-07-09,Nikkei 225,^N225,147.50842661811672,-2.276718468437444,1.4241134534357798
2020-07-10,Nikkei 225,^N225,151.0856619448332,2.396166984795567,1.5116305117429631
2020-07-13,Nikkei 225,^N225,153.03482516083966,1.2818537311951594,1.5889690650881694
2020-07-14,Nikkei 225,^N225,151.1746354216185,-1.2229816397359983,1.565174236302699
2020-07-15,Nikkei 225,^N225,149.12830803106513,-1.3628631411973124,1.545694321814575
2020-07-16,Nikkei 225,^N225,146.4051949985878,-1.842897725229875,1.5368085106148537
2020-07-17,Nikkei 225,^N225,146.436073968633,0.02108922029231408,1.5663010569151485
2020-07-20,Nikkei 225,^N225,146.73738220949318,0.2055495411318553,1.5078638594944815
2020-07-21,Nikkei 225,^N225,141.01383157267722,-3.9786491647741506,1.4534512089977591
2020-07-22,Nikkei 225,^N225,139.46580188313416,-1.1038558410530364,1.7761424863269195
2020-07-23,Nikkei 225,^N225,133.35898881459914,-4.477476737687525,1.7340708329449646
2020-07-24,Nikkei 225,^N225,137.40254477434786,2.987024449654019,2.0684596498315964
2020-07-27,Nikkei 225,^N225,140.81290493732058,2.4517193372013857,2.1356360462376034
2020-07-28,Nikkei 225,^N225,146.74010801631007,4.123095548405065,2.1464759948268153
2020-07-29,Nikkei 225,^N225,148.96131754692584,1.5023609068581578,2.333049628882752
2020-07-30,Nikkei 225,^N225,146.23937969194134,-1.8441792476758145,2.266874374712632
2020-07-31,Nikkei 225,^N225,142.61331697272257,-2.5107975458791287,2.229583342604011
2020-08-03,Nikkei 225,^N225,146.67971128474014,2.8114484341594803,2.2442791899235
2020-08-04,Nikkei 225,^N225,152.20071026988035,3.694873723748504,2.274852310785849
2020-08-05,Nikkei 225,^N225,153.26510972580684,0.6969053126081093,2.3906643008243065
2020-08-06,Nikkei 225,^N225,150.74159428691297,-1.6602090468663455,2.2937747298496345
2020-08-07,Nikkei 225,^N225,146.91870704587845,-2.5687654244752167,2.243577341801018
2020-08-10,Nikkei 225,^N225,149.42066043408096,1.6886132005224042,2.26175844243619
2020-08-11,Nikkei 225,^N225,145.20810455263307,-2.8597635211164096,2.2099759864069632
2020-08-12,Nikkei 225,^N225,140.85811041854018,-3.0414842690332122,2.2578435378036743
2020-08-13,Nikkei 225,^N225,149.300813676535,5.821007985272519,2.317692235942212
2020-08-14,Nikkei 225,^N225,150.28350181484237,0.6560367896022434,2.713268255008574
2020-08-17,Nikkei 225,^N225,147.59209272280057,-1.8071183977045102,2.59813326108296
2020-08-18,Nikkei 225,^N225,143.66290076446248,-2.6982750076859574,2.5341263122088455
2020-08-19,Nikkei 225,^N225,140.89271392853786,-1.9470881688250508,2.534744205611338
2020-08-20,Nikkei 225,^N225,137.62672578477648,-2.345357190101449,2.4832224940071543
2020-08-21,Nikkei 225,^N225,131.86785779111332,-4.27447908927121,2.461766300994576
2020-08-24,Nikkei 225,^N225,136.16535100963563,3.206961964359323,2.6295759652418407
2020-08-25,Nikkei 225,^N225,128.9097320185723,-5.4757555850229345,2.654993832510044
2020-08-26,Nikkei 225,^N225,127.45104168100126,-1.138010358611119,2.9459542712907765
2020-08-27,Nikkei 225,^N225,125.37321226660303,-1.6437316950457692,2.8320526201950105
2020-08-28,Nikkei 225,^N225,127.57860127933436,1.7437668184062005,2.7442230237364296
2020-08-31,Nikkei 225,^N225,127.0502052933582,-0.41503296627505293,2.6621309469590644
2020-09-01,Nikkei 225,^N225,125.55598393271283,-1.1830579394031204,2.5475439922813043
2020-09-02,Nikkei 225,^N225,133.68421268343445,6.27286507642566,2.458540154032472
2020-09-03,Nikkei 225,^N225,132.81769477459687,-0.650292503128469,2.892943626494434
2020-09-04,Nikkei 225,^N225,137.50872607830865,3.4709905529889618,2.7699122981820543
2020-09-07,Nikkei 225,^N225,136.33859466068233,-0.8545919207473496,2.804155507859693
2020-09-08,Nikkei 225,^N225,137.32147083457954,0.7183221259362327,2.6903332664707476
2020-09-09,Nikkei 225,^N225,131.396248798738,-4.41071218443625,2.577551565336515
2020-09-10,Nikkei 225,^N225,124.09463486635876,-5.71730987541752,2.7443349247599786
2020-09-11,Nikkei 225,^N225,121.86630244328846,-1.8119896730475205,3.0522083878496185
2020-09-14,Nikkei 225,^N225,120.18187188202269,-1.3918367765691109,2.9578704982975825
2020-09-15,Nikkei 225,^N225,121.96352096212262,1.4715797076250148,2.851883222754195
2020-09-16,Nikkei 225,^N225,122.97311976571439,0.8243801485166458,2.7515288436800454
2020-09-17,Nikkei 225,^N225,126.10960689054758,2.518563176872135,2.637591612387563
2020-09-18,Nikkei 225,^N225,124.73009002144109,-1.0999301900172398,2.6083025428833793
2020-09-21,Nikkei 225,^N225,126.299913160281,1.250721892133022,2.5127433014726246
2020-09-22,Nikkei 225,^N225,119.69033818593277,-5.375144939251264,2.4246896853807547
2020-09-23,Nikkei 225,^N225,122.55178027078757,2.3625744365377344,2.745419146532075
2020-09-24,Nikkei 225,^N225,126.30912976666488,3.0198676337118258,2.6971703001770018
2020-09-25,Nikkei 225,^N225,122.451321781557,-3.1018735299792155,2.7002455584012366
2020-09-28,Nikkei 225,^N225,125.50271896197252,2.4613845573448145,2.7180499206017554
2020-09-29,Nikkei 225,^N225,126.00305719496572,0.3978746736440719,2.6783218157348796
2020-09-30,Nikkei 225,^N225,123.31761958367645,-2.154287003726374,2.5615266730973025
2020-10-01,Nikkei 225,^N225,121.81693966021541,-1.2243876796498299,2.520705438034486
2020-10-02,Nikkei 225,^N225,120.57955034654975,-1.0209719309324683,2.4348935847579316
2020-10-05,Nikkei 225,^N225,122.05279881837663,1.2144024345875692,2.3469613729377112
2020-10-06,Nikkei 225,^N225,121.03892608638502,-0.834153125739423,2.267701384504586
2020-10-07,Nikkei 225,^N225,121.92263224805471,0.7274484611726528,2.183735566134101
2020-10-08,Nikkei 225,^N225,120.37664251727614,-1.276116663782556,2.0991114648881988
2020-10-09,Nikkei 225,^N225,123.93451620952354,2.9127816000698914,2.042774256462921
2020-10-12,Nikkei 225,^N225,127.13955470584159,2.553200808058964,2.1056191999595244
2020-10-13,Nikkei 225,^N225,122.6016291962169,-3.6345026982975703,2.1280170067421715
2020-10-14,Nikkei 225,^N225,116.78500539413783,-4.86056284487848,2.2693971955427914
2020-10-15,Nikkei 225,^N225,117.88808995481514,0.9401100567633769,2.546860395141229
2020-10-16,Nikkei 225,^N225,115.95549522645128,-1.6529328597298054,2.447031855991213
2020-10-19,Nikkei 225,^N225,114.94338905019879,-0.8766717618075681,2.385470864328228
2020-10-20,Nikkei 225,^N225,109.5401761111817,-4.814835094204106,2.2958934861841622
2020-10-21,Nikkei 225,^N225,107.46204111852953,-1.915370775126135,2.561908785868768
2020-10-22,Nikkei 225,^N225,102.69530300536557,-4.537129854706379,2.5065288848881146
2020-10-23,Nikkei 225,^N225,104.5220877731978,1.7632034530912222,2.6996133317358044
2020-10-26,Nikkei 225,^N225,100.48606699770097,-3.9379334271504085,2.621382958445002
2020-10-27,Nikkei 225,^N225,101.17749236101916,0.6857243567979232,2.7285627986008434
2020-10-28,Nikkei 225,^N225,101.05328750234752,-0.12283478743704279,2.613130745750561
2020-10-29,Nikkei 225,^N225,100.09734871879581,-0.9504777098278794,2.498398911778688
2020-10-30,Nikkei 225,^N225,101.83598145165942,1.722029439602224,2.4044813361161483
2020-11-02,Nikkei 225,^N225,99.34795293394622,-2.4735129845538495,2.344320892427152
2020-11-03,Nikkei 225,^N225,96.8665051719786,-2.5294568913845517,2.344917165343357
2020-11-04,Nikkei 225,^N225,101.58676283408658,4.757944430888017,2.3499157174852154
2020-11-05,Nikkei 225,^N225,99.93144378417142,-1.6428850865597866,2.58480246311065
2020-11-06,Nikkei 225,^N225,98.1558035608867,-1.7928340245516594,2.513247599675437
2020-11-09,Nikkei 225,^N225,98.32048770972128,0.16763771988612675,2.4545043926870664
2020-11-10,Nikkei 225,^N225,97.91578680811847,-0.4124634717496356,2.3477880634888373
2020-11-11,Nikkei 225,^N225,100.24278963197746,2.3487348769025473,2.249926248105951
2020-11-12,Nikkei 225,^N225,101.91875602210938,1.6580846585319442,2.2419264581927036
2020-11-13,Nikkei 225,^N225,97.09342530248092,-4.850232389205988,2.1899212371631367
2020-11-16,Nikkei 225,^N225,99.93932932001111,2.88896326444128,2.481488039081756
2020-11-17,Nikkei 225,^N225,103.91535913322367,3.9013418226621077,2.4945961112077777
2020-11-18,Nikkei 225,^N225,105.45662242236469,1.472299319880399,2.6036289835697146
2020-11-19,Nikkei 225,^N225,105.36342854042424,-0.088410839087949,2.5185897608092187
2020-11-20,Nikkei 225,^N225,103.04907488766126,-2.22102681208014,2.4086098323724454
2020-11-23,Nikkei 225,^N225,100.32080490946893,-2.6832229708730893,2.384716985542639
2020-11-24,Nikkei 225,^N225,99.84505566107374,-0.4753559302146826,2.3984678588773463
2020-11-25,Nikkei 225,^N225,95.835961509403,-4.098154533082621,2.2988644899513444
2020-11-26,Nikkei 225,^N225,94.91684534689449,-0.9636799485971181,2.4702413457668633
2020-11-27,Nikkei 225,^N225,96.05215362329689,1.1890114707910904,2.3783716233405414
2020-11-30,Nikkei 225,^N225,98.74781275836794,2.767794339244656,2.2962427084404338
2020-12-01,Nikkei 225,^N225,97.07486207188221,-1.7086799477631587,2.31760631395557
2020-12-02,Nikkei 225,^N225,94.99515303647402,-2.1656585145703566,2.2683897721422626
2020-12-03,Nikkei 225,^N225,96.56280400017111,1.6367745678698142,2.2525868414702934
2020-12-04,Nikkei 225,^N225,97.76261593258346,1.234863847752088,2.1986805629107784
2020-12-07,Nikkei 225,^N225,96.39847956356326,-1.4051824456555728,2.129545445427247
2020-12-08,Nikkei 225,^N225,98.45164872556961,2.1075122446582384,2.0774771610243876
2020-12-09,Nikkei 225,^N225,93.75948681101066,-4.883269939482382,2.067040366451449
2020-12-10,Nikkei 225,^N225,95.84358388652487,2.198467576174057,2.3890162997645388
2020-12-11,Nikkei 225,^N225,98.92383200333653,3.163265216766664,2.35841975646423
2020-12-14,Nikkei 225,^N225,96.15984030026173,-2.8338370296546955,2.408897701797855
2020-12-15,Nikkei 225,^N225,96.60990351556998,0.4669446814151712,2.4330558521965435
2020-12-16,Nikkei 225,^N225,94.6227112561232,-2.0783732881444195,2.329983608488859
2020-12-17,Nikkei 225,^N225,92.5464561020217,-2.218677737323027,2.3028470169907265
2020-12-18,Nikkei 225,^N225,95.11779490228149,2.740532326774492,2.2878746740802653
2020-12-21,Nikkei 225,^N225,93.37929482579077,-1.844643198959961,2.3077501324838194
2020-12-22,Nikkei 225,^N225,93.92829603841987,0.5862045229797275,2.2673077672717676
2020-12-23,Nikkei 225,^N225,95.24597153354249,1.3931036419358556,2.1750647756002857
2020-12-24,Nikkei 225,^N225,94.53928366641028,-0.744727120733657,2.1143961601529755
2020-12-25,Nikkei 225,^N225,95.86909505520221,1.3968219459700393,2.036832768456319
2020-12-28,Nikkei 225,^N225,96.90428892947102,1.074011156159127,1.9858509400892812
2020-12-29,Nikkei 225,^N225,98.08687821733851,1.2129819057077107,1.9239410941135364
2020-12-30,Nikkei 225,^N225,98.93358162618593,0.8595133948270828,1.8720078525321895
2020-12-31,Nikkei 225,^N225,99.63357352378081,0.7050459042134527,1.809573837696481
2021-01-01,Nikkei 225,^N225,101.44730289205572,1.8040288967264395,1.7463070396606148
2021-01-04,Nikkei 225,^N225,99.33935298396047,-2.099768381918299,1.7435166387529435
2021-01-05,Nikkei 225,^N225,98.76294875350516,-0.5819274708165345,1.7731701484069655
2021-01-06,Nikkei 225,^N225,98.47353946764248,-0.29346445596916126,1.7114647923120894
2021-01-07,Nikkei 225,^N225,97.41383592264705,-1.0819624089083213,1.6472912388725065
2021-01-08,Nikkei 225,^N225,96.46808474342791,-0.9756027558908364,1.6135205564326085
2021-01-11,Nikkei 225,^N225,97.914031884581,1.4877642420453085,1.5769584192888295
2021-01-12,Nikkei 225,^N225,96.33769687901793,-1.623017327497145,1.5670420591226775
2021-01-13,Nikkei 225,^N225,96.26133245859523,-0.07929886737949587,1.5750808713257705
2021-01-14,Nikkei 225,^N225,97.44069905114168,1.2177272039360254,1.5165145266858093
2021-01-15,Nikkei 225,^N225,97.12752756163971,-0.3219145956160574,1.4948268650109977
2021-01-18,Nikkei 225,^N225,96.93317020603509,-0.20030580413701315,1.4440837220271476
2021-01-19,Nikkei 225,^N225,96.57340707607793,-0.3718359856529574,1.394504797368668
2021-01-20,Nikkei 225,^N225,96.63694658537223,0.0657723671436905,1.351114453781961
2021-01-21,Nikkei 225,^N225,95.76053688785218,-0.9110470091112433,1.3055654748194903
2021-01-22,Nikkei 225,^N225,95.8003375973247,0.04155411187412028,1.2893682000310684
2021-01-25,Nikkei 225,^N225,96.84144122860398,1.080880558350561,1.2476722317474374
2021-01-26,Nikkei 225,^N225,99.25422935392791,2.4609517262661917,1.2404695809467066
2021-01-27,Nikkei 225,^N225,99.2349138089799,-0.019462570799788637,1.3678139742467312
2021-01-28,Nikkei 225,^N225,99.81363516222103,0.5814892767844526,1.321360580245504
2021-01-29,Nikkei 225,^N225,98.47777251769688,-1.3473935862800879,1.285744140055479
2021-02-01,Nikkei 225,^N225,98.15982721099414,-0.3233822872333647,1.3005209981222399
2021-02-02,Nikkei 225,^N225,101.77139192147555,3.6132002117961193,1.2621696623463652
2021-02-03,Nikkei 225,^N225,101.77212356772797,0.0007189089277659377,1.5572432653787684
2021-02-04,Nikkei 225,^N225,103.05234892837332,1.2500869812296145,1.4993736245908096
2021-02-05,Nikkei 225,^N225,102.1350484805796,-0.8941158866960564,1.4809674382287998
2021-02-08,Nikkei 225,^N225,102.87864023071722,0.725410108546054,1.4502364597362847
2021-02-09,Nikkei 225,^N225,101.97215969522289,-0.8850211496193694,1.4105633424038904
2021-02-10,Nikkei 225,^N225,101.33100591956006,-0.6307387288484456,1.384696683143846
2021-02-11,Nikkei 225,^N225,100.99431313569131,-0.33282349064416294,1.3497114544375441
2021-02-12,Nikkei 225,^N225,101.30199413739847,0.3041886855021936,1.3083488064500282
2021-02-15,Nikkei 225,^N225,101.99319072816596,0.6799956965037879,1.2673314351391565
2021-02-16,Nikkei 225,^N225,103.6106238527689,1.5733817920327908,1.2388465860245224
2021-02-17,Nikkei 225,^N225,103.66404320803923,0.05154451068287713,1.2693091110418053
2021-02-18,Nikkei 225,^N225,104.15738396657474,0.47477461005405175,1.2288831667995797
2021-02-19,Nikkei 225,^N225,105.35598764443588,1.1441911751187916,1.19660052687556
2021-02-22,Nikkei 225,^N225,104.08709471502277,-1.2116976508402821,1.19811042449113
2021-02-23,Nikkei 225,^N225,104.9497683239085,0.8253840914685284,1.2114354772476592
2021-02-24,Nikkei 225,^N225,106.41463086358311,1.38612367964992,1.193368615471245
2021-02-25,Nikkei 225,^N225,105.56716765148923,-0.7995665032869859,1.2130934437501577
2021-02-26,Nikkei 225,^N225,103.10101242676556,-2.3638199710746655,1.1985561255549013
2021-03-01,Nikkei 225,^N225,104.26282829422284,1.120569546354666,1.333803549474493
2021-03-02,Nikkei 225,^N225,105.49539883505416,1.1752432736691354,1.3215320230094538
2021-03-03,Nikkei 225,^N225,105.16001637730005,-0.3184183428532883,1.3136643267223647
2021-03-04,Nikkei 225,^N225,106.72612196056257,1.4782789621306414,1.274343012029996
2021-03-05,Nikkei 225,^N225,103.9079199879245,-2.676082299463811,1.2928367185151013
2021-03-08,Nikkei 225,^N225,102.8774766602773,-0.9966389055869662,1.4524644524047368
2021-03-09,Nikkei 225,^N225,103.7763027600487,0.8698914389238865,1.4291086702355154
2021-03-10,Nikkei 225,^N225,103.38332518987639,-0.37939635771984115,1.3965638780590726
2021-03-11,Nikkei 225,^N225,104.80071968751949,1.3616955129205799,1.3532153339178685
2021-03-12,Nikkei 225,^N225,103.70809703503593,-1.0480445582642162,1.3549418438317609
2021-03-15,Nikkei 225,^N225,105.63564617204639,1.8415679231491566,1.3424747458914135
2021-03-16,Nikkei 225,^N225,106.66965445317953,0.9740844472398535,1.3852251507343278
2021-03-17,Nikkei 225,^N225,105.72576362106543,-0.8888111188985803,1.3607944446491018
2021-03-18,Nikkei 225,^N225,105.43255140722117,-0.27771807353227373,1.3389808649840687
2021-03-19,Nikkei 225,^N225,104.87735005523055,-0.5279852616553171,1.2972097761980135
2021-03-22,Nikkei 225,^N225,102.04483313793165,-2.737931540850269,1.2647290547496997
2021-03-23,Nikkei 225,^N225,98.87618022279567,-3.154389475225461,1.438572714283273
2021-03-24,Nikkei 225,^N225,98.9225398813245,0.046875590856476634,1.6366142808838442
2021-03-25,Nikkei 225,^N225,99.17060454482952,0.25045267860459575,1.5740876430811668
2021-03-26,Nikkei 225,^N225,97.21927841696665,-1.9872615801724614,1.5161519776490187
2021-03-29,Nikkei 225,^N225,93.16199884033489,-4.262912864394686,1.561323313145089
2021-03-30,Nikkei 225,^N225,94.72493116461375,1.6637329438567328,1.9035154755592216
2021-03-31,Nikkei 225,^N225,94.9924998970921,0.2820709814464806,1.8775910189071332
2021-04-01,Nikkei 225,^N225,97.92342275998587,3.038783277754842,1.8026096911844725
2021-04-02,Nikkei 225,^N225,100.10012590899997,2.1985171342716825,1.9106285540234778
2021-04-05,Nikkei 225,^N225,98.89740340072451,-1.2087960664053377,1.922892057660074
2021-04-06,Nikkei 225,^N225,100.77818811840157,1.883896101930116,1.8755422032912592
2021-04-07,Nikkei 225,^N225,98.46985613195334,-2.3171472283446626,1.8668662082510368
2021-04-08,Nikkei 225,^N225,98.05995700372505,-0.4171374470410605,1.9025881701154026
2021-04-09,Nikkei 225,^N225,98.90302294701286,0.8560706100351645,1.829503730180247
2021-04-12,Nikkei 225,^N225,100.22786036092594,1.3306393662655402,1.7696115479804213
2021-04-13,Nikkei 225,^N225,100.06794252302056,-0.15968170034819096,1.7345769343289725
2021-04-14,Nikkei 225,^N225,101.34142335171134,1.2645864745621793,1.6674378771565366
2021-04-15,Nikkei 225,^N225,103.80580437954508,2.402664278738076,1.6365557890341373
2021-04-16,Nikkei 225,^N225,103.85168393457495,0.044187720990862545,1.6981137939694337
2021-04-19,Nikkei 225,^N225,103.17890486483381,-0.6499343328012053,1.6320750928902064
2021-04-20,Nikkei 225,^N225,101.8852368035259,-1.2617371454523685,1.5812004822351557
2021-04-21,Nikkei 225,^N225,101.02953236954977,-0.843417667453128,1.5627625034395023
2021-04-22,Nikkei 225,^N225,99.65524315185131,-1.369621285129341,1.5238270219677543
2021-04-23,Nikkei 225,^N225,99.72803340877311,0.07301541173490023,1.517344857107019
2021-04-26,Nikkei 225,^N225,98.77641975008578,-0.9587905294033305,1.4617728652158726
2021-04-27,Nikkei 225,^N225,101.96136894240189,3.1735095915593092,1.4357018684539213
2021-04-28,Nikkei 225,^N225,103.93977019071572,1.9217592910703019,1.6228952252040523
2021-04-29,Nikkei 225,^N225,104.12316143812465,0.17628444765795948,1.6414089746010037
2021-04-30,Nikkei 225,^N225,104.57208297527698,0.4302179772507131,1.5789790426197945
2021-05-03,Nikkei 225,^N225,103.71742462781779,-0.8206492528701759,1.5232732688506625
2021-05-04,Nikkei 225,^N225,104.34617939093884,0.6043889127518298,1.4861458846008986
2021-05-05,Nikkei 225,^N225,102.92859151552611,-1.3678557906975364,1.4402629070110637
2021-05-06,Nikkei 225,^N225,102.74904378314046,-0.17459144523250814,1.4413283976660844
2021-05-07,Nikkei 225,^N225,102.60541045025853,-0.13988823066029,1.391596975657384
2021-05-10,Nikkei 225,^N225,101.49543140168981,-1.0876878131594658,1.3445339968824508
2021-05-11,Nikkei 225,^N225,100.6925281673485,-0.7942188610372547,1.3353900396730556
2021-05-12,Nikkei 225,^N225,102.18341189268862,1.4697756310543042,1.3108824249021858
2021-05-13,Nikkei 225,^N225,100.75409486112605,-1.4086510564460752,1.3248712711191821
2021-05-14,Nikkei 225,^N225,100.09976458889362,-0.6515509224639615,1.340440461219674
2021-05-17,Nikkei 225,^N225,100.19508675560522,0.09518185142374236,1.3093883958597339
2021-05-18,Nikkei 225,^N225,100.1210972520234,-0.07387272008312351,1.2664903172916964
2021-05-19,Nikkei 225,^N225,101.41786897741616,1.2868872416147425,1.226700156530026
2021-05-20,Nikkei 225,^N225,99.34063718996094,-2.0694574396474152,1.2353102895506627
2021-05-21,Nikkei 225,^N225,98.1408561621817,-1.2150969382381582,1.3275093639856221
2021-05-24,Nikkei 225,^N225,97.55655937727978,-0.5971448519519029,1.3283342937760718
2021-05-25,Nikkei 225,^N225,97.01993591857229,-0.5515823670521947,1.2960828114413414
2021-05-26,Nikkei 225,^N225,97.83505300213108,0.836644566035627,1.264488151969683
2021-05-27,Nikkei 225,^N225,96.8974782770999,-0.9629433394164444,1.2427775880303802
2021-05-28,Nikkei 225,^N225,95.08804611732742,-1.885023096547478,1.234880778370237
2021-05-31,Nikkei 225,^N225,95.82133379331376,0.7682087517556724,1.306326982909647
2021-06-01,Nikkei 225,^N225,97.1720726433183,1.3998000560114576,1.278455018902704
2021-06-02,Nikkei 225,^N225,96.29635258604394,-0.9052909145697008,1.2903297640279867
2021-06-03,Nikkei 225,^N225,95.88251713365665,-0.430678037241794,1.275071781077754
2021-06-04,Nikkei 225,^N225,96.36032095781525,0.49708463810889114,1.24111520789394
2021-06-07,Nikkei 225,^N225,95.8598873235861,-0.5206890257138497,1.2085815980975791
2021-06-08,Nikkei 225,^N225,95.38160786997774,-0.5001848058928005,1.1822009458227043
2021-06-09,Nikkei 225,^N225,96.0315170670814,0.6790670125310427,1.157038992213292
2021-06-10,Nikkei 225,^N225,97.60955595357386,1.6298957616258214,1.1367750161563004
2021-06-11,Nikkei 225,^N225,96.52130815024051,-1.121160416954048,1.1849852873584157
2021-06-14,Nikkei 225,^N225,97.04577810571773,0.5419012592205341,1.192925997459285
2021-06-15,Nikkei 225,^N225,99.2427709352392,2.2386273580728755,1.1650863649451777
2021-06-16,Nikkei 225,^N225,98.94536937668977,-0.3001206644473342,1.277311474680709
2021-06-17,Nikkei 225,^N225,98.44431603275888,-0.5076804485177,1.2400004184262874
2021-06-18,Nikkei 225,^N225,98.77237685357673,0.33269102996005273,1.210893991883172
2021-06-21,Nikkei 225,^N225,98.11254724862144,-0.6702718131193386,1.1767274179306018
2021-06-22,Nikkei 225,^N225,98.64670165157281,0.5429536026078097,1.158823951968025
2021-06-23,Nikkei 225,^N225,97.03778098569107,-1.6444399686995403,1.1334896588429983
2021-06-24,Nikkei 225,^N225,96.3311988670636,-0.7308155258313853,1.193641554477799
2021-06-25,Nikkei 225,^N225,95.34766528848584,-1.0262396063097867,1.1772341217302016
2021-06-28,Nikkei 225,^N225,94.19510756843698,-1.2161602453680587,1.1793364293937265
2021-06-29,Nikkei 225,^N225,93.50907065133411,-0.7309799689782182,1.1949646909014295
2021-06-30,Nikkei 225,^N225,92.59333252241841,-0.9841307840832592,1.178458339458559
2021-07-01,Nikkei 225,^N225,92.34443675863658,-0.26916720691749774,1.177681584292909
2021-07-02,Nikkei 225,^N225,93.47424760663843,1.2160507697804412,1.146452659995719
2021-07-05,Nikkei 225,^N225,93.18999798657927,-0.3045573498762444,1.1579576561829001
2021-07-06,Nikkei 225,^N225,93.86664590105792,0.723471619920879,1.1288659840850293
2021-07-07,Nikkei 225,^N225,94.44058289034093,0.6095769877568102,1.1127082054352733
2021-07-08,Nikkei 225,^N225,94.52326835631902,0.08751459150504459,1.0931522614418654
2021-07-09,Nikkei 225,^N225,93.3252838539304,-1.2754963824145094,1.0644211315398049
2021-07-12,Nikkei 225,^N225,93.9370283658556,0.6533580418126128,1.097940175761118
2021-07-13,Nikkei 225,^N225,93.34824796017358,-0.6287545469991329,1.081259512864437
2021-07-14,Nikkei 225,^N225,93.71768437619662,0.39498041327510336,1.0692045402033106
2021-07-15,Nikkei 225,^N225,94.00289068365517,0.3038628310362945,1.0462731625133495
2021-07-16,Nikkei 225,^N225,95.64949769400067,1.7364910621267882,1.0230861007347327
2021-07-19,Nikkei 225,^N225,95.60190318945416,-0.049771667354203686,1.0986934125574903
2021-07-20,Nikkei 225,^N225,97.1242028914293,1.5797873917406058,1.0698705009027487
2021-07-21,Nikkei 225,^N225,95.08311233890075,-2.1239225763104663,1.1220183989074637
2021-07-22,Nikkei 225,^N225,96.73414854874989,1.721510334438392,1.2398880914522161
2021-07-23,Nikkei 225,^N225,95.72806070377548,-1.0455008422196599,1.2838217414357664
2021-07-26,Nikkei 225,^N225,95.5413557802336,-0.1952272206127148,1.277380562945088
2021-07-27,Nikkei 225,^N225,94.49422372033885,-1.102049059002752,1.238219041263693
2021-07-28,Nikkei 225,^N225,94.62974998219802,0.1433200481189445,1.2396599208258074
2021-07-29,Nikkei 225,^N225,95.76595657596162,1.193535402918311,1.2013994250651354
2021-07-30,Nikkei 225,^N225,96.27891355269904,0.5342066114822686,1.2058194121700734
2021-08-02,Nikkei 225,^N225,95.70348007837694,-0.599466635111856,1.1768229932474603
2021-08-03,Nikkei 225,^N225,96.27053230205982,0.5907610783575379,1.1558407988804174
2021-08-04,Nikkei 225,^N225,96.39225666191639,0.12636002697501425,1.132327476596398
2021-08-05,Nikkei 225,^N225,96.58233376209878,0.19699708778802005,1.1010692105357174
2021-08-06,Nikkei 225,^N225,95.48904944130543,-1.1384268808272147,1.0724862328083304
2021-08-09,Nikkei 225,^N225,97.1388917013721,1.7130252184460737,1.093541556104289
2021-08-10,Nikkei 225,^N225,98.02449907002578,0.9075610378136645,1.1560932471907701
2021-08-11,Nikkei 225,^N225,97.99524579257377,-0.029847276548267132,1.1468196282676966
2021-08-12,Nikkei 225,^N225,98.36525541116278,0.3768681117195527,1.1145979666658492
2021-08-13,Nikkei 225,^N225,98.41173582549375,0.047241717543666795,1.087961022243246
2021-08-16,Nikkei 225,^N225,99.15530569405892,0.752730185914352,1.0595392563265176
2021-08-17,Nikkei 225,^N225,99.36023581590084,0.20646262058798825,1.0504946921617786
2021-08-18,Nikkei 225,^N225,100.17327063357044,0.814940138914988,1.0255701033545772
2021-08-19,Nikkei 225,^N225,99.42181145563578,-0.7529872185687125,1.0227553108395628
2021-08-20,Nikkei 225,^N225,99.10838411347449,-0.3157480419140768,1.0223029508917438
2021-08-23,Nikkei 225,^N225,100.89169952069948,1.78336192472619,1.003399434384983
2021-08-24,Nikkei 225,^N225,102.71792837244718,1.7939012462189652,1.0875284947170885
2021-08-25,Nikkei 225,^N225,102.78162514258796,0.06199212707880264,1.1596863719253243
2021-08-26,Nikkei 225,^N225,103.13014230300057,0.33851148726560254,1.1264010357860508
2021-08-27,Nikkei 225,^N225,102.61002659069214,-0.5056055150642891,1.098136988643436
2021-08-30,Nikkei 225,^N225,102.05235464641802,-0.5449690569414578,1.0795375828549292
2021-08-31,Nikkei 225,^N225,103.76485878932584,1.664140365476019,1.0639563725523289
2021-09-01,Nikkei 225,^N225,102.22101408365467,-1.4990092212543438,1.125582976454439
2021-09-02,Nikkei 225,^N225,102.74751070943317,0.5137352520522498,1.1721789335827546
2021-09-03,Nikkei 225,^N225,101.60697059806392,-1.1162485371086106,1.1449752796741282
2021-09-06,Nikkei 225,^N225,101.37038199827634,-0.23311832961141477,1.1565993809607253
2021-09-07,Nikkei 225,^N225,99.80739117890086,-1.5538717259545365,1.1261221405498798
2021-09-08,Nikkei 225,^N225,101.20662106613243,1.3921939783930526,1.1780434273200202
2021-09-09,Nikkei 225,^N225,100.65897551170731,-0.5425856681495311,1.1999344678440822
2021-09-10,Nikkei 225,^N225,97.98332941828566,-2.6940967362487633,1.1749833414899775
2021-09-13,Nikkei 225,^N225,99.580322157678,1.6167220149382544,1.3613308459771554
2021-09-14,Nikkei 225,^N225,100.97240886460553,1.3882723589291324,1.381912539447182
2021-09-15,Nikkei 225,^N225,103.3818594940868,2.3582206624476854,1.3828187198042847
2021-09-16,Nikkei 225,^N225,100.35156997342185,-2.9749786490277152,1.4744076554370482
2021-09-17,Nikkei 225,^N225,101.31865051482771,0.9590785907620081,1.6404833980167808
2021-09-20,Nikkei 225,^N225,102.23598569561365,0.9013220313450532,1.5968383226872818
2021-09-21,Nikkei 225,^N225,103.62885277943639,1.3532066465149484,1.5538168698943629
2021-09-22,Nikkei 225,^N225,101.68667372573559,-1.8919533459502702,1.5371690147806905
2021-09-23,Nikkei 225,^N225,102.95863335972876,1.243103036938642,1.5710177867076542
2021-09-24,Nikkei 225,^N225,102.45878392646257,-0.4866680016032632,1.5464325754140706
2021-09-27,Nikkei 225,^N225,101.01170909576409,-1.4224167913901908,1.4962034004992213
2021-09-28,Nikkei 225,^N225,103.15448751410605,2.0991301549718955,1.4959623061105258
2021-09-29,Nikkei 225,^N225,103.47296517611639,0.3082629244672397,1.5447809269094557
2021-09-30,Nikkei 225,^N225,103.65385614243951,0.1746669129192746,1.4892292110405014
2021-10-01,Nikkei 225,^N225,104.10986647405069,0.4389708252500846,1.4357070363524367
2021-10-04,Nikkei 225,^N225,105.15351578151189,0.9974587518643219,1.388994497418331
2021-10-05,Nikkei 225,^N225,101.83738469929276,-3.2044064024389307,1.3654487433935687
2021-10-06,Nikkei 225,^N225,103.07676379427507,1.209671676953139,1.5862905408570576
2021-10-07,Nikkei 225,^N225,104.30511060474417,1.184636969021824,1.558652540841963
2021-10-08,Nikkei 225,^N225,105.48198400363817,1.1219810702600697,1.531792642176215
2021-10-11,Nikkei 225,^N225,107.58743165949338,1.9763664171153827,1.5036610056390223
2021-10-12,Nikkei 225,^N225,108.12419260365228,0.497666320792689,1.5399632987432887
2021-10-13,Nikkei 225,^N225,107.36769354631636,-0.7021166119951516,1.4880004811412624
2021-10-14,Nikkei 225,^N225,107.21457172739343,-0.14271621628880737,1.4485306464877623
2021-10-15,Nikkei 225,^N225,109.93755263990799,2.508033162246992,1.3980115429568956
2021-10-18,Nikkei 225,^N225,111.36122225847946,1.2866670952197623,1.5048415511307958
2021-10-19,Nikkei 225,^N225,112.5151153171218,1.0308398727080004,1.4881849445483497
2021-10-20,Nikkei 225,^N225,111.09563246390832,-1.2696186876756776,1.4587277054469117
2021-10-21,Nikkei 225,^N225,109.51419571666787,-1.4337202014892192,1.4512881290127104
2021-10-22,Nikkei 225,^N225,110.6534069451327,1.0348674206964503,1.4561385759129186
2021-10-25,Nikkei 225,^N225,113.73539149236314,2.747176683398589,1.4293115374049146
2021-10-26,Nikkei 225,^N225,115.29854138373781,1.3650153434020318,1.560509902885003
2021-10-27,Nikkei 225,^N225,116.94324805738641,1.4163981202907294,1.5440377195959496
2021-10-28,Nikkei 225,^N225,118.35681957181386,1.2015198588621878,1.532253160870576
2021-10-29,Nikkei 225,^N225,117.07105915267479,-1.0922862743683481,1.5083927387406524
2021-11-01,Nikkei 225,^N225,118.66232056927915,1.3500723472263054,1.4858729895591922
2021-11-02,Nikkei 225,^N225,118.37463539694441,-0.24273456635954815,1.4748102654570912
2021-11-03,Nikkei 225,^N225,117.65741047971116,-0.6077370740848131,1.4239508414143045
2021-11-04,Nikkei 225,^N225,116.73232470936628,-0.7893609957197789,1.3854279536921097
2021-11-05,Nikkei 225,^N225,113.96967288848705,-2.3951105026417174,1.3569201454624684
2021-11-08,Nikkei 225,^N225,116.64454886445974,2.3198880971810887,1.4686898276013374
2021-11-09,Nikkei 225,^N225,120.59440707933462,3.3301640743653493,1.5436911877282038
2021-11-10,Nikkei 225,^N225,119.55704928092219,-0.8639250131579068,1.7317713684034706
2021-11-11,Nikkei 225,^N225,118.39267847416477,-0.9786773966410145,1.6821202051988053
2021-11-12,Nikkei 225,^N225,118.59135416621413,0.16767014754623943,1.6407954508171747
2021-11-15,Nikkei 225,^N225,117.63963916372097,-0.8057538413241083,1.5783519284741652
2021-11-16,Nikkei 225,^N225,117.22883434296607,-0.34981726882863384,1.536753254668097
2021-11-17,Nikkei 225,^N225,115.96132429872515,-1.0871149405794256,1.483974014127726
2021-11-18,Nikkei 225,^N225,119.7527048884776,3.217209953654354,1.4631179684265294
2021-11-19,Nikkei 225,^N225,120.31908880382016,0.4718463235161785,1.6510593355525678
2021-11-22,Nikkei 225,^N225,120.76932214434308,0.373501042343527,1.591814322560735
2021-11-23,Nikkei 225,^N225,125.03656852881295,3.472394525917366,1.534381297010581
2021-11-24,Nikkei 225,^N225,128.18503422475501,2.486855720685721,1.7444110804245558
2021-11-25,Nikkei 225,^N225,129.9827838380584,1.3927209714981181,1.8010377819874317
2021-11-26,Nikkei 225,^N225,128.21278777775854,-1.3710721502286916,1.7670391189845829
2021-11-29,Nikkei 225,^N225,127.49693494260042,-0.5598963524821698,1.740174450609895
2021-11-30,Nikkei 225,^N225,128.4974860923147,0.7817016016329781,1.6798858208360141
2021-12-01,Nikkei 225,^N225,129.49725770420423,0.7750364226091655,1.6270045738890204
2021-12-02,Nikkei 225,^N225,130.64213136209878,0.8802058417238356,1.5773090553034188
2021-12-03,Nikkei 225,^N225,126.94943333107571,-2.8672918879982134,1.5347791772197368
2021-12-06,Nikkei 225,^N225,130.26922759253947,2.5814445987382584,1.6759933003094643
2021-12-07,Nikkei 225,^N225,128.63588834854417,-1.2617447955534544,1.7510170206875901
2021-12-08,Nikkei 225,^N225,130.10552739783134,1.136002792429469,1.719070686431005
2021-12-09,Nikkei 225,^N225,131.3786042011643,0.9737392893581998,1.6778340997430525
2021-12-10,Nikkei 225,^N225,133.20930328470752,1.3838336874015589,1.6322441199822164
2021-12-13,Nikkei 225,^N225,134.52181041739854,0.980474498560735,1.611003355548596
2021-12-14,Nikkei 225,^N225,134.21933081526387,-0.22510861454190234,1.570313714463317
2021-12-15,Nikkei 225,^N225,134.98732104844612,0.5705596880933861,1.513453218228492
2021-12-16,Nikkei 225,^N225,134.88292669857123,-0.07736633137858107,1.464904090168972
2021-12-17,Nikkei 225,^N225,138.0834033298652,2.345068199917222,1.4128516157194044
2021-12-20,Nikkei 225,^N225,135.80692947937965,-1.6623633636706714,1.4985165242756153
2021-12-21,Nikkei 225,^N225,136.34404719622572,0.3947209161512255,1.516644817558184
2021-12-22,Nikkei 225,^N225,135.16022622524613,-0.8720514474839014,1.4640850616068237
2021-12-23,Nikkei 225,^N225,133.72423708479417,-1.0681188307795075,1.433560213450283
2021-12-24,Nikkei 225,^N225,131.30215706069328,-1.8278537632271608,1.415710747647378
2021-12-27,Nikkei 225,^N225,130.42545637654342,-0.6699361611867793,1.4577430254084054
2021-12-28,Nikkei 225,^N225,129.99442373480318,-0.33102928636772333,1.4191436503497068
2021-12-29,Nikkei 225,^N225,132.5068466883549,1.9142762023000692,1.3733007920718527
2021-12-30,Nikkei 225,^N225,135.8008430642603,2.455510602591815,1.4192380976265921
2021-12-31,Nikkei 225,^N225,138.16506380138577,1.7259661648115099,1.516583017768746
2022-01-03,Nikkei 225,^N225,136.33349942953052,-1.33449992014949,1.5299367589048614
2022-01-04,Nikkei 225,^N225,134.8665187829211,-1.081854613666433,1.5205356464399988
2022-01-05,Nikkei 225,^N225,133.79833780774877,-0.7951814891357323,1.4964697177709076
2022-01-06,Nikkei 225,^N225,130.09533641254316,-2.806618595515964,1.4601546449106975
2022-01-07,Nikkei 225,^N225,130.31009972671427,0.1649453759854147,1.6064432557406574
2022-01-10,Nikkei 225,^N225,131.41506117982954,0.84437278729661,1.5459704529772957
2022-01-11,Nikkei 225,^N225,132.5708664429294,0.8756623195372626,1.5041760871507652
2022-01-12,Nikkei 225,^N225,134.7626465757646,1.6397713996048502,1.4665267031104123
2022-01-13,Nikkei 225,^N225,134.21973838335447,-0.4036761959239854,1.4780707669877764
2022-01-14,Nikkei 225,^N225,134.73533904919958,0.3834107185437752,1.4300929785481864
2022-01-17,Nikkei 225,^N225,134.16700281643253,-0.4227089099259729,1.3826694620425632
2022-01-18,Nikkei 225,^N225,134.32876112704867,0.12049227727910505,1.3412861442320108
2022-01-19,Nikkei 225,^N225,136.29302135940083,1.4516900376101205,1.2964804183090002
2022-01-20,Nikkei 225,^N225,136.07819864849776,-0.15774262452667998,1.310534064279559
2022-01-21,Nikkei 225,^N225,133.19715322204874,-2.1399324884030513,1.268748240552729
2022-01-24,Nikkei 225,^N225,132.69051965442276,-0.38108888260426355,1.3639846326362695
2022-01-25,Nikkei 225,^N225,135.1009789668641,1.8002994333699895,1.3227879549072923
2022-01-26,Nikkei 225,^N225,134.70534487754063,-0.29327286866625,1.3640240485662372
2022-01-27,Nikkei 225,^N225,134.34083877161797,-0.2709619025230481,1.3209401074537583
2022-01-28,Nikkei 225,^N225,132.9060181971791,-1.073789512218859,1.28020714550341
2022-01-31,Nikkei 225,^N225,132.24269702905903,-0.5003400083253062,1.2758926417395382
2022-02-01,Nikkei 225,^N225,134.07320039347525,1.3747074130618486,1.243997183298702
2022-02-02,Nikkei 225,^N225,133.48926888291132,-0.4364830682114018,1.2574712819516165
2022-02-03,Nikkei 225,^N225,129.49170970820677,-3.040423031675843,1.2248961538312395
2022-02-04,Nikkei 225,^N225,133.57248397765886,3.1027420246048543,1.4525754660628971
2022-02-07,Nikkei 225,^N225,130.94576349873103,-1.9861063261248368,1.6266264463883078
2022-02-08,Nikkei 225,^N225,128.95784981965582,-1.529761299328758,1.6589547333726604
2022-02-09,Nikkei 225,^N225,129.47500491272586,0.400224486874734,1.6514948199212096
2022-02-10,Nikkei 225,^N225,128.61564249640432,-0.6659409016511297,1.5909488214963818
2022-02-11,Nikkei 225,^N225,129.27545709300827,0.5117012858213421,1.5432739141418477
2022-02-14,Nikkei 225,^N225,126.97369618738557,-1.7965505722869146,1.491420596028509
2022-02-15,Nikkei 225,^N225,126.84297705387027,-0.10300280387678384,1.5218387204110269
2022-02-16,Nikkei 225,^N225,128.57047754214338,1.3527297013747663,1.466571075260351
2022-02-17,Nikkei 225,^N225,126.42141137540757,-1.6856356187170185,1.4573645096709105
2022-02-18,Nikkei 225,^N225,125.91060424480749,-0.4048696136353058,1.4818312311655617
2022-02-21,Nikkei 225,^N225,122.06591630281241,-3.1010968634559433,1.433644184270367
2022-02-22,Nikkei 225,^N225,121.95258332812541,-0.09288884490912253,1.6250655357343413
2022-02-23,Nikkei 225,^N225,120.84146518926,-0.9152826459809305,1.5636797546025945
2022-02-24,Nikkei 225,^N225,122.63331035033367,1.4719204550047493,1.527887656600376
2022-02-25,Nikkei 225,^N225,125.48301078252288,2.2971691127110283,1.5212431293602497
2022-02-28,Nikkei 225,^N225,127.45720909608002,1.561031617710551,1.5867892216920731
2022-03-01,Nikkei 225,^N225,131.85226385051624,3.390138921135666,1.5810322964669403
2022-03-02,Nikkei 225,^N225,126.72349247777623,-3.9674594270994845,1.7702900633051666
2022-03-03,Nikkei 225,^N225,128.70277664386614,1.5498200638926818,2.0184199040324042
2022-03-04,Nikkei 225,^N225,130.30830378359127,1.2397521379808651,1.9768308817497888
2022-03-07,Nikkei 225,^N225,130.4185059848343,0.08453461913147109,1.9225142838726301
2022-03-08,Nikkei 225,^N225,132.34074662454393,1.463145379796238,1.8439868587556218
2022-03-09,Nikkei 225,^N225,135.2645349332132,2.1852368828247926,1.8106853027273875
2022-03-10,Nikkei 225,^N225,136.48826024972846,0.9006226318732935,1.8319889167684045
2022-03-11,Nikkei 225,^N225,137.072092454584,0.4268404288123584,1.773468007137816
2022-03-14,Nikkei 225,^N225,140.9646256331621,2.800196714973602,1.7062373767806451
2022-03-15,Nikkei 225,^N225,144.64783377617462,2.57930788196008,1.8009801813866133
2022-03-16,Nikkei 225,^N225,141.79268900844156,-1.9936001392065528,1.8598992172658098
2022-03-17,Nikkei 225,^N225,141.8777520520333,0.05997314758863226,1.8686000681358457
2022-03-18,Nikkei 225,^N225,138.4678727235935,-2.432745294660421,1.7930185269591397
2022-03-21,Nikkei 225,^N225,142.54073080341695,2.898945624194127,1.8482255253230266
2022-03-22,Nikkei 225,^N225,140.2844922864472,-1.5955340594312695,1.9343217424559327
2022-03-23,Nikkei 225,^N225,140.80090649630284,0.3674433415045364,1.9078720790707588
2022-03-24,Nikkei 225,^N225,142.6657889244582,1.3157872608918098,1.8321462605478736
2022-03-25,Nikkei 225,^N225,144.06041984417698,0.9728039331107219,1.7916935743494695
2022-03-28,Nikkei 225,^N225,145.9960951512757,1.3347081984249165,1.738450376823757
2022-03-29,Nikkei 225,^N225,147.4073168336137,0.9619742017171085,1.7059967273490242
2022-03-30,Nikkei 225,^N225,149.8808314194624,1.6640903315672695,1.6580189705064432
2022-03-31,Nikkei 225,^N225,149.24500064737865,-0.42512659325888436,1.6531214931680787
2022-04-01,Nikkei 225,^N225,149.2615958867483,0.011118842651658412,1.5948393584392302
2022-04-04,Nikkei 225,^N225,150.50980203158514,0.8327768207821329,1.534758649437419
2022-04-05,Nikkei 225,^N225,153.34007823921942,1.8629976518159452,1.493282245185486
2022-04-06,Nikkei 225,^N225,152.3097556909636,-0.6741874763012135,1.5205907786073969
2022-04-07,Nikkei 225,^N225,153.0443914749234,0.4811706067637367,1.4778717891062516
2022-04-08,Nikkei 225,^N225,157.2296131760603,2.6979221567747125,1.4294102364367098
2022-04-11,Nikkei 225,^N225,159.57025555215358,1.4777057689473239,1.5543931650673832
2022-04-12,Nikkei 225,^N225,162.83012984317085,2.0223210265283065,1.5457850159026616
2022-04-13,Nikkei 225,^N225,167.3389170523881,2.7313690114523226,1.5814791607579393
2022-04-14,Nikkei 225,^N225,164.01769009883017,-2.004691084255228,1.6864990084021239
2022-04-15,Nikkei 225,^N225,169.86003565821093,3.5000489815591784,1.7139223840455267
2022-04-18,Nikkei 225,^N225,174.581244417268,2.741543906606392,1.8935686649587242
2022-04-19,Nikkei 225,^N225,175.11703186223357,0.30642865610488457,1.9574082521096008
2022-04-20,Nikkei 225,^N225,181.96889304671015,3.8381251236978997,1.8782343569911728
2022-04-21,Nikkei 225,^N225,186.09297351155288,2.2410651272010362,2.0736769308487584
2022-04-22,Nikkei 225,^N225,185.3792475987349,-0.3842692672638037,2.0736372322143586
2022-04-25,Nikkei 225,^N225,184.85024593673396,-0.2857697894104838,1.9903448762464084
2022-04-26,Nikkei 225,^N225,181.55547865447716,-1.7984741332375265,1.9102499511544464
2022-04-27,Nikkei 225,^N225,180.41984383096172,-0.6274673873837067,1.8994919155123027
2022-04-28,Nikkei 225,^N225,186.85298156300738,3.503551214905798,1.8314084315464023
2022-04-29,Nikkei 225,^N225,184.93534645484917,-1.0315827417106682,1.9912234730818026
2022-05-02,Nikkei 225,^N225,183.98189071455062,-0.5168952638201496,1.9312458897582425
2022-05-03,Nikkei 225,^N225,188.50534927618028,2.4289051872585787,1.8585595587988695
2022-05-04,Nikkei 225,^N225,188.57732626485048,0.038175707457810404,1.8963390809321128
2022-05-05,Nikkei 225,^N225,187.53132059971767,-0.5562267024166623,1.819228350460275
2022-05-06,Nikkei 225,^N225,190.5714303366581,1.6081212024281477,1.7540734823443571
2022-05-09,Nikkei 225,^N225,188.0314763919246,-1.3417710250949177,1.7369229625280025
2022-05-10,Nikkei 225,^N225,187.01894850798286,-0.539943579127744,1.7107021036564574
2022-05-11,Nikkei 225,^N225,189.140759120267,1.1281554474818378,1.6516847011870537
2022-05-12,Nikkei 225,^N225,189.491987967681,0.18552486590657224,1.6149210661357487
2022-05-13,Nikkei 225,^N225,187.04787183728894,-1.2982160552448718,1.5540788670410077
2022-05-16,Nikkei 225,^N225,184.66160790607154,-1.283957952878012,1.5402125383832743
2022-05-17,Nikkei 225,^N225,186.33814389493676,0.9037997427689071,1.5266154495581161
2022-05-18,Nikkei 225,^N225,183.1830548719677,-1.707704839946711,1.4885629796225575
2022-05-19,Nikkei 225,^N225,180.25389180381558,-1.6119585645149037,1.5115536598724193
2022-05-20,Nikkei 225,^N225,175.97133270245152,-2.404526767763837,1.5242427443314162
2022-05-23,Nikkei 225,^N225,179.74623069377859,2.1224927267622817,1.6116629556662807
2022-05-24,Nikkei 225,^N225,181.9422247159255,1.2143163397593248,1.6490477351524886
2022-05-25,Nikkei 225,^N225,185.8387366593601,2.1190100373167375,1.6168650798367643
2022-05-26,Nikkei 225,^N225,184.8095841589422,-0.5553270242608654,1.6533378200850244
2022-05-27,Nikkei 225,^N225,190.64347479966096,3.1079039452639456,1.5982713028591045
2022-05-30,Nikkei 225,^N225,195.25466073543808,2.3899599391576487,1.7467618592564156
2022-05-31,Nikkei 225,^N225,185.04682344055712,-5.369576630624184,1.7936637989525306
2022-06-01,Nikkei 225,^N225,182.37884928396724,-1.4522779689080778,2.262698978953013
2022-06-02,Nikkei 225,^N225,179.22997990849692,-1.7416327899107742,2.2037020373796095
2022-06-03,Nikkei 225,^N225,175.42780658230782,-2.1442185375071254,2.165019375447225
2022-06-06,Nikkei 225,^N225,171.239927097229,-2.41619442272496,2.156795317196979
2022-06-07,Nikkei 225,^N225,174.2136449145334,1.7216734824353708,2.1708257056034235
2022-06-08,Nikkei 225,^N225,178.03587316309887,2.1702674244325593,2.127587219931974
2022-06-09,Nikkei 225,^N225,180.27570042068396,1.2502283474575826,2.117287467670438
2022-06-10,Nikkei 225,^N225,179.41233158883873,-0.4800662869693717,2.054068130640669
2022-06-13,Nikkei 225,^N225,178.6185488740312,-0.443416508867589,1.9735797917488176
2022-06-14,Nikkei 225,^N225,183.0284099397909,2.43888662376337,1.896942126924802
2022-06-15,Nikkei 225,^N225,184.7431110122209,0.9324884607202932,1.931389449368084
2022-06-16,Nikkei 225,^N225,186.54986937842654,0.9732328498965437,1.867714587215626
2022-06-17,Nikkei 225,^N225,185.48295453948072,-0.5735610920495127,1.809546342476986
2022-06-20,Nikkei 225,^N225,182.53463572444483,-1.6023048743205592,1.7454186587830363
2022-06-21,Nikkei 225,^N225,183.56719051918003,0.5640821534391272,1.7353584416525254
2022-06-22,Nikkei 225,^N225,181.6800706609917,-1.0333474613291038,1.673020481747932
2022-06-23,Nikkei 225,^N225,178.13381575119524,-1.9712244993505657,1.6349303815976366
2022-06-24,Nikkei 225,^N225,179.21981741843888,0.6078040964172082,1.6650092821579348
2022-06-27,Nikkei 225,^N225,180.16045252811824,0.5234774061614544,1.6079744518802173
2022-06-28,Nikkei 225,^N225,184.0308978548929,2.12558098753437,1.5524091841222418
2022-06-29,Nikkei 225,^N225,185.42048011871245,0.7522444897331226,1.5969778574988274
2022-06-30,Nikkei 225,^N225,180.70401673149473,-2.576568545218727,1.5484701278201978
2022-07-01,Nikkei 225,^N225,178.7626685954856,-1.080137375685375,1.6519807721981976
2022-07-04,Nikkei 225,^N225,180.8713546510559,1.1726978456468196,1.617767548769269
2022-07-05,Nikkei 225,^N225,183.36725962575704,1.370499416178106,1.585760129664941
2022-07-06,Nikkei 225,^N225,183.21570720890728,-0.08268383378124966,1.567523936448431
2022-07-07,Nikkei 225,^N225,184.97997024680672,0.9583363676019196,1.5094212202631991
2022-07-08,Nikkei 225,^N225,188.11871078225488,1.682565360588839,1.4749734183131264
2022-07-11,Nikkei 225,^N225,188.95166974850164,0.4418062855907401,1.4890706347906253
2022-07-12,Nikkei 225,^N225,186.49234365525083,-1.3101081288112937,1.4390819467440947
2022-07-13,Nikkei 225,^N225,188.4056883699488,1.0207369278576017,1.4361697145389076
2022-07-14,Nikkei 225,^N225,190.55667559785664,1.135210528665631,1.4101583325979434
2022-07-15,Nikkei 225,^N225,191.2634289730144,0.3702027074364622,1.3923699581766458
2022-07-18,Nikkei 225,^N225,194.2724829334702,1.561003771346492,1.3470786582246124
2022-07-19,Nikkei 225,^N225,199.02378761557173,2.4162628529920127,1.3645919446355452
2022-07-20,Nikkei 225,^N225,202.39167625689856,1.6780458017389144,1.4657357661986665
2022-07-21,Nikkei 225,^N225,200.43150143515103,-0.9732261707301681,1.4804135463563797
2022-07-22,Nikkei 225,^N225,189.09944889793184,-5.819948832920652,1.4536535115462295
2022-07-25,Nikkei 225,^N225,191.58218492055406,1.3043819313952376,2.1193693610806115
2022-07-26,Nikkei 225,^N225,189.45919340283754,-1.1143217541867756,2.0583833941979144
2022-07-27,Nikkei 225,^N225,192.0375639221847,1.3517335229485283,1.9974696242675565
2022-07-28,Nikkei 225,^N225,197.35425822202984,2.7309380561791663,1.947019367178227
2022-07-29,Nikkei 225,^N225,191.9497992286971,-2.776650339154152,2.0033379851541695
2022-08-01,Nikkei 225,^N225,193.0748064092691,0.5843836293675686,2.0672789866931427
2022-08-02,Nikkei 225,^N225,192.5434427368427,-0.27559069619389476,1.9861423425693334
2022-08-03,Nikkei 225,^N225,195.69324920831318,1.6226573371162623,1.9061511745870856
2022-08-04,Nikkei 225,^N225,193.0242001552329,-1.3732807743262576,1.8774585586122954
2022-08-05,Nikkei 225,^N225,203.64641198249677,5.356964494057337,1.842139466056066
2022-08-08,Nikkei 225,^N225,201.28000016782357,-1.168824104435906,2.2784861256146085
2022-08-09,Nikkei 225,^N225,206.63954573028929,2.6278976076405947,2.2056166371407455
2022-08-10,Nikkei 225,^N225,199.31888666678785,-3.606996268195495,2.224210141054832
2022-08-11,Nikkei 225,^N225,195.58980731724057,-1.8886341327413625,2.3483781832846176
2022-08-12,Nikkei 225,^N225,201.40558189055966,2.9301048932187435,2.3074958238744987
2022-08-15,Nikkei 225,^N225,201.0305100313323,-0.18640076044666998,2.3419866519787798
2022-08-16,Nikkei 225,^N225,203.08841383117436,1.0184732597008583,2.241858288203985
2022-08-17,Nikkei 225,^N225,202.41359250068177,-0.33283285552965225,2.162081135114724
2022-08-18,Nikkei 225,^N225,206.9193554334493,2.2016038296179374,2.07316221284745
2022-08-19,Nikkei 225,^N225,203.3644263971897,-1.7329556562336812,2.0701371001857853
2022-08-22,Nikkei 225,^N225,201.65541093764315,-0.843921924341906,2.0414587560916155
2022-08-23,Nikkei 225,^N225,205.44081900801316,1.8597652825324218,1.9713399041939053
2022-08-24,Nikkei 225,^N225,209.3437849640366,1.8819797627793733,1.9526439245877043
2022-08-25,Nikkei 225,^N225,203.80745818491283,-2.680208899883496,1.9370715629309412
2022-08-26,Nikkei 225,^N225,213.37180705237705,4.586050125628649,1.999408811439353
2022-08-29,Nikkei 225,^N225,211.68621595839824,-0.7931152164981192,2.2765519283265654
2022-08-30,Nikkei 225,^N225,215.93674368199345,1.9880446651812989,2.1908821873338065
2022-08-31,Nikkei 225,^N225,210.0332227840716,-2.7719789531900574,2.1625114448452694
2022-09-01,Nikkei 225,^N225,213.9134939477562,1.8305977470067347,2.207447169154083
2022-09-02,Nikkei 225,^N225,211.01268451839275,-1.3653451538245598,2.1678470616288155
2022-09-05,Nikkei 225,^N225,217.14574341689965,2.8650508878108383,2.111099221729552
2022-09-06,Nikkei 225,^N225,220.42874694980523,1.5005742831958102,2.1612594028195438
2022-09-07,Nikkei 225,^N225,213.99952247314093,-2.960071599469849,2.10675685472138
2022-09-08,Nikkei 225,^N225,216.68377153475058,1.2465233065098502,2.176574216120481
2022-09-09,Nikkei 225,^N225,217.67473198341168,0.4562876793881898,2.1093410841729945
2022-09-12,Nikkei 225,^N225,214.24438416107387,-1.5884547926988013,2.0236542191984115
2022-09-13,Nikkei 225,^N225,221.25804956010472,3.221231990135287,1.9896732077842805
2022-09-14,Nikkei 225,^N225,218.1887854731775,-1.3968988972250962,2.0918941309409544
2022-09-15,Nikkei 225,^N225,216.63108139820486,-0.7164855414371729,2.042072961851321
2022-09-16,Nikkei 225,^N225,222.33487804670727,2.5988883927529294,1.9679795640538447
2022-09-19,Nikkei 225,^N225,234.29688138592044,5.240433011942347,2.0092541859929085
2022-09-20,Nikkei 225,^N225,244.54085727841283,4.279336530843381,2.3843769320371364
2022-09-21,Nikkei 225,^N225,252.46012714840228,3.1870923574851773,2.552528410626813
2022-09-22,Nikkei 225,^N225,257.0031109455722,1.7834865706139347,2.5841575305372135
2022-09-23,Nikkei 225,^N225,263.5034830143343,2.4978396496233124,2.514707346313876
2022-09-26,Nikkei 225,^N225,262.0915823931423,-0.537259236357368,2.494355717369286
2022-09-27,Nikkei 225,^N225,259.6660052631444,-0.9297783727052256,2.390635286169788
2022-09-28,Nikkei 225,^N225,262.85815122445257,1.2218327646193572,2.302370402043028
2022-09-29,Nikkei 225,^N225,265.9678214296898,1.176079167481081,2.2261630877608307
2022-09-30,Nikkei 225,^N225,273.01161819042767,2.6139022358356634,2.1529604267078284
2022-10-03,Nikkei 225,^N225,257.9131625710097,-5.6891402669511315,2.1757247080864346
2022-10-04,Nikkei 225,^N225,254.21490503876646,-1.444295696198683,2.5992487748714077
2022-10-05,Nikkei 225,^N225,260.40236319613695,2.4047993425204695,2.517518158628667
2022-10-06,Nikkei 225,^N225,264.256889094434,1.4693709230131802,2.490353474817625
2022-10-07,Nikkei 225,^N225,255.6097854881186,-3.3269688624486093,2.412383294950626
2022-10-10,Nikkei 225,^N225,260.78291261411476,2.003630263550704,2.482213146555004
2022-10-11,Nikkei 225,^N225,255.4798308683482,-2.054484211043306,2.4320925728504856
2022-10-12,Nikkei 225,^N225,252.95794773370508,-0.9920206256859743,2.39509757400235
2022-10-13,Nikkei 225,^N225,249.90605147667972,-1.2138207280406377,2.3085697413980486
2022-10-14,Nikkei 225,^N225,249.24852031728216,-0.26345808568359885,2.235627879886121
2022-10-17,Nikkei 225,^N225,254.4861142526504,2.07958013249252,2.1418844314819325
2022-10-18,Nikkei 225,^N225,243.8029140299328,-4.288610409022642,2.123826724633404
2022-10-19,Nikkei 225,^N225,248.9640184679748,2.094821235976596,2.349220007453033
2022-10-20,Nikkei 225,^N225,252.10936645508943,1.2554605354426762,2.315022045472911
2022-10-21,Nikkei 225,^N225,253.9929856910464,0.7443664014918028,2.2393355384370888
2022-10-24,Nikkei 225,^N225,265.5516570622964,4.450273571538421,2.1519546161494976
2022-10-25,Nikkei 225,^N225,262.20247150937286,-1.2692389631427048,2.380711372496599
2022-10-26,Nikkei 225,^N225,254.03584981351287,-3.1641599274434995,2.305471807250977
2022-10-27,Nikkei 225,^N225,254.63717023278738,0.2364272039920401,2.371802495148695
2022-10-28,Nikkei 225,^N225,258.15304416849256,1.3712933405771288,2.2697594532338763
2022-10-31,Nikkei 225,^N225,261.3434854320535,1.2282974741435027,2.2018104939142344
2022-11-01,Nikkei 225,^N225,263.00946570421365,0.6354444556576411,2.132208114688125
2022-11-02,Nikkei 225,^N225,277.2879290313685,5.286639851409891,2.048448300876052
2022-11-03,Nikkei 225,^N225,278.6918442497729,0.5050249198903956,2.4217268615335494
2022-11-04,Nikkei 225,^N225,279.35560965921684,0.23788863037381702,2.3197847507058316
2022-11-07,Nikkei 225,^N225,279.6897142147811,0.11952683658131846,2.2204982743334227
2022-11-08,Nikkei 225,^N225,284.6665704002066,1.7637741764403359,2.1259628100403254
2022-11-09,Nikkei 225,^N225,288.60119381783676,1.3727215966329531,2.088619747514741
2022-11-10,Nikkei 225,^N225,280.96783279519235,-2.680559417152395,2.0328700857349307
2022-11-11,Nikkei 225,^N225,282.90255502649427,0.686232107763729,2.083877072806708
2022-11-14,Nikkei 225,^N225,271.1288030423947,-4.250851387480736,2.003988679366781
2022-11-15,Nikkei 225,^N225,272.1221319027721,0.365698392218583,2.246437096249367
2022-11-16,Nikkei 225,^N225,270.23753926926435,-0.6949632573178377,2.1521433441790836
2022-11-17,Nikkei 225,^N225,269.812451342656,-0.15742543164085632,2.0710065622145524
2022-11-18,Nikkei 225,^N225,268.3203696410011,-0.5545417291554777,1.985176175667298
2022-11-21,Nikkei 225,^N225,266.4726317531476,-0.6910132464250651,1.9102220228938616
2022-11-22,Nikkei 225,^N225,265.9214714931817,-0.20704979769892162,1.8432910498682769
2022-11-23,Nikkei 225,^N225,266.6905604870582,0.2887991567015469,1.77047381902683
2022-11-24,Nikkei 225,^N225,273.9579034774602,2.688542082884826,1.7015839596803992
2022-11-25,Nikkei 225,^N225,271.21500015267816,-1.0062592806961312,1.7846639667113073
2022-11-28,Nikkei 225,^N225,277.118823051237,2.1534513458267845,1.73743933429195
2022-11-29,Nikkei 225,^N225,274.5728334741129,-0.9229821119473236,1.7637195556712517
2022-11-30,Nikkei 225,^N225,277.4706851696811,1.0498731405154338,1.7143320224600709
2022-12-01,Nikkei 225,^N225,268.07603196381723,-3.4444646945353874,1.6694907630968334
2022-12-02,Nikkei 225,^N225,267.61840279292187,-0.17085459639929468,1.8632279294545049
2022-12-05,Nikkei 225,^N225,260.89286452549396,-2.5452253361593513,1.7889383080487742
2022-12-06,Nikkei 225,^N225,257.78308105044334,-1.1991382154150187,1.855955044967787
2022-12-07,Nikkei 225,^N225,259.5944198315367,0.7002029189859371,1.8128927192904563
2022-12-08,Nikkei 225,^N225,256.66965620294707,-1.1330615687149326,1.749292232797617
2022-12-09,Nikkei 225,^N225,262.5704986523299,2.2729738613059602,1.7106121878502365
2022-12-12,Nikkei 225,^N225,265.7699899995376,1.2111623194994259,1.7506506821442192
2022-12-13,Nikkei 225,^N225,260.5468026563071,-1.9848725700627234,1.710803540040785
2022-12-14,Nikkei 225,^N225,256.82239200462675,-1.439774546903294,1.7339087482957998
2022-12-15,Nikkei 225,^N225,250.4238042037356,-2.5230064875146674,1.7139785933735183
2022-12-16,Nikkei 225,^N225,244.93622825309598,-2.215681560082494,1.7883270954515311
2022-12-19,Nikkei 225,^N225,241.29155981273857,-1.49918897817658,1.8234941241016585
2022-12-20,Nikkei 225,^N225,242.76541523500458,0.6089613631734103,1.7999624975226314
2022-12-21,Nikkei 225,^N225,243.39617766626435,0.2594868843603493,1.7348140419469584
2022-12-22,Nikkei 225,^N225,239.83065588286348,-1.4757402710994683,1.6676655417789454
2022-12-23,Nikkei 225,^N225,245.17439398096425,2.2036695693066655,1.6557186254129608
2022-12-26,Nikkei 225,^N225,249.3407834328933,1.685079944461343,1.6955863023589595
2022-12-27,Nikkei 225,^N225,246.28356927304154,-1.233697625622554,1.6887934697582199
2022-12-28,Nikkei 225,^N225,242.68839080567898,-1.4705314609644304,1.6600708467211158
2022-12-29,Nikkei 225,^N225,246.15721353776473,1.4192133157333586,1.6484325446079011
2022-12-30,Nikkei 225,^N225,239.75177500050293,-2.6366293946280983,1.62803304635217
2023-01-02,Nikkei 225,^N225,238.63749179663358,-0.4658487538669931,1.7267163316239378
2023-01-03,Nikkei 225,^N225,240.48900024115846,0.7728721711916187,1.664920361294981
2023-01-04,Nikkei 225,^N225,240.14780853499937,-0.1419748788442199,1.612706953439015
2023-01-05,Nikkei 225,^N225,236.7552357322277,-1.42277558214996,1.5524249460387898
2023-01-06,Nikkei 225,^N225,235.76471926140513,-0.4192491390943687,1.5470485420715907
2023-01-09,Nikkei 225,^N225,234.48130962649265,-0.5458473831404298,1.4951193348839362
2023-01-10,Nikkei 225,^N225,234.19706652816856,-0.12129560382367899,1.4498456670304187
2023-01-11,Nikkei 225,^N225,238.54999055538636,1.8415966784039561,1.3990427612461882
2023-01-12,Nikkei 225,^N225,235.77724116485368,-1.1691426461872823,1.4350761027576577
2023-01-13,Nikkei 225,^N225,233.53057049493825,-0.9574474478659667,1.4231970127014673
2023-01-16,Nikkei 225,^N225,232.956014206485,-0.2463335915034115,1.40005468182556
2023-01-17,Nikkei 225,^N225,228.44708158843935,-1.954506242431986,1.353870851554059
2023-01-18,Nikkei 225,^N225,230.80439728831053,1.0265993737673895,1.416264514445307
2023-01-19,Nikkei 225,^N225,229.2550161896628,-0.673559506001542,1.3920892931738311
2023-01-20,Nikkei 225,^N225,231.57480282477758,1.0067951918624196,1.3582112581621033
2023-01-23,Nikkei 225,^N225,230.6542163444091,-0.3983253579427526,1.3375690295472087
2023-01-24,Nikkei 225,^N225,233.14775635801558,1.075270993113353,1.298532127844058
2023-01-25,Nikkei 225,^N225,225.96930946614634,-3.127320881003115,1.2865902347538778
2023-01-26,Nikkei 225,^N225,229.52554151602965,1.5615124088518506,1.5133983245483735
2023-01-27,Nikkei 225,^N225,235.23821169254694,2.4584352190763603,1.5144339818345571
2023-01-30,Nikkei 225,^N225,239.64043002982442,1.8540924189061947,1.5981950167315386
2023-01-31,Nikkei 225,^N225,235.8021943515954,-1.6146297650393215,1.613646355108089
2023-02-01,Nikkei 225,^N225,238.66783061405914,1.2079461108813305,1.6165413639210366
2023-02-02,Nikkei 225,^N225,237.929065212094,-0.3100171235390192,1.5864856870767683
2023-02-03,Nikkei 225,^N225,233.59982422962648,-1.8363085407681723,1.5299579773372265
2023-02-06,Nikkei 225,^N225,227.51726411991254,-2.638337675895741,1.5596242578315525
2023-02-07,Nikkei 225,^N225,227.51340504239792,-0.0016961834778506102,1.668694260355674
2023-02-08,Nikkei 225,^N225,227.62722319232265,0.050014498920347705,1.604390365903352
2023-02-09,Nikkei 225,^N225,221.20684253669077,-2.8611102027671365,1.5437211430456494
2023-02-10,Nikkei 225,^N225,221.8363299616745,0.2841654663253479,1.6826367921939516
2023-02-13,Nikkei 225,^N225,225.40875473395778,1.5975584186468161,1.6187234535874058
2023-02-14,Nikkei 225,^N225,229.50564316280557,1.8012176413344072,1.6126547885405695
2023-02-15,Nikkei 225,^N225,236.09605969634643,2.83111366789619,1.622391773398111
2023-02-16,Nikkei 225,^N225,244.99536951284756,3.700055559661486,1.7329358794509506
2023-02-17,Nikkei 225,^N225,251.46956806671082,2.608267007711529,1.93627514086958
2023-02-20,Nikkei 225,^N225,256.14823780817346,1.8434350335024163,1.9820198653512515
2023-02-21,Nikkei 225,^N225,264.631733499575,3.2582843740656564,1.961320448194006
2023-02-22,Nikkei 225,^N225,267.4238601170953,1.0495716172173708,2.0716674010581007
2023-02-23,Nikkei 225,^N225,270.7879775451304,1.2501253242328758,2.003391613345006
2023-02-24,Nikkei 225,^N225,275.9486958645175,1.887881990376794,1.9477464307298602
2023-02-27,Nikkei 225,^N225,278.4375181895244,0.8978719102635146,1.933007559567145
2023-02-28,Nikkei 225,^N225,289.40368498744044,3.8628864321845313,1.8680557070288608
2023-03-01,Nikkei 225,^N225,297.94156445675526,2.9074827535668035,2.068664124228745
2023-03-02,Nikkei 225,^N225,291.4920426260173,-2.1884667455780438,2.127887383437342
2023-03-03,Nikkei 225,^N225,286.545494549275,-1.7115389607363696,2.126415371075693
2023-03-06,Nikkei 225,^N225,284.1937530917812,-0.824108304155935,2.0919101785065637
2023-03-07,Nikkei 225,^N225,284.3378670305799,0.050696895927870855,2.018082323771028
2023-03-08,Nikkei 225,^N225,286.535672879512,0.7699837367838747,1.9343201481152863
2023-03-09,Nikkei 225,^N225,296.67559290328,3.477622097126165,1.8653481719628715
2023-03-10,Nikkei 225,^N225,302.2585032367746,1.8643360179873447,2.016339578253674
2023-03-13,Nikkei 225,^N225,306.8484407343399,1.5071325074803354,1.9941678549855473
2023-03-14,Nikkei 225,^N225,311.3923976740603,1.4699898425661218,1.9520204756302082
2023-03-15,Nikkei 225,^N225,310.9282030998951,-0.14918183961052378,1.9109603767112373
2023-03-16,Nikkei 225,^N225,306.23080634957546,-1.5222940577033661,1.8338338961849596
2023-03-17,Nikkei 225,^N225,309.14680707507046,0.9477181123835443,1.8109208374556283
2023-03-20,Nikkei 225,^N225,308.239525267608,-0.29391076965961105,1.7554639167995485
2023-03-21,Nikkei 225,^N225,310.62879281797086,0.7721446877640759,1.6887495706456959
2023-03-22,Nikkei 225,^N225,311.05981640085145,0.13866223236220776,1.6349900482036572
2023-03-23,Nikkei 225,^N225,312.7422553968238,0.5394156741433953,1.5727411635981925
2023-03-24,Nikkei 225,^N225,315.62513151964504,0.9175830604856827,1.5197065347858412
2023-03-27,Nikkei 225,^N225,317.24736702383876,0.5126590461371983,1.48272746084621
2023-03-28,Nikkei 225,^N225,312.9605497739144,-1.3604663651228144,1.4346815433094053
2023-03-29,Nikkei 225,^N225,317.756135077165,1.5207074222216121,1.4357398505861514
2023-03-30,Nikkei 225,^N225,315.379676627988,-0.7506982121784134,1.4411680058623224
2023-03-31,Nikkei 225,^N225,306.69204462018547,-2.793310348872513,1.4069159609404684
2023-04-03,Nikkei 225,^N225,299.22788165828604,-2.4638703028061926,1.5610014111277826
2023-04-04,Nikkei 225,^N225,290.5436635666694,-2.9451559245252668,1.6498139145153399
2023-04-05,Nikkei 225,^N225,288.4146594383297,-0.7354635525005371,1.781799229431433
2023-04-06,Nikkei 225,^N225,288.6254348161913,0.07305398336594493,1.7242019531650712
2023-04-07,Nikkei 225,^N225,288.3312478724066,-0.10197887574827647,1.6566967022499313
2023-04-10,Nikkei 225,^N225,287.49578770199673,-0.29017767663948035,1.5935476311192358
2023-04-11,Nikkei 225,^N225,279.8682247087918,-2.6889342308728637,1.5362655489237091
2023-04-12,Nikkei 225,^N225,277.8974726281383,-0.7066624180030345,1.655028340911181
2023-04-13,Nikkei 225,^N225,275.9158369518112,-0.715636153646404,1.6045714412248147
2023-04-14,Nikkei 225,^N225,274.8006321395917,-0.40500199255690816,1.557740036645955
2023-04-17,Nikkei 225,^N225,271.1856458722022,-1.3242234242313522,1.5048285781847988
2023-04-18,Nikkei 225,^N225,273.1171299165295,0.7097124018124568,1.4969551198722824
2023-04-19,Nikkei 225,^N225,266.80309274942715,-2.338984449514836,1.4536061186917768
2023-04-20,Nikkei 225,^N225,269.085007653993,0.8516437275054578,1.5438573723184104
2023-04-21,Nikkei 225,^N225,269.0778822443613,-0.002648049416187348,1.5024906778379767
2023-04-24,Nikkei 225,^N225,267.4055355008352,-0.6234497116110127,1.447852301990722
2023-04-25,Nikkei 225,^N225,274.01472527789224,2.4415481180735554,1.4082501378256178
2023-04-26,Nikkei 225,^N225,280.20093265442534,2.23251155943629,1.5056384492987265
2023-04-27,Nikkei 225,^N225,276.4342427018091,-1.353398999645794,1.5665486458201419
2023-04-28,Nikkei 225,^N225,281.57601939686964,1.842948983385817,1.5552053291916983
2023-05-01,Nikkei 225,^N225,280.4106789053325,-0.4147223289541202,1.5741733108957665
2023-05-02,Nikkei 225,^N225,277.7930620380834,-0.9378783632921106,1.5204674520699013
2023-05-03,Nikkei 225,^N225,277.08073507814925,-0.25675292470230815,1.4889122193594078
2023-05-04,Nikkei 225,^N225,274.9016374009306,-0.7895574591812782,1.4374072220413339
2023-05-05,Nikkei 225,^N225,270.11088691783715,-1.758078452894285,1.405087565178221
2023-05-08,Nikkei 225,^N225,274.5163074016111,1.6178099865496343,1.4418711864965952
2023-05-09,Nikkei 225,^N225,273.2296498101626,-0.46980171776027646,1.4541668202827724
2023-05-10,Nikkei 225,^N225,276.99449136365695,1.368496955223275,1.4093767015289245
2023-05-11,Nikkei 225,^N225,279.79421412365474,1.0056764187253542,1.4063531028983487
2023-05-12,Nikkei 225,^N225,280.7166841532933,0.32915358660350336,1.381877544868509
2023-05-15,Nikkei 225,^N225,281.7761448382572,0.37670238026565883,1.3365728211106576
2023-05-16,Nikkei 225,^N225,287.4553009477637,1.9954430113882538,1.2949495404075269
2023-05-17,Nikkei 225,^N225,285.62201155486264,-0.6398074419501576,1.3591896336978446
2023-05-18,Nikkei 225,^N225,287.2565689998208,0.5706486282015533,1.3263427979755498
2023-05-19,Nikkei 225,^N225,292.08832302224926,1.6680447587066993,1.2900618313321066
2023-05-22,Nikkei 225,^N225,294.60690185940643,0.8585699019125315,1.3230157440092956
2023-05-23,Nikkei 225,^N225,293.8671399422705,-0.25141714137273397,1.297824234359248
2023-05-24,Nikkei 225,^N225,291.09601438294004,-0.9474601156300722,1.258237735513332
2023-05-25,Nikkei 225,^N225,290.8576400196031,-0.08192211694701967,1.2480787777394795
2023-05-26,Nikkei 225,^N225,289.23589254348906,-0.5591345568095818,1.2095346422653648
2023-05-29,Nikkei 225,^N225,284.56981560978636,-1.626397131146451,1.1844884059416643
2023-05-30,Nikkei 225,^N225,287.6680405393995,1.0828557287763552,1.235914955214462
2023-05-31,Nikkei 225,^N225,287.8609029883528,0.06702094076809217,1.2298751284462486
2023-06-01,Nikkei 225,^N225,293.2605785389086,1.858417260120504,1.1919875291407973
2023-06-02,Nikkei 225,^N225,298.38709937390723,1.7330074401961326,1.2560024790220778
2023-06-05,Nikkei 225,^N225,296.41010905874685,-0.6647635757425441,1.2990333335202169
2023-06-06,Nikkei 225,^N225,291.8920726489557,-1.5359879248246777,1.2715313292548296
2023-06-07,Nikkei 225,^N225,290.3355402888907,-0.5346830118431178,1.3037093852047004
2023-06-08,Nikkei 225,^N225,293.41902343931594,1.0564411895366277,1.270997733932236
2023-06-09,Nikkei 225,^N225,296.818791121498,1.1520120187906713,1.2603056909041528
2023-06-12,Nikkei 225,^N225,302.60817980251187,1.931701102920691,1.2564302339724278
2023-06-13,Nikkei 225,^N225,298.73451385885835,-1.288356727579476,1.319246804010948
2023-06-14,Nikkei 225,^N225,289.7718445262617,-3.046139512353374,1.3261336318066654
2023-06-15,Nikkei 225,^N225,292.31618902146874,0.8742185212581077,1.5318909066777864
2023-06-16,Nikkei 225,^N225,291.76685995691145,-0.18809969831705686,1.4922483634669097
2023-06-19,Nikkei 225,^N225,286.8712510479844,-1.6921546065238324,1.439588697002432
2023-06-20,Nikkei 225,^N225,293.8231086896739,2.394440265131781,1.4665618071884716
2023-06-21,Nikkei 225,^N225,294.67129887997845,0.28825788884789816,1.5500163945505965
2023-06-22,Nikkei 225,^N225,286.90871104623255,-2.6696408843724484,1.4939084939607645
2023-06-23,Nikkei 225,^N225,286.4534756804842,-0.15879507646188173,1.6171097104549015
2023-06-26,Nikkei 225,^N225,286.4978885471751,0.015503189119669969,1.5567298291784566
2023-06-27,Nikkei 225,^N225,285.1064398228731,-0.48685827020911177,1.4988601454865162
2023-06-28,Nikkei 225,^N225,285.22176504313137,0.04044170386325874,1.4516571053287037
2023-06-29,Nikkei 225,^N225,288.7225757637938,1.2199280969429793,1.3999813442801066
2023-06-30,Nikkei 225,^N225,286.40585416490165,-0.8056406218226009,1.3880859780339725
2023-07-03,Nikkei 225,^N225,285.2912643756375,-0.38992367297527863,1.3601242990377365
2023-07-04,Nikkei 225,^N225,286.0214670231939,0.2556228856943399,1.3193933472721442
2023-07-05,Nikkei 225,^N225,284.20528332559917,-0.6370061866994625,1.2770272794091049
2023-07-06,Nikkei 225,^N225,282.3243655994377,-0.6640163108170505,1.2500197837958942
2023-07-07,Nikkei 225,^N225,281.745025888794,-0.20541441287074136,1.2261537847247994
2023-07-10,Nikkei 225,^N225,287.85208040531967,2.1444240068738907,1.1905036241086457
2023-07-11,Nikkei 225,^N225,280.73177675499534,-2.504705613175773,1.2869375690203826
2023-07-12,Nikkei 225,^N225,279.63028602963476,-0.39313587310605413,1.4246044471562698
2023-07-13,Nikkei 225,^N225,282.49558067702145,1.0194583216236452,1.379776610301919
2023-07-14,Nikkei 225,^N225,288.81444677587245,2.2121522386732373,1.3580895158142947
2023-07-17,Nikkei 225,^N225,292.99086605732623,1.4357005435669201,1.4368509161942438
2023-07-18,Nikkei 225,^N225,289.0199255131807,-1.364580251724412,1.4359833428769624
2023-07-19,Nikkei 225,^N225,295.1761340778637,2.1076610690223596,1.4372156220662917
2023-07-20,Nikkei 225,^N225,298.2182684841559,1.0253420138136349,1.4942252023543365
2023-07-21,Nikkei 225,^N225,302.5297730385603,1.4354032919125181,1.4640451966979624
2023-07-24,Nikkei 225,^N225,300.3636953783125,-0.7185637575700454,1.4606512671280312
2023-07-25,Nikkei 225,^N225,302.1194075145355,0.58282700302561,1.423716465988338
2023-07-26,Nikkei 225,^N225,308.24704646192345,2.007923201634121,1.381287589119731
2023-07-27,Nikkei 225,^N225,299.6149866409631,-2.8403287808412614,1.435421186697191
2023-07-28,Nikkei 225,^N225,305.0736658581381,1.805500228999879,1.5905790083417672
2023-07-31,Nikkei 225,^N225,305.4445154986045,0.12148686063824243,1.6028574799225261
2023-08-01,Nikkei 225,^N225,301.2229297712337,-1.3917522367788315,1.542399504486556
2023-08-02,Nikkei 225,^N225,308.39004987940507,2.35147563965441,1.5357743833208708
2023-08-03,Nikkei 225,^N225,307.87694296567037,-0.16652101711081002,1.6050818565103
2023-08-04,Nikkei 225,^N225,312.93195623989294,1.628560739010254,1.5454820387527979
2023-08-07,Nikkei 225,^N225,315.30317734532576,0.7548869011224646,1.548442549612369
2023-08-08,Nikkei 225,^N225,315.0142651036648,-0.09167198698207812,1.5032091052991234
2023-08-09,Nikkei 225,^N225,313.5814475488128,-0.45587967193769785,1.4489645581338408
2023-08-10,Nikkei 225,^N225,312.7385360267603,-0.26916338391140826,1.4041385013529748
2023-08-11,Nikkei 225,^N225,310.81730857997275,-0.6162185930548958,1.3580784692231789
2023-08-14,Nikkei 225,^N225,315.3094357600303,1.4349185041156787,1.3244257126424122
2023-08-15,Nikkei 225,^N225,309.2560433741038,-1.9384939279805558,1.334341690941585
2023-08-16,Nikkei 225,^N225,308.610174892217,-0.20906425955606878,1.3976857759651966
2023-08-17,Nikkei 225,^N225,314.99193456467503,2.046812342086124,1.3510891695540874
2023-08-18,Nikkei 225,^N225,306.7983485266849,-2.6356347361310206,1.4131217334982098
2023-08-21,Nikkei 225,^N225,302.1472555968451,-1.5276186729898278,1.5455312667619572
2023-08-22,Nikkei 225,^N225,307.48233699105725,1.7503145067269799,1.548369168434999
2023-08-23,Nikkei 225,^N225,310.7912852732651,1.07039335217598,1.5604657428488116
2023-08-24,Nikkei 225,^N225,313.8050478413211,0.965034790423136,1.5275653051872202
2023-08-25,Nikkei 225,^N225,310.76973787452664,-0.9719681076501452,1.4921111123923398
2023-08-28,Nikkei 225,^N225,316.62867241905417,1.8677461626720238,1.4643910818375636
2023-08-29,Nikkei 225,^N225,309.201287912495,-2.3737224883311647,1.4953250608938606
2023-08-30,Nikkei 225,^N225,304.83806507512105,-1.4211780578182953,1.5834397844084542
2023-08-31,Nikkei 225,^N225,299.1682618259915,-1.8774537743025732,1.57517690255287
2023-09-01,Nikkei 225,^N225,297.73279987686794,-0.4809724118407743,1.6035025257543898
2023-09-04,Nikkei 225,^N225,295.747778677822,-0.6689447550703775,1.5495623103981129
2023-09-05,Nikkei 225,^N225,295.7812597520084,0.011320179415363896,1.5047205265454822
2023-09-06,Nikkei 225,^N225,300.86804648939807,1.7051591060435634,1.4499180185693346
2023-09-07,Nikkei 225,^N225,297.5107636406967,-1.122138023841579,1.4684498986974297
2023-09-08,Nikkei 225,^N225,300.1969982296323,0.8988515278243625,1.4508941151644292
2023-09-11,Nikkei 225,^N225,296.56045649612105,-1.2187821768580243,1.4180316727934896
2023-09-12,Nikkei 225,^N225,295.47335411464906,-0.36724375661734143,1.4108365354525798
2023-09-13,Nikkei 225,^N225,295.21697780296904,-0.08680566243448595,1.3662948870998046
2023-09-14,Nikkei 225,^N225,298.70266278982757,1.1738035823135817,1.320319715486877
2023-09-15,Nikkei 225,^N225,304.5085612199952,1.9250562641385471,1.3124683083828024
2023-09-18,Nikkei 225,^N225,302.9002890748173,-0.5295530029715501,1.3671438042985424
2023-09-19,Nikkei 225,^N225,309.47972341149426,2.1488903570717532,1.3298819373329285
2023-09-20,Nikkei 225,^N225,310.2028347147749,0.23338130854622108,1.4057152352301174
2023-09-21,Nikkei 225,^N225,305.93087397898285,-1.3867214642981018,1.3577233993994977
2023-09-22,Nikkei 225,^N225,305.65993483290066,-0.08860145048057433,1.368216792993724
2023-09-25,Nikkei 225,^N225,309.8188498954974,1.3514611602948534,1.3221363761568836
2023-09-26,Nikkei 225,^N225,315.09142802479147,1.687507290832091,1.3260957962917106
2023-09-27,Nikkei 225,^N225,321.5391788790297,2.025655460859621,1.3566419661754416
2023-09-28,Nikkei 225,^N225,324.54174857446924,0.9294783933633255,1.4157608880655028
2023-09-29,Nikkei 225,^N225,322.3437991972445,-0.6795507622744168,1.386865424366852
2023-10-02,Nikkei 225,^N225,318.52142315885794,-1.1928939913794068,1.3535937113769017
2023-10-03,Nikkei 225,^N225,321.2901125916866,0.8654757097831478,1.3504768422010989
2023-10-04,Nikkei 225,^N225,320.556844185893,-0.22848709246376941,1.32352767323861
2023-10-05,Nikkei 225,^N225,311.10166055541447,-2.9939880009030695,1.2819002696189832
2023-10-06,Nikkei 225,^N225,314.53518978589454,1.0976219512728314,1.4895066271396018
2023-10-09,Nikkei 225,^N225,312.0669123702146,-0.7878333551565753,1.4633493989725068
2023-10-10,Nikkei 225,^N225,318.9143728921185,2.1705015676434236,1.4290827263572228
2023-10-11,Nikkei 225,^N225,322.3586325150544,1.0742048125260695,1.493597568538583
2023-10-12,Nikkei 225,^N225,322.0201665020399,-0.10505188707572444,1.4659111729951244
2023-10-13,Nikkei 225,^N225,317.4739924888904,-1.4218270914782671,1.4140005247704184
2023-10-16,Nikkei 225,^N225,320.01158596903485,0.7961299734737359,1.4215866565944248
2023-10-17,Nikkei 225,^N225,317.4813553895345,-0.7938107865674837,1.386534372430047
2023-10-18,Nikkei 225,^N225,323.0511905323663,1.7391701859720499,1.358146389984583
2023-10-19,Nikkei 225,^N225,313.5543008797427,-2.98382416636942,1.389630814302877
2023-10-20,Nikkei 225,^N225,312.40705585668263,-0.36655499425641835,1.5732150430345373
2023-10-23,Nikkei 225,^N225,306.8503683491763,-1.7946774424005163,1.5185441911256816
2023-10-24,Nikkei 225,^N225,310.8277716872238,1.287874073916484,1.5457996199481268
2023-10-25,Nikkei 225,^N225,308.989454453583,-0.5931821661085301,1.52583856976175
2023-10-26,Nikkei 225,^N225,311.84819671372054,0.9209372078187172,1.4800266359337255
2023-10-27,Nikkei 225,^N225,318.2800353898815,2.0415089288731814,1.4460306647863654
2023-10-30,Nikkei 225,^N225,319.26786017020567,0.30988277984702606,1.4953605117029924
2023-10-31,Nikkei 225,^N225,316.42366815558194,-0.8948399865813528,1.4427969926766497
2023-11-01,Nikkei 225,^N225,322.64849529436884,1.9481443153171796,1.4149613810904955
2023-11-02,Nikkei 225,^N225,327.36382098316983,1.4508674022743584,1.4590703959033238
2023-11-03,Nikkei 225,^N225,328.74155856493945,0.4199750984367867,1.45721647340578
2023-11-06,Nikkei 225,^N225,333.6849902483062,1.492549917508157,1.4087784639055971
2023-11-07,Nikkei 225,^N225,340.6693278071615,2.0714888663659003,1.4147170676217182
2023-11-08,Nikkei 225,^N225,341.9397302095159,0.3722200443125878,1.470958756020557
2023-11-09,Nikkei 225,^N225,331.51832993320625,-3.095139206174302,1.420812850142655
2023-11-10,Nikkei 225,^N225,337.70992814678846,1.8504224255360135,1.6139654111461919
2023-11-13,Nikkei 225,^N225,340.089900416425,0.7022669379955992,1.6275154596760832
2023-11-14,Nikkei 225,^N225,333.1016304954361,-2.076235554833783,1.5754548067614227
2023-11-15,Nikkei 225,^N225,332.22420301038665,-0.2637588831040816,1.622065631445946
2023-11-16,Nikkei 225,^N225,329.96327106420557,-0.6828702808554965,1.5626828909563082
2023-11-17,Nikkei 225,^N225,334.26521728460574,1.295339314045485,1.5174595907179613
2023-11-20,Nikkei 225,^N225,319.3317714108431,-4.5704143508248585,1.5002814422063029
2023-11-21,Nikkei 225,^N225,316.20179326574447,-0.9850002031557281,1.9119064681893319
2023-11-22,Nikkei 225,^N225,326.29677750618504,3.142673162691789,1.8552180008621364
2023-11-23,Nikkei 225,^N225,322.5987729352825,-1.1397965676901656,1.9675580383440796
2023-11-24,Nikkei 225,^N225,321.86675937797463,-0.22716928537107606,1.9138445352579034
2023-11-27,Nikkei 225,^N225,325.6073541280441,1.1554551103898802,1.8372990220290493
2023-11-28,Nikkei 225,^N225,321.9409428365027,-1.1324098878486843,1.7886918460302406
2023-11-29,Nikkei 225,^N225,317.70189305805934,-1.3254621491335605,1.7471254685013125
2023-11-30,Nikkei 225,^N225,309.16876119995317,-2.722621933056679,1.7191324906226202
2023-12-01,Nikkei 225,^N225,304.82941892359526,-1.4134942628215796,1.8144962290228523
2023-12-04,Nikkei 225,^N225,309.9550588507482,1.667497758756209,1.786410289028441
2023-12-05,Nikkei 225,^N225,303.8740667306452,-1.981395411686826,1.7704572328981547
2023-12-06,Nikkei 225,^N225,310.33657231360803,2.1044064251521277,1.7870821522119331
2023-12-07,Nikkei 225,^N225,316.6530759249333,2.0149351218408995,1.803985481918971
2023-12-08,Nikkei 225,^N225,322.5388076920404,1.8416686051410558,1.8119092239421515
2023-12-11,Nikkei 225,^N225,314.1628982045471,-2.6311827447863756,1.8058926085948697
2023-12-12,Nikkei 225,^N225,318.0605427924704,1.2330115321654844,1.8796479706094569
2023-12-13,Nikkei 225,^N225,317.1995077984334,-0.2710812746725466,1.8317024946865532
2023-12-14,Nikkei 225,^N225,322.31475859638687,1.599764120823366,1.7603073460854877
2023-12-15,Nikkei 225,^N225,320.7232465024805,-0.4949988432842112,1.7420840363941292
2023-12-18,Nikkei 225,^N225,328.79281233573835,2.484921182277322,1.6800450028884937
2023-12-19,Nikkei 225,^N225,322.2625482677654,-2.0061222046042104,1.7444852896881116
2023-12-20,Nikkei 225,^N225,317.85567610668517,-1.3769149565717953,1.7658754397092173
2023-12-21,Nikkei 225,^N225,313.90400018794173,-1.2510223761362127,1.739453998439638
2023-12-22,Nikkei 225,^N225,308.5737727792301,-1.7126258713428655,1.7077944964480973
2023-12-25,Nikkei 225,^N225,301.1335901596509,-2.4406961145949424,1.709184220766331
2023-12-26,Nikkei 225,^N225,297.0832893942527,-1.354145225896719,1.7755772701675387
2023-12-27,Nikkei 225,^N225,301.08784735149953,1.338953867572279,1.7470321115905807
2023-12-28,Nikkei 225,^N225,294.6129252507332,-2.173969686917765,1.714159295917008
2023-12-29,Nikkei 225,^N225,296.56094670145933,0.6590374148284006,1.753826625449234
2024-01-01,Nikkei 225,^N225,299.86887704388596,1.1092551476356682,1.6927015962176148
2024-01-02,Nikkei 225,^N225,301.84947336455684,0.6583157958336194,1.6520779500670795
2024-01-03,Nikkei 225,^N225,305.529836924545,1.2118979168399768,1.5971908404278112
2024-01-04,Nikkei 225,^N225,308.9454241429337,1.111720068501043,1.5688321692340332
2024-01-05,Nikkei 225,^N225,304.4446203300184,-1.4675440629716263,1.5373684617552856
2024-01-08,Nikkei 225,^N225,307.0548396797985,0.8537162741356852,1.5365549776723515
2024-01-09,Nikkei 225,^N225,301.03716738768014,-1.979262569424911,1.4957708455614587
2024-01-10,Nikkei 225,^N225,299.3255394498654,-0.5701994996676341,1.5426265454556216
2024-01-11,Nikkei 225,^N225,300.61210243252555,0.4288995605838508,1.4950080728262027
2024-01-12,Nikkei 225,^N225,294.33816299863656,-2.109141679822013,1.4443990216933953
2024-01-15,Nikkei 225,^N225,293.2704277578482,-0.36341756493580846,1.5108469627005703
2024-01-16,Nikkei 225,^N225,292.97333299404966,-0.10135537778728221,1.459937227742154
2024-01-17,Nikkei 225,^N225,298.770928651755,1.9595563653615145,1.4083569978448736
2024-01-18,Nikkei 225,^N225,299.96384009755104,0.39847795268501685,1.454362436013449
2024-01-19,Nikkei 225,^N225,294.0661670776967,-1.9857134279038569,1.4056991418760663
2024-01-22,Nikkei 225,^N225,288.95529621152514,-1.753280834593074,1.4644813720739622
2024-01-23,Nikkei 225,^N225,288.1786071806774,-0.26915400227540687,1.4940638514601783
2024-01-24,Nikkei 225,^N225,285.2579620856758,-1.0186550725059362,1.4424420345590008
2024-01-25,Nikkei 225,^N225,289.8725964377934,1.6047602811193329,1.421078336364053
2024-01-26,Nikkei 225,^N225,285.6950459871584,-1.4516534647313506,1.434450206947962
2024-01-29,Nikkei 225,^N225,279.6805734220424,-2.127682643033779,1.442295570748075
2024-01-30,Nikkei 225,^N225,270.7839724777285,-3.2326789285722413,1.5109764584768075
2024-01-31,Nikkei 225,^N225,272.86198701634015,0.7644771832409525,1.7056799861977736
2024-02-01,Nikkei 225,^N225,277.0786751558795,1.53353664023399,1.650600482028073
2024-02-02,Nikkei 225,^N225,285.81520459900895,3.1043972524043006,1.63734456431822
2024-02-05,Nikkei 225,^N225,290.2700920588311,1.5466377251239116,1.7788238837724437
2024-02-06,Nikkei 225,^N225,291.71336179233884,0.4959840980569119,1.7556745259297701
2024-02-07,Nikkei 225,^N225,295.3937944529109,1.2537680159222298,1.6907084234072665
2024-02-08,Nikkei 225,^N225,293.0623035137222,-0.7924136217245525,1.6574792827108284
2024-02-09,Nikkei 225,^N225,287.1595243984801,-2.0347330908877304,1.6099879269783308
2024-02-12,Nikkei 225,^N225,282.2990384381927,-1.7070966398503806,1.6486370994541297
2024-02-13,Nikkei 225,^N225,279.1380571004213,-1.1260441332455962,1.6552596830999087
2024-02-14,Nikkei 225,^N225,277.93741767740096,-0.4310515671304138,1.6231956275441375
2024-02-15,Nikkei 225,^N225,277.6572232719426,-0.10086289843753704,1.5668584025745198
2024-02-16,Nikkei 225,^N225,278.37754444354374,0.2590922785325134,1.508919652079467
2024-02-19,Nikkei 225,^N225,283.06324650005047,1.6692092659120306,1.454937134973202
2024-02-20,Nikkei 225,^N225,284.81794456230233,0.617982660538452,1.4700095914680118
2024-02-21,Nikkei 225,^N225,288.8930168274589,1.4206250444114943,1.4255643981255108
2024-02-22,Nikkei 225,^N225,288.0353332334686,-0.2973278140184554,1.4246800129851775
2024-02-23,Nikkei 225,^N225,281.17884538771926,-2.4092230116003144,1.3778350393378385
2024-02-26,Nikkei 225,^N225,292.0795553367874,3.8035287610891366,1.4879434859192968
2024-02-27,Nikkei 225,^N225,289.48354838471397,-0.8927747232455374,1.7578418557933417
2024-02-28,Nikkei 225,^N225,290.4025374229631,0.31695528832056397,1.7076088085717498
2024-02-29,Nikkei 225,^N225,290.23334704852823,-0.05827761726351355,1.6426260614467745
2024-03-01,Nikkei 225,^N225,293.99886508527595,1.2890662654854168,1.5800245295523925
2024-03-04,Nikkei 225,^N225,292.1495453816458,-0.6310094190630444,1.5573637362595905
2024-03-05,Nikkei 225,^N225,291.2041633770604,-0.324119935477718,1.5107163915019521
2024-03-06,Nikkei 225,^N225,293.03068630717127,0.6252721425248353,1.4590378118475054
2024-03-07,Nikkei 225,^N225,286.19804059714863,-2.359331412931187,1.415525417130754
2024-03-08,Nikkei 225,^N225,284.6275945275662,-0.5502380885533675,1.5138057307935575
2024-03-11,Nikkei 225,^N225,286.2974319702306,0.5849602405504584,1.4674495126145253
2024-03-12,Nikkei 225,^N225,286.2732225997964,-0.00845637835453772,1.422232093986182
2024-03-13,Nikkei 225,^N225,284.83424303618256,-0.5039270874040547,1.37241725181193
2024-03-14,Nikkei 225,^N225,281.7569350567471,-1.0862640852089989,1.3339991395549091
2024-03-15,Nikkei 225,^N225,274.1444224082705,-2.738971023119774,1.3256880064530563
2024-03-18,Nikkei 225,^N225,276.675894745157,0.9191709460159458,1.4876378436933093
2024-03-19,Nikkei 225,^N225,270.55685742300966,-2.2364496067532436,1.4530160140347521
2024-03-20,Nikkei 225,^N225,271.1348401288516,0.21339921870486833,1.5319235526441115
2024-03-21,Nikkei 225,^N225,269.8122736462038,-0.48898278010085505,1.4761452859322046
2024-03-22,Nikkei 225,^N225,267.81099747154286,-0.7444935983635048,1.4304597984738578
2024-03-25,Nikkei 225,^N225,272.6248203329198,1.7815067093422066,1.3967143980334893
2024-03-26,Nikkei 225,^N225,279.1775142710178,2.3751265871259974,1.4275904789996152
2024-03-27,Nikkei 225,^N225,274.4006084951217,-1.7258717969315995,1.5144930874522964
2024-03-28,Nikkei 225,^N225,274.91214144883116,0.18624475824564612,1.536259272232541
2024-03-29,Nikkei 225,^N225,275.47180680140207,0.20337277177153723,1.4800224184010302
2024-04-01,Nikkei 225,^N225,274.30070850273245,-0.4260307808690911,1.427255822318038
2024-04-02,Nikkei 225,^N225,277.51562052590083,1.1652240897110033,1.3830596082541378
2024-04-03,Nikkei 225,^N225,272.4886157195872,-1.8280385730901294,1.3692774631454545
2024-04-04,Nikkei 225,^N225,270.7031800690553,-0.6573891926670683,1.416981389142025
2024-04-05,Nikkei 225,^N225,268.2024885758008,-0.9280694517461718,1.3807352486893534
2024-04-08,Nikkei 225,^N225,271.17169031654964,1.1009914268530707,1.3593914659671855
2024-04-09,Nikkei 225,^N225,272.62132185753234,0.5331568969877409,1.3438274149444844
2024-04-10,Nikkei 225,^N225,271.0082095600307,-0.593461884874813,1.3053049987743732
2024-04-11,Nikkei 225,^N225,271.176849539485,0.062207536730252144,1.2745588438015873
2024-04-12,Nikkei 225,^N225,270.1224684741611,-0.38957462673590015,1.2338036712098042
2024-04-15,Nikkei 225,^N225,267.5943100271509,-0.940337805000091,1.201555531221612
2024-04-16,Nikkei 225,^N225,264.3161468075536,-1.2326152579820615,1.1959381243595668
2024-04-17,Nikkei 225,^N225,264.26472554278286,-0.019456347220536685,1.2111000407668735
2024-04-18,Nikkei 225,^N225,265.2002360054211,0.3533799227946943,1.1745708957046734
2024-04-19,Nikkei 225,^N225,269.93813536737764,1.770765624933901,1.1432535870501934
2024-04-22,Nikkei 225,^N225,271.5120321111932,0.581365108480103,1.2048588323717138
2024-04-23,Nikkei 225,^N225,276.68146685140067,1.886044977505108,1.17742409202887
2024-04-24,Nikkei 225,^N225,273.0595052821899,-1.3177165835361215,1.2464532867067284
2024-04-25,Nikkei 225,^N225,275.86675877150805,1.0228251577705905,1.2629907063842465
2024-04-26,Nikkei 225,^N225,274.1363927560439,-0.6292224761701881,1.2510380970180492
2024-04-29,Nikkei 225,^N225,272.18932525440823,-0.7127893420133979,1.2256462034643059
2024-04-30,Nikkei 225,^N225,278.54070930986205,2.3066349253662466,1.205832470016411
2024-05-01,Nikkei 225,^N225,278.52185836013757,-0.0067679829253819435,1.3195732630584946
2024-05-02,Nikkei 225,^N225,280.4765430876205,0.699355378959865,1.276069191761074
2024-05-03,Nikkei 225,^N225,276.1898324723979,-1.540166800489473,1.2476796543863713
2024-05-06,Nikkei 225,^N225,276.41382029502904,0.08106636059173056,1.2830277035099258
2024-05-07,Nikkei 225,^N225,277.59490356646006,0.4263777842774097,1.2417598753048948
2024-05-08,Nikkei 225,^N225,281.5303814995258,1.4077499376509373,1.2074135184686448
2024-05-09,Nikkei 225,^N225,275.08768591298207,-2.3150464222590372,1.22736961309976
2024-05-10,Nikkei 225,^N225,269.56253963431817,-2.0289483267526442,1.3510394318055174
2024-05-13,Nikkei 225,^N225,265.82144271665334,-1.3975606042103017,1.4216718270356845
2024-05-14,Nikkei 225,^N225,264.5693916922232,-0.4721248064283756,1.4266865997154057
2024-05-15,Nikkei 225,^N225,259.90289412417053,-1.7795490218531107,1.3837460183463623
2024-05-16,Nikkei 225,^N225,264.0175018042983,1.57073185470189,1.425048753349264
2024-05-17,Nikkei 225,^N225,257.2173135826881,-2.609408992398965,1.4353449972796435
2024-05-20,Nikkei 225,^N225,258.58605145845115,0.5307220469084939,1.5606966259221486
2024-05-21,Nikkei 225,^N225,253.5828542041267,-1.9537915535004835,1.5082028243146124
2024-05-22,Nikkei 225,^N225,251.73829659658412,-0.7300568350487424,1.5511348664494564
2024-05-23,Nikkei 225,^N225,252.0483553538566,0.12309131066521317,1.5084161083029324
2024-05-24,Nikkei 225,^N225,253.62197150708369,0.6223901816626132,1.4534937353135677
2024-05-27,Nikkei 225,^N225,248.88445165943298,-1.8856118045172288,1.4102593595085418
2024-05-28,Nikkei 225,^N225,247.4249961908185,-0.5881248812421802,1.4584919561093477
2024-05-29,Nikkei 225,^N225,248.01549704126518,0.23837418948451372,1.4169702675691611
2024-05-30,Nikkei 225,^N225,251.54338351357347,1.4124241441174412,1.3683381179536263
2024-05-31,Nikkei 225,^N225,250.8271348637398,-0.28514775805748016,1.3722712488277236
2024-06-03,Nikkei 225,^N225,251.2067633896573,0.1512362410573509,1.328509105031877
2024-06-04,Nikkei 225,^N225,253.5736209093037,0.9377840102859913,1.2846502847288208
2024-06-05,Nikkei 225,^N225,253.86655950924185,0.11545740514211644,1.2662986085059083
2024-06-06,Nikkei 225,^N225,255.81291199048616,0.7637592060983245,1.2261936528997424
2024-06-07,Nikkei 225,^N225,261.7071146059048,2.2779630511331916,1.2041630207426812
2024-06-10,Nikkei 225,^N225,255.92242726291138,-2.235161522414497,1.3146085319729932
2024-06-11,Nikkei 225,^N225,253.9912564650961,-0.7574536995650583,1.4138958570309834
2024-06-12,Nikkei 225,^N225,252.07707839905774,-0.7564935653596727,1.3818910405401235
2024-06-13,Nikkei 225,^N225,250.78411834820508,-0.5142424623434394,1.352181165165192
2024-06-14,Nikkei 225,^N225,253.6072553742187,1.1194348890371408,1.3154532247036714
2024-06-17,Nikkei 225,^N225,254.1111026402222,0.19847516775710616,1.3046830710143573
2024-06-18,Nikkei 225,^N225,254.69454596017692,0.22933848210353602,1.262663477426223
2024-06-19,Nikkei 225,^N225,253.5958544789648,-0.4323092434539433,1.2236284933753332
2024-06-20,Nikkei 225,^N225,251.63449151727457,-0.7764271605785744,1.1932958929024389
2024-06-21,Nikkei 225,^N225,254.9759869603136,1.3191767809286326,1.1791972258691947
2024-06-24,Nikkei 225,^N225,251.99920447476987,-1.174344128089455,1.1951242752941704
2024-06-25,Nikkei 225,^N225,254.7189144261013,1.0734710154444826,1.2059391124251557
2024-06-26,Nikkei 225,^N225,250.70196341373037,-1.5895803955065624,1.2020075014156533
2024-06-27,Nikkei 225,^N225,252.46141088108277,0.6993571982595981,1.2475721035302294
2024-06-28,Nikkei 225,^N225,249.52478113809335,-1.1700175384142142,1.2212739550317937
2024-07-01,Nikkei 225,^N225,247.44794021844362,-0.8358016126217116,1.229144350771409
2024-07-02,Nikkei 225,^N225,249.62354475829218,0.875374467568335,1.2151883038243183
2024-07-03,Nikkei 225,^N225,257.42672797612266,3.0781166054690168,1.1992726281525155
2024-07-04,Nikkei 225,^N225,256.24060631167066,-0.46182565775119144,1.4233742469328152
2024-07-05,Nikkei 225,^N225,255.55655305089488,-0.26731436687308374,1.380367548188282
2024-07-08,Nikkei 225,^N225,247.98732291355668,-3.0066100241632476,1.3357721210918214
2024-07-09,Nikkei 225,^N225,256.40409159665785,3.337705521006651,1.533660483273387
2024-07-10,Nikkei 225,^N225,263.991421506474,2.9161925540236666,1.7247266030658617
2024-07-11,Nikkei 225,^N225,267.440433385206,1.2980254280910763,1.8299772873783773
2024-07-12,Nikkei 225,^N225,272.6725874929259,1.9374899614996721,1.7887677508678543
2024-07-15,Nikkei 225,^N225,272.23937015231184,-0.15900456057504897,1.7920850631170857
2024-07-16,Nikkei 225,^N225,275.010684412589,1.0128232706387408,1.7216805322761315
2024-07-17,Nikkei 225,^N225,280.91063966675415,2.1226661133765923,1.674740163092205
2024-07-18,Nikkei 225,^N225,280.86511436968294,-0.01620764044858447,1.7050902760025257
2024-07-19,Nikkei 225,^N225,275.184110221492,-2.0434168679044795,1.6387521267183693
2024-07-22,Nikkei 225,^N225,275.01053747266485,-0.06309503566166441,1.6749261893916898
2024-07-23,Nikkei 225,^N225,277.7089762532074,0.9764302337633701,1.6104959443768905
2024-07-24,Nikkei 225,^N225,279.50667201200736,0.6452446199266326,1.5696663374868114
2024-07-25,Nikkei 225,^N225,285.7168278921995,2.197504451811394,1.5195958271112455
2024-07-26,Nikkei 225,^N225,291.35796201976666,1.9551413169708098,1.575193574681396
2024-07-29,Nikkei 225,^N225,294.2736443039844,0.9957476146579936,1.6016165458456808
2024-07-30,Nikkei 225,^N225,291.0891992878992,-1.0880350421868634,1.562257872914966
2024-07-31,Nikkei 225,^N225,290.23752984142465,-0.29300908185634356,1.5352684822806935
2024-08-01,Nikkei 225,^N225,287.96118695249623,-0.7873952617806879,1.4815370479886256
2024-08-02,Nikkei 225,^N225,284.112191967841,-1.3456501235044271,1.4459523016245126
2024-08-05,Nikkei 225,^N225,286.8788862950131,0.9690925428028407,1.4448989696024723
2024-08-06,Nikkei 225,^N225,295.2007193273358,2.8595401748149563,1.4156926796050167
2024-08-07,Nikkei 225,^N225,294.944682646349,-0.08677071657086088,1.563792669794325
2024-08-08,Nikkei 225,^N225,302.2483719740022,2.4461280821379106,1.5059353426683306
2024-08-09,Nikkei 225,^N225,311.45711902590125,3.0012565998889684,1.5895347352334166
2024-08-12,Nikkei 225,^N225,313.1460185196508,0.5407925475577002,1.7259571442648087
2024-08-13,Nikkei 225,^N225,309.0511751345218,-1.3162716092084636,1.6636648851824845
2024-08-14,Nikkei 225,^N225,311.6370734606664,0.833240614218056,1.641800672998733
2024-08-15,Nikkei 225,^N225,315.9062051085539,1.3606065601324602,1.5931695948351805
2024-08-16,Nikkei 225,^N225,317.40612672923686,0.4736760520026806,1.57371365074239
2024-08-19,Nikkei 225,^N225,318.29188740284826,0.2786735925384143,1.519169785546356
2024-08-20,Nikkei 225,^N225,323.8626669683571,1.735071185750936,1.4647896984017905
2024-08-21,Nikkei 225,^N225,325.3521917337933,0.4588703906308389,1.4842400787408907
2024-08-22,Nikkei 225,^N225,314.7199119050139,-3.322518773457883,1.4349004445340734
2024-08-23,Nikkei 225,^N225,315.06957260313135,0.11104051199524179,1.6583192146384722
2024-08-26,Nikkei 225,^N225,316.61740983079306,0.4900656079661836,1.594634541952833
2024-08-27,Nikkei 225,^N225,321.3962455480347,1.4980635754707983,1.5391572298188894
2024-08-28,Nikkei 225,^N225,325.18704154116347,1.1725757540721027,1.5333028998107596
2024-08-29,Nikkei 225,^N225,333.705911195712,2.5859570481742367,1.507759140809833
2024-08-30,Nikkei 225,^N225,336.33160774253963,0.7837501373270328,1.606917594205148
2024-09-02,Nikkei 225,^N225,332.1875609586035,-1.239784903246477,1.5588291424576073
2024-09-03,Nikkei 225,^N225,335.2898228909249,0.9295548719722824,1.5408954271379078
2024-09-04,Nikkei 225,^N225,338.3564800390197,0.910471361349785,1.5029319735544253
2024-09-05,Nikkei 225,^N225,340.9666517286837,0.7684662608081538,1.466838377937344
2024-09-06,Nikkei 225,^N225,341.43750668049137,0.13799887375496311,1.4275834756366648
2024-09-09,Nikkei 225,^N225,343.6274187812307,0.6393319753049909,1.3775624368330193
2024-09-10,Nikkei 225,^N225,336.6540991361584,-2.0501994302866144,1.3399261163370555
2024-09-11,Nikkei 225,^N225,334.53129134169376,-0.6325569366889106,1.4144088098187475
2024-09-12,Nikkei 225,^N225,328.25689381347684,-1.8933907126029936,1.3774239281731082
2024-09-13,Nikkei 225,^N225,329.8950706511764,0.4978121495381238,1.4305355328062235
2024-09-16,Nikkei 225,^N225,324.73007673106605,-1.5780332063533464,1.3854536676985336
2024-09-17,Nikkei 225,^N225,322.9961391525309,-0.535393404775153,1.408532754465005
2024-09-18,Nikkei 225,^N225,317.35623226925264,-1.7615466030916238,1.3686596640772042
2024-09-19,Nikkei 225,^N225,316.43473672835336,-0.29078867806804354,1.4100763166675843
2024-09-20,Nikkei 225,^N225,314.76311321371844,-0.5296682879645687,1.3640275433959783
2024-09-23,Nikkei 225,^N225,311.2334039603509,-1.1277208623826418,1.3269816203818805
2024-09-24,Nikkei 225,^N225,311.0373545725535,-0.06301096157761421,1.3219506553863218
2024-09-25,Nikkei 225,^N225,316.9879446618845,1.8950727564131853,1.278570758416874
2024-09-26,Nikkei 225,^N225,313.79383041564006,-1.0127564471398287,1.334646131223402
2024-09-27,Nikkei 225,^N225,312.55718075591057,-0.3948748368105548,1.321803068630314
2024-09-30,Nikkei 225,^N225,309.83374838245425,-0.875157277602856,1.2837254837117582
2024-10-01,Nikkei 225,^N225,312.1445333164545,0.7430470271658329,1.2673764885754581
2024-10-02,Nikkei 225,^N225,310.1726630644373,-0.6337208300548625,1.2413560236127577
2024-10-03,Nikkei 225,^N225,318.4940267761926,2.6474600549539318,1.2168738524210674
2024-10-04,Nikkei 225,^N225,317.9002437373465,-0.1866085974270959,1.3736309591297182
2024-10-07,Nikkei 225,^N225,318.3719066297957,0.14825825036401952,1.328229671105477
2024-10-08,Nikkei 225,^N225,313.2929798426804,-1.6081426564889867,1.2843713067641398
2024-10-09,Nikkei 225,^N225,304.94994639722256,-2.699113759913807,1.3215789848023796
2024-10-10,Nikkei 225,^N225,300.5550425464393,-1.4516745893434546,1.4788577093474071
2024-10-11,Nikkei 225,^N225,299.7080432024057,-0.282209559869262,1.4823973219613082
2024-10-14,Nikkei 225,^N225,298.02387464205447,-0.5635211929921446,1.431706220188216
2024-10-15,Nikkei 225,^N225,303.7364476273289,1.8986777249861753,1.3911748031647027
2024-10-16,Nikkei 225,^N225,304.5225562657327,0.25847840181416615,1.4334513214295799
2024-10-17,Nikkei 225,^N225,300.8184093629361,-1.2238369270270333,1.3840239496382283
2024-10-18,Nikkei 225,^N225,301.2649661619947,0.14833722341283107,1.3802235596055095
2024-10-21,Nikkei 225,^N225,296.4131623508092,-1.6235863949288998,1.3331434711789716
2024-10-22,Nikkei 225,^N225,297.3475590818067,0.3147387385582512,1.3660429413620694
2024-10-23,Nikkei 225,^N225,297.25202811632096,-0.032132873404044915,1.3215165584095558
2024-10-24,Nikkei 225,^N225,291.35914586339567,-2.0023674054561624,1.2779915785053737
2024-10-25,Nikkei 225,^N225,288.66574890248853,-0.9287243856689109,1.3560987280127879
2024-10-28,Nikkei 225,^N225,289.66272789955553,0.3447798352232745,1.3367554565410196
2024-10-29,Nikkei 225,^N225,290.22702541885496,0.19462240682486254,1.2945580516374928
2024-10-30,Nikkei 225,^N225,296.93790213137856,2.285957022079721,1.2531474390096489
2024-10-31,Nikkei 225,^N225,300.6268112834025,1.2346632692093351,1.3564409846652299
2024-11-01,Nikkei 225,^N225,306.3020472876643,1.8702031845073464,1.3492700140262377
2024-11-04,Nikkei 225,^N225,310.9234514210688,1.4975047226744032,1.393921091100399
2024-11-05,Nikkei 225,^N225,323.62702815057685,4.0044960056685674,1.4016868424917763
2024-11-06,Nikkei 225,^N225,323.46337859357186,-0.05058012258825073,1.7255903837138535
2024-11-07,Nikkei 225,^N225,321.4707895607296,-0.6179220985468525,1.6582168739208447
2024-11-08,Nikkei 225,^N225,317.60903722426144,-1.2085499113670295,1.604668170838707
2024-11-11,Nikkei 225,^N225,320.64790740543094,0.9522475767201222,1.5811327839717921
2024-11-12,Nikkei 225,^N225,316.02802332574606,-1.4512768406155452,1.5413148215499042
2024-11-13,Nikkei 225,^N225,319.0606771193373,0.9550404037047322,1.5389654694163162
2024-11-14,Nikkei 225,^N225,312.8784013758376,-1.9566674052687638,1.5022491731743566
2024-11-15,Nikkei 225,^N225,317.57137317565,1.4887969423321046,1.5461620466418902
2024-11-18,Nikkei 225,^N225,319.51460935277913,0.6100407972784438,1.5390411467091039
2024-11-19,Nikkei 225,^N225,316.87798549223703,-0.82862024731849,1.4899265309090435
2024-11-20,Nikkei 225,^N225,316.62262456084653,-0.080619005307625,1.45552840856418
2024-11-21,Nikkei 225,^N225,323.7026090824119,2.211461516660318,1.404061697681295
2024-11-22,Nikkei 225,^N225,324.13149743643,0.13240686538775748,1.4762909627753067
2024-11-25,Nikkei 225,^N225,319.4585601826998,-1.4521726423252446,1.4233160398534364
2024-11-26,Nikkei 225,^N225,313.5501116877897,-1.866837012392164,1.4323009521551593
2024-11-27,Nikkei 225,^N225,304.45779758606506,-2.9426711424847873,1.476039957363927
2024-11-28,Nikkei 225,^N225,297.64861997057665,-2.2618818596224166,1.6374663413104416
2024-11-29,Nikkei 225,^N225,294.85660166803126,-0.9424521055708901,1.6947345456486094
2024-12-02,Nikkei 225,^N225,303.1636936739098,2.778376066252708,1.6508960048029817
2024-12-03,Nikkei 225,^N225,301.34916859018296,-0.6003281804325411,1.751096391842884
2024-12-04,Nikkei 225,^N225,305.1381554257147,1.249502168253258,1.6912476119956905
2024-12-05,Nikkei 225,^N225,295.65438322528854,-3.1573494776103495,1.6577510772017021
2024-12-06,Nikkei 225,^N225,295.72574859940886,0.024135195156649303,1.8152449006229963
2024-12-09,Nikkei 225,^N225,289.2318491421786,-2.220388718077526,1.7426343553957886
2024-12-10,Nikkei 225,^N225,291.7848614969692,0.8788142368678642,1.7833779759691848
2024-12-11,Nikkei 225,^N225,297.7049158131598,2.008602550580907,1.7271890305784101
2024-12-12,Nikkei 225,^N225,295.97685329893216,-0.5821527574182639,1.742227752141633
2024-12-13,Nikkei 225,^N225,291.04413488602825,-1.6806331005657427,1.682416305474068
2024-12-16,Nikkei 225,^N225,287.57798071504175,-1.1980861217399053,1.6837816810335107
2024-12-17,Nikkei 225,^N225,289.4675768376064,0.6549232905253888,1.653451628138791
2024-12-18,Nikkei 225,^N225,283.06843352749695,-2.235461063859301,1.5983844696573974
2024-12-19,Nikkei 225,^N225,283.32194796676004,0.08951933665404255,1.6578829692959285
2024-12-20,Nikkei 225,^N225,286.45586058315246,1.1000583641344264,1.5941731875742822
2024-12-23,Nikkei 225,^N225,291.64714019762437,1.7960187551051554,1.5602427096108635
2024-12-24,Nikkei 225,^N225,297.4416889293798,1.9673554621210343,1.5748227581657828
2024-12-25,Nikkei 225,^N225,299.71392178296725,0.761022346361262,1.6023548485679664
2024-12-26,Nikkei 225,^N225,300.8501611772474,0.3783911766421788,1.5537904533813176
2024-12-27,Nikkei 225,^N225,299.750472332429,-0.36619677448381793,1.4987098796761587
2024-12-30,Nikkei 225,^N225,308.4068187105362,2.8469381740154454,1.4486105448263036
2024-12-31,Nikkei 225,^N225,304.80621114227023,-1.1743550032874417,1.5892576130867715
2025-01-01,Nikkei 225,^N225,306.0061113815389,0.39288722198191905,1.5649717393555254
2025-01-02,Nikkei 225,^N225,311.3614592645315,1.7349412142358744,1.5094561911177684
2025-01-03,Nikkei 225,^N225,310.2670276538386,-0.35211794971390376,1.524260022170834
2025-01-06,Nikkei 225,^N225,300.0888849969845,-3.3354592137013306,1.4722929311078292
2025-01-07,Nikkei 225,^N225,300.80691888913293,0.2389879341011536,1.6896691325278665
2025-01-08,Nikkei 225,^N225,299.31080332078267,-0.49860839384017197,1.6249185241882949
2025-01-09,Nikkei 225,^N225,297.19005150321146,-0.7110671296237214,1.5701007391554602
2025-01-10,Nikkei 225,^N225,296.89159250193654,-0.10047744426930905,1.5253976200847688
2025-01-13,Nikkei 225,^N225,291.17794999441395,-1.9432471477417224,1.469899932421133
2025-01-14,Nikkei 225,^N225,298.8437185594367,2.598616405993681,1.5164171405952644
2025-01-15,Nikkei 225,^N225,301.3604670208192,0.8386356750847312,1.6157478380683732
2025-01-16,Nikkei 225,^N225,302.472598416587,0.3683576527827803,1.5690364935264207
2025-01-17,Nikkei 225,^N225,309.4557741109198,2.2824497659580167,1.5128832329467088
2025-01-20,Nikkei 225,^N225,311.3447966163653,0.6085781569105109,1.5779954873851463
2025-01-21,Nikkei 225,^N225,305.9492456571723,-1.7481744519807663,1.5263794317745558
2025-01-22,Nikkei 225,^N225,310.087020976458,1.3433746584003536,1.5487748336622527
2025-01-23,Nikkei 225,^N225,314.2413873748265,1.3308469258984879,1.5319382197984106
2025-01-24,Nikkei 225,^N225,317.7785892658205,1.1193439935132332,1.515733624886073
2025-01-27,Nikkei 225,^N225,317.2485161162205,-0.16694508571992728,1.4886961461383106
2025-01-28,Nikkei 225,^N225,317.78712153077777,0.16963002130179206,1.4360053719042614
2025-01-29,Nikkei 225,^N225,321.0597519787204,1.024551957946418,1.3856493361921887
2025-01-30,Nikkei 225,^N225,318.0218985803408,-0.9507005174013372,1.3637654325513875
2025-01-31,Nikkei 225,^N225,320.5914972680338,0.8047474644429009,1.3449935039222165
2025-02-03,Nikkei 225,^N225,320.19779130690085,-0.1228815829769303,1.3158005543378442
2025-02-04,Nikkei 225,^N225,320.2719187734334,0.023147844682380736,1.27329864344992
2025-02-05,Nikkei 225,^N225,319.20945337862565,-0.3322900145934504,1.2326398174855904
2025-02-06,Nikkei 225,^N225,315.41758040345036,-1.1950067985795343,1.1990344178065702
2025-02-07,Nikkei 225,^N225,317.1914768274087,0.5608206373459268,1.2109981061269115
2025-02-10,Nikkei 225,^N225,320.7201872625146,1.1063432843103627,1.1824558013627544
2025-02-11,Nikkei 225,^N225,322.58009359373966,0.5782405414461955,1.182789983280044
2025-02-12,Nikkei 225,^N225,323.4578760549264,0.271743470999386,1.1568564794812852
2025-02-13,Nikkei 225,^N225,322.5335937016197,-0.2861595012638496,1.1253628337708013
2025-02-14,Nikkei 225,^N225,324.0340327170535,0.4641252198736012,1.0981526146305163
2025-02-17,Nikkei 225,^N225,321.018795454035,-0.934887529408357,1.0749030290865333
2025-02-18,Nikkei 225,^N225,318.69165488196626,-0.727563802160347,1.0807904128144257
2025-02-19,Nikkei 225,^N225,317.76791121280723,-0.2902758845937825,1.0736977427259602
2025-02-20,Nikkei 225,^N225,316.217032294606,-0.4892488465621625,1.0503083918811384
2025-02-21,Nikkei 225,^N225,315.8944005742174,-0.10208065591870152,1.0348604511784258
2025-02-24,Nikkei 225,^N225,314.09884651959055,-0.5700248136922603,1.0110019070758929
2025-02-25,Nikkei 225,^N225,309.22901109258623,-1.5625595589022545,1.0021724097104812
2025-02-26,Nikkei 225,^N225,309.6237031976668,0.1275560887047611,1.072702342283133
2025-02-27,Nikkei 225,^N225,312.4037652811726,0.8938771148603308,1.045552651886654
2025-02-28,Nikkei 225,^N225,312.1171381272115,-0.09179105856080838,1.045400958341084
2025-03-03,Nikkei 225,^N225,310.09495234087774,-0.6500011610548917,1.0206768088668805
2025-03-04,Nikkei 225,^N225,305.809498621843,-1.3916193891293283,1.0148432232472737
2025-03-05,Nikkei 225,^N225,302.4908082861333,-1.0911463383807884,1.0656362763766634
2025-03-06,Nikkei 225,^N225,302.59857683792404,0.035620705165140265,1.0837347500165404
2025-03-07,Nikkei 225,^N225,303.1186521754974,0.17172219658423415,1.0556122286907639
2025-03-10,Nikkei 225,^N225,303.4217559946105,0.0999451447128763,1.0299778582544512
2025-03-11,Nikkei 225,^N225,302.41246772867754,-0.3331898925920562,1.005724444281182
2025-03-12,Nikkei 225,^N225,300.13944375972255,-0.754469352024767,0.9885789830615381
2025-03-13,Nikkei 225,^N225,303.969253856114,1.2679378463434254,0.9914448386385982
2025-03-14,Nikkei 225,^N225,297.5935418426608,-2.1197955734201024,1.0244622134361854
2025-03-17,Nikkei 225,^N225,297.19241398067305,-0.13488143722115709,1.160249026234261
2025-03-18,Nikkei 225,^N225,298.4854566781368,0.43414227457088117,1.1280290371267039
2025-03-19,Nikkei 225,^N225,298.83612215768784,0.11741264078199976,1.1017956959168194
2025-03-20,Nikkei 225,^N225,294.37425063434586,-1.5043417555645533,1.0725774748277557
2025-03-21,Nikkei 225,^N225,294.30785357027685,-0.022557867438610657,1.1267619291876545
2025-03-24,Nikkei 225,^N225,288.10738061823724,-2.129308046347411,1.0958590414120322
2025-03-25,Nikkei 225,^N225,287.7279397369419,-0.1317880035490937,1.2191989222699229
2025-03-26,Nikkei 225,^N225,288.97426412085184,0.4322252683890859,1.1830148950127712
2025-03-27,Nikkei 225,^N225,288.1653610188336,-0.2803147094585512,1.1528414358939618
2025-03-28,Nikkei 225,^N225,290.41390858384915,0.7772690808629079,1.1235677271796631
2025-03-31,Nikkei 225,^N225,294.3950190553878,1.3615291365908,1.1103286260156908
2025-04-01,Nikkei 225,^N225,298.86551126070543,1.5071209345698833,1.1372776167675567
2025-04-02,Nikkei 225,^N225,299.4475946047439,0.1945748879562892,1.1738299373095686
2025-04-03,Nikkei 225,^N225,297.7269589387345,-0.5762604643194003,1.140275042533345
2025-04-04,Nikkei 225,^N225,299.40724814425215,0.5627859266944313,1.1211726431269713
2025-04-07,Nikkei 225,^N225,296.31192066841845,-1.039199506787547,1.0992912499969438
2025-04-08,Nikkei 225,^N225,297.0655890068401,0.25402673050969327,1.1099718824248672
2025-04-09,Nikkei 225,^N225,293.4209915825724,-1.234454372589422,1.0814535486907415
2025-04-10,Nikkei 225,^N225,286.9241919448808,-2.2390367798715616,1.1093928533525719
2025-04-11,Nikkei 225,^N225,295.42585780502,2.919985984754714,1.2447701121429813
2025-04-14,Nikkei 225,^N225,289.7233343139043,-1.949145314434908,1.4347108987244477
2025-04-15,Nikkei 225,^N225,298.2879666073831,2.913290279858405,1.4861326861468798
2025-04-16,Nikkei 225,^N225,293.1910216759349,-1.7235003103859725,1.6288370215276284
2025-04-17,Nikkei 225,^N225,292.8107853472433,-0.12977310905784023,1.638689161379506
2025-04-18,Nikkei 225,^N225,295.3693502099664,0.8699991197063994,1.5767922025900916
2025-04-21,Nikkei 225,^N225,292.17733720184106,-1.0865670699148566,1.533894925397963
2025-04-22,Nikkei 225,^N225,287.3618987025344,-1.6618544616755493,1.509038234134688
2025-04-23,Nikkei 225,^N225,288.44954938693,0.3777806021630248,1.5260310052302848
2025-04-24,Nikkei 225,^N225,279.27898869015644,-3.2308956856009985,1.4726162522927464
2025-04-25,Nikkei 225,^N225,288.088475605529,3.105639826331963,1.6747334550183746
2025-04-28,Nikkei 225,^N225,292.291197362783,1.4482916664823264,1.8102573517496312
2025-04-29,Nikkei 225,^N225,292.61705804231366,0.11142284631224797,1.778702515349627
2025-04-30,Nikkei 225,^N225,288.441695138553,-1.4371816098719847,1.7082007818209994
2025-05-01,Nikkei 225,^N225,274.35379609725965,-5.0074468846208475,1.6902478791715314
2025-05-02,Nikkei 225,^N225,274.7389517362432,0.14028803100067933,2.1248474498682217
2025-05-05,Nikkei 225,^N225,275.63801828809784,0.3267096555759963,2.035478928718803
2025-05-06,Nikkei 225,^N225,283.94164759058145,2.968027384980587,1.9522165265196618
2025-05-07,Nikkei 225,^N225,271.0087603460539,-4.661760446235519,2.0320167038900294
2025-05-08,Nikkei 225,^N225,269.1930259219585,-0.6722455601639865,2.328215886871403
2025-05-09,Nikkei 225,^N225,277.30011177071583,2.96716649337192,2.236461503759514
2025-05-12,Nikkei 225,^N225,271.05061956099894,-2.2794764204553175,2.282115555518302
2025-05-13,Nikkei 225,^N225,269.46566358928294,-0.5864617084942125,2.273477570002708
2025-05-14,Nikkei 225,^N225,273.4567272415714,1.4702416448990618,2.1828584465020078
2025-05-15,Nikkei 225,^N225,266.8544664978946,-2.4439950349297135,2.1253461116415275
2025-05-16,Nikkei 225,^N225,266.83200777744054,-0.008416447314996134,2.1448805576722973
2025-05-19,Nikkei 225,^N225,271.07517825907206,1.5776916932036755,2.0543517510011493
2025-05-20,Nikkei 225,^N225,265.62827402179505,-2.0298327626758983,2.011644523045163
2025-05-21,Nikkei 225,^N225,264.9025474285893,-0.2735852533080063,2.0087803714694306
2025-05-22,Nikkei 225,^N225,262.56688670282045,-0.8856156737796717,1.927511663204938
2025-05-23,Nikkei 225,^N225,264.89112846155166,0.8813049514894367,1.8659557880340594
2025-05-26,Nikkei 225,^N225,261.32923239080606,-1.3537866398796616,1.8046253490317514
2025-05-27,Nikkei 225,^N225,261.6764840147924,0.13279077613130852,1.7737883215410186
2025-05-28,Nikkei 225,^N225,254.8400467147919,-2.6472866379814164,1.703628765435587
2025-05-29,Nikkei 225,^N225,255.77473434569833,0.3661032580943413,1.7927842440449715
2025-05-30,Nikkei 225,^N225,261.89902976797123,2.3661933777662014,1.7235442238863343
2025-06-02,Nikkei 225,^N225,261.2071009818298,-0.26454638896584726,1.7708958529260688
2025-06-03,Nikkei 225,^N225,265.60303534826494,1.6689262778548652,1.7028772084973354
2025-06-04,Nikkei 225,^N225,262.7974442648406,-1.0619284262512352,1.6942933291747446
2025-06-05,Nikkei 225,^N225,264.1638223596239,0.5185888388919757,1.6560598681217358
2025-06-06,Nikkei 225,^N225,262.99599790559387,-0.44306349594673833,1.5974726614324057
2025-06-09,Nikkei 225,^N225,257.8934080728584,-1.9592462424531831,1.5429844164958353
2025-06-10,Nikkei 225,^N225,255.19285690524626,-1.0526791652757161,1.5823496255513871
2025-06-11,Nikkei 225,^N225,253.97034033851563,-0.48020710161500446,1.5519396497625009
2025-06-12,Nikkei 225,^N225,256.9747644218696,1.1760397283419266,1.5011953817078558
2025-06-13,Nikkei 225,^N225,258.98342567568795,0.7786178958735235,1.4783725134263388
2025-06-16,Nikkei 225,^N225,259.77071467771884,0.30353091965382717,1.4387034747646223
2025-06-17,Nikkei 225,^N225,252.3116133147869,-2.9134490945441627,1.3895056155771877
2025-06-18,Nikkei 225,^N225,250.7730312379807,-0.6116612344940542,1.5632473909218416
2025-06-19,Nikkei 225,^N225,250.35246349007343,-0.16784931162829864,1.5155871244993318
2025-06-20,Nikkei 225,^N225,248.212554330136,-0.8584325912872615,1.4612930286398014
2025-06-23,Nikkei 225,^N225,248.1710915939617,-0.01670592357791989,1.4303366895551697
2025-06-24,Nikkei 225,^N225,250.08537721955068,0.7683974676641725,1.380058879029006
2025-06-25,Nikkei 225,^N225,252.29703979441643,0.8804754258776804,1.3468579118995792
2025-06-26,Nikkei 225,^N225,254.2532787809015,0.7723808040593916,1.3208662403326092
2025-06-27,Nikkei 225,^N225,257.24143729136387,1.1684157867753342,1.2920972953826388
2025-06-30,Nikkei 225,^N225,259.177584413165,0.7498392244349006,1.2864094852980212
2025-07-01,Nikkei 225,^N225,263.8666049088389,1.7930210159862625,1.2592545460168314
2025-07-02,Nikkei 225,^N225,265.11980264819437,0.4738118280361192,1.3076634169852979
2025-07-03,Nikkei 225,^N225,264.54000266215843,-0.21893306300118098,1.2700177790483704
2025-07-04,Nikkei 225,^N225,265.27235110013464,0.2764559562296931,1.2316964881233023
2025-07-07,Nikkei 225,^N225,262.9551507591559,-0.8773550020446663,1.1952605803602625
2025-07-08,Nikkei 225,^N225,261.7948745206645,-0.4422212762094979,1.1864804959499862
2025-07-09,Nikkei 225,^N225,257.95975234432655,-1.4757701353846464,1.1590946625189615
2025-07-10,Nikkei 225,^N225,259.0087407762353,0.4058235213714845,1.1992379830432667
2025-07-11,Nikkei 225,^N225,259.55461305277674,0.21053260865340206,1.1673253274698063
2025-07-14,Nikkei 225,^N225,259.9881183923264,0.16687960928596368,1.1343632598719646
2025-07-15,Nikkei 225,^N225,261.2039397614116,0.4665549121471102,1.1032283012217503
2025-07-16,Nikkei 225,^N225,261.7680292728095,0.21572465201096236,1.0796730101669492
2025-07-17,Nikkei 225,^N225,262.66208346039207,0.3409625160837315,1.0527861149199083
2025-07-18,Nikkei 225,^N225,263.89751872613147,0.46924888562500655,1.0298458416817764
2025-07-21,Nikkei 225,^N225,261.013000247539,-1.0990625679143662,1.011908705887909
2025-07-22,Nikkei 225,^N225,259.7441285926184,-0.48731898066973756,1.0366395866740443
2025-07-23,Nikkei 225,^N225,256.40964258510337,-1.2920693727521027,1.0222152630223464
2025-07-24,Nikkei 225,^N225,259.9258820643656,1.3620189466858612,1.06248626820684
2025-07-25,Nikkei 225,^N225,259.8463583835364,-0.030599433852440683,1.0951064695471828
2025-07-28,Nikkei 225,^N225,258.13577652236086,-0.660481497091503,1.066412981098474
2025-07-29,Nikkei 225,^N225,262.4492411036075,1.6571984026481523,1.0571300222092064
2025-07-30,Nikkei 225,^N225,261.2169545894845,-0.47063904405675316,1.119004403251335
2025-07-31,Nikkei 225,^N225,260.82105649248575,-0.15167407908682762,1.0975358621894011
2025-08-01,Nikkei 225,^N225,265.7966286869383,1.8896897674838264,1.0698439930458443
2025-08-04,Nikkei 225,^N225,273.3040816062635,2.7853564796752828,1.1556226907688316
2025-08-05,Nikkei 225,^N225,279.358934352957,2.191243069294657,1.3450131699231702
2025-08-06,Nikkei 225,^N225,281.87922344029494,0.8981235482321104,1.423340453022525
2025-08-07,Nikkei 225,^N225,287.50696367607753,1.9768387901181406,1.3924545551278105
2025-08-08,Nikkei 225,^N225,295.1822565570174,2.6345902979601377,1.4421013562801965
2025-08-11,Nikkei 225,^N225,303.74458439592024,2.8594180940903158,1.5571994318802582
2025-08-12,Nikkei 225,^N225,301.64304915348043,-0.6942803478556137,1.6812975454800616
2025-08-13,Nikkei 225,^N225,297.8342413487587,-1.2707267204562278,1.6287228553730135
2025-08-14,Nikkei 225,^N225,292.438798180396,-1.8281686874765946,1.6069371708538476
2025-08-15,Nikkei 225,^N225,286.9691719214361,-1.8880612706360544,1.6276015380123423
2025-08-18,Nikkei 225,^N225,290.8303677328865,1.3365373367165034,1.6511928274917425
2025-08-19,Nikkei 225,^N225,294.41223389510145,1.2240772892027074,1.6256207305008792
2025-08-20,Nikkei 225,^N225,307.82345324285416,4.454547353099869,1.5957386001388703
2025-08-21,Nikkei 225,^N225,299.28669933514124,-2.8124440242420334,1.9444417551912216
2025-08-22,Nikkei 225,^N225,296.53204166585436,-0.9246695704414165,2.019355466355055
2025-08-25,Nikkei 225,^N225,302.09874582999237,1.8598657952165532,1.9534262519607353
2025-08-26,Nikkei 225,^N225,301.21819336489733,-0.2919039838399584,1.936261721844638
2025-08-27,Nikkei 225,^N225,298.1214530985859,-1.0333932830863368,1.8592592907564767
2025-08-28,Nikkei 225,^N225,302.5114360566873,1.4618117693776078,1.8081386032997189
2025-08-29,Nikkei 225,^N225,302.6997074480951,0.0622167650089267,1.7775318591039333
2025-09-01,Nikkei 225,^N225,304.75951620251794,0.6781744580676374,1.7070172461639346
2025-09-02,Nikkei 225,^N225,302.86383837691295,-0.6239667918471525,1.6492778900484117
2025-09-03,Nikkei 225,^N225,307.9372363945827,1.6612658053695384,1.5964812103158148
2025-09-04,Nikkei 225,^N225,307.6097011171984,-0.10642090418668815,1.5970556881944524
2025-09-05,Nikkei 225,^N225,312.8164176959803,1.6784718307651936,1.5373923172913697
2025-09-08,Nikkei 225,^N225,312.10631707550516,-0.2272603912730986,1.5449292293106232
2025-09-09,Nikkei 225,^N225,310.9553183699649,-0.3694658599951772,1.489610729221345
2025-09-10,Nikkei 225,^N225,313.3268557653745,0.7597682271553552,1.4401468647060442
2025-09-11,Nikkei 225,^N225,312.9966388998865,-0.10544611495424405,1.4024063609413604
2025-09-12,Nikkei 225,^N225,314.788893965343,0.5709784124771744,1.354355811184738
2025-09-15,Nikkei 225,^N225,312.86405762296374,-0.6133460766052146,1.3161916017224848
2025-09-16,Nikkei 225,^N225,317.7671036934376,1.5549960635437898,1.285409117111965
2025-09-17,Nikkei 225,^N225,309.42877186903513,-2.65908098560228,1.3090499077539381
2025-09-18,Nikkei 225,^N225,308.5142144994534,-0.2960007824373889,1.463256434077891
2025-09-19,Nikkei 225,^N225,303.7929825222821,-1.5421427567346768,1.4139856564020772
2025-09-22,Nikkei 225,^N225,308.72488896322767,1.6104062451537615,1.4310481522518206
2025-09-23,Nikkei 225,^N225,307.9132722845082,-0.2632393511785125,1.4438541770378333
2025-09-24,Nikkei 225,^N225,307.3836725544255,-0.17214447928219911,1.395220621369272
2025-09-25,Nikkei 225,^N225,304.10010098806276,-1.0739788265222039,1.3482949909177795
2025-09-26,Nikkei 225,^N225,299.94558652335314,-1.3755846821911888,1.337974061103721
2025-09-29,Nikkei 225,^N225,298.2944385599776,-0.5520032384284335,1.3495991417847333
2025-09-30,Nikkei 225,^N225,294.72218673706925,-1.2047874815517723,1.314275801434254
2025-10-01,Nikkei 225,^N225,292.43816064128566,-0.7779945040605085,1.3156271390045935
2025-10-02,Nikkei 225,^N225,293.2606495025483,0.28085746041250914,1.2918703568350527
2025-10-03,Nikkei 225,^N225,291.5081188535174,-0.5993944926094841,1.25158109443611
2025-10-06,Nikkei 225,^N225,289.23218081110497,-0.7838098012888928,1.224963552601752
2025-10-07,Nikkei 225,^N225,285.81962567487227,-1.1868826975005575,1.2086469534691582
2025-10-08,Nikkei 225,^N225,277.53380242002964,-2.941819610859575,1.219023745123198
2025-10-09,Nikkei 225,^N225,276.2249809585982,-0.4727054225972971,1.4328257071316568
2025-10-10,Nikkei 225,^N225,279.00545020074617,1.001563433541719,1.3895004708253296
2025-10-13,Nikkei 225,^N225,274.9067585148944,-1.4799336173350497,1.3661246402229297
2025-10-14,Nikkei 225,^N225,279.82014558359896,1.7715079353979313,1.3831256145753572
2025-10-15,Nikkei 225,^N225,273.80157957353975,-2.174337766524559,1.4146512787291192
2025-10-16,Nikkei 225,^N225,273.12385301788476,-0.24783155514622734,1.4921502152605368
2025-10-17,Nikkei 225,^N225,277.4934447034481,1.5871943853007053,1.440310681794715
2025-10-20,Nikkei 225,^N225,277.21102002264774,-0.10182889201875156,1.450362451604275
2025-10-21,Nikkei 225,^N225,278.0900885191735,0.3166099319206417,1.3993637737640987
2025-10-22,Nikkei 225,^N225,277.4520710388503,-0.22969193241326735,1.352779396275549
2025-10-23,Nikkei 225,^N225,276.98785911598543,-0.16745259714880945,1.3093078124912219
2025-10-24,Nikkei 225,^N225,278.1304052466625,0.4116412005807035,1.267719250117723
2025-10-27,Nikkei 225,^N225,275.5174474629897,-0.9439130564507181,1.231302076123439
2025-10-28,Nikkei 225,^N225,268.08660295367235,-2.7340883101723,1.2232714586944444
2025-10-29,Nikkei 225,^N225,266.77995033720504,-0.4885911103650997,1.4051389606320055
2025-10-30,Nikkei 225,^N225,264.24217466840815,-0.9558151609239118,1.364081098070084
2025-10-31,Nikkei 225,^N225,260.57807043585484,-1.3963500081882962,1.34556325909016
2025-11-03,Nikkei 225,^N225,262.19534277911805,0.6187298213086834,1.3580326202590205
2025-11-04,Nikkei 225,^N225,259.5723285722998,-1.0054422486562409,1.3210674732962289
2025-11-05,Nikkei 225,^N225,256.7072150310321,-1.109919224954048,1.3089450065655543
2025-11-06,Nikkei 225,^N225,255.4536343860383,-0.48952712796648257,1.3043784744220315
2025-11-07,Nikkei 225,^N225,253.75404389581243,-0.6675456298479432,1.2701561052910064
2025-11-10,Nikkei 225,^N225,251.281092957931,-0.9793261981334567,1.2449206201906224
2025-11-11,Nikkei 225,^N225,252.92254308667293,0.6511083262360273,1.2378272517424251
2025-11-12,Nikkei 225,^N225,252.34397162713708,-0.22901644797910237,1.2104244135387154
2025-11-13,Nikkei 225,^N225,253.7463338918517,0.5541958969319083,1.1762138999422163
2025-11-14,Nikkei 225,^N225,258.8758087988067,2.001336145925414,1.149970550987621
2025-11-17,Nikkei 225,^N225,260.79705847915494,0.7394107157254304,1.2360215297331165
2025-11-18,Nikkei 225,^N225,264.89792777317456,1.5602022420308614,1.212204027267741
2025-11-19,Nikkei 225,^N225,266.20104832967894,0.49072705096726565,1.2445940628445928
2025-11-20,Nikkei 225,^N225,264.7082725827099,-0.5623482662945989,1.2116494697870694
2025-11-21,Nikkei 225,^N225,258.3123035284954,-2.4459029742863514,1.1865674459671705
2025-11-24,Nikkei 225,^N225,260.16089342986305,0.7130928833459116,1.3351629061598451
2025-11-25,Nikkei 225,^N225,263.2235356437838,1.1703356083399896,1.303039565303413
2025-11-26,Nikkei 225,^N225,261.3257530122978,-0.7235891661212968,1.296498043727843
2025-11-27,Nikkei 225,^N225,263.7296252966757,0.9156706815225846,1.2717092396666045
2025-11-28,Nikkei 225,^N225,267.0805598198265,1.2625903316564546,1.253266833382552
2025-12-01,Nikkei 225,^N225,261.7814278712094,-2.0040424244004207,1.257518356233937
2025-12-02,Nikkei 225,^N225,264.9537126295557,1.204523058842888,1.338824076825498
2025-12-03,Nikkei 225,^N225,260.2645428253232,-1.7856555260913787,1.3312827183678704
2025-12-04,Nikkei 225,^N225,259.8461082599285,-0.16090216756659004,1.379593776939707
2025-12-05,Nikkei 225,^N225,260.4911580359615,0.24793538662422065,1.333504469095204
2025-12-08,Nikkei 225,^N225,260.0332840223831,-0.17592800440402456,1.2901578208990325
2025-12-09,Nikkei 225,^N225,258.57712036774086,-0.5615650858737276,1.2499041132424407
2025-12-10,Nikkei 225,^N225,258.0994881745914,-0.18488637624001214,1.221980567443437
2025-12-11,Nikkei 225,^N225,260.70522482852493,1.0045238603157536,1.1862967834244897
2025-12-12,Nikkei 225,^N225,257.5174074320319,-1.2303042778277096,1.1799240021068218
2025-12-15,Nikkei 225,^N225,258.4665911984223,0.36791250875447545,1.1965942901925581
2025-12-16,Nikkei 225,^N225,257.3092208597161,-0.44878889401616107,1.1640583009792749
2025-12-17,Nikkei 225,^N225,256.8919400111256,-0.1623026052622656,1.1385074843296747
2025-12-18,Nikkei 225,^N225,259.1324702825981,0.8683869625349061,1.108124429422099
2025-12-19,Nikkei 225,^N225,258.1183586019613,-0.3921165219587408,1.1008717406950674
2025-12-22,Nikkei 225,^N225,260.1967940990469,0.8020011094628465,1.0782183248411563
2025-12-23,Nikkei 225,^N225,257.36381140742515,-1.0947552636661584,1.070045188302217
2025-12-24,Nikkei 225,^N225,255.1089484360184,-0.879998977282348,1.0879438218159785
2025-12-25,Nikkei 225,^N225,256.50639955867695,0.546291116372899,1.0890232843894423
2025-12-26,Nikkei 225,^N225,250.7457942304073,-2.2713959904797854,1.0690205434978421
2025-12-29,Nikkei 225,^N225,248.99253408555074,-0.701674151826559,1.216825523449621
2025-12-30,Nikkei 225,^N225,249.98513149503506,0.39785296507117707,1.1971914699454416
2025-12-31,Nikkei 225,^N225,252.27253982785408,0.9108568283428653,1.1652428122307532
2026-01-01,Nikkei 225,^N225,253.50984164592475,0.48926349813243064,1.1553634890140183
2026-01-02,Nikkei 225,^N225,253.9486763735111,0.17295397412571134,1.1286568299241253
2026-01-05,Nikkei 225,^N225,249.88274813278304,-1.6140384704772082,1.097958581767802
2026-01-06,Nikkei 225,^N225,253.01662142696958,1.246338353437082,1.159921921177572
2026-01-07,Nikkei 225,^N225,250.94429927861987,-0.8224184629010978,1.1722951975408968
2026-01-08,Nikkei 225,^N225,250.68250990693818,-0.10437615799423483,1.1624104034560305
2026-01-09,Nikkei 225,^N225,254.8610611901318,1.6531300891017509,1.1297092181030037
2026-01-12,Nikkei 225,^N225,259.42972128293405,1.7767303762698639,1.181142216210387
2026-01-13,Nikkei 225,^N225,258.793782041176,-0.24543061320070336,1.2381557988110168
2026-01-14,Nikkei 225,^N225,261.09560544116266,0.8855108399795419,1.2023833498481138
2026-01-15,Nikkei 225,^N225,265.7547714945065,1.7687327263081976,1.1880347034800782
2026-01-16,Nikkei 225,^N225,267.6620490889381,0.715120202047892,1.2433068453791392
2026-01-19,Nikkei 225,^N225,265.2447892430078,-0.9072041305520528,1.2179487098606707
2026-01-20,Nikkei 225,^N225,264.52909898793433,-0.2701872275541639,1.2089224710857438
2026-01-21,Nikkei 225,^N225,263.66467552321757,-0.32731329984319046,1.175581662712235
2026-01-22,Nikkei 225,^N225,262.4083323668288,-0.4776316313435558,1.1457927547449982
2026-01-23,Nikkei 225,^N225,262.20260806546685,-0.07842928770704916,1.1225514297152608
2026-01-26,Nikkei 225,^N225,260.2555166299408,-0.7453613439716733,1.0923105764313505
2026-01-27,Nikkei 225,^N225,263.4631707914759,1.2249684224726387,1.0851605909595532
2026-01-28,Nikkei 225,^N225,263.9082536700878,0.16879298484573368,1.1038122670910548
2026-01-29,Nikkei 225,^N225,265.24595977967783,0.5056026864311391,1.0747829945987992
2026-01-30,Nikkei 225,^N225,268.3290888683331,1.1556625110125118,1.0545281082991744
2026-02-02,Nikkei 225,^N225,268.7153842773641,0.14385977138546835,1.0711626059871284
2026-02-03,Nikkei 225,^N225,268.026791008999,-0.25658264911827544,1.0442191342012497
2026-02-04,Nikkei 225,^N225,269.3302218572493,0.4851275310008951,1.0222295265839931
2026-02-05,Nikkei 225,^N225,267.95134545231804,-0.5132800066513177,1.0053787356934563
2026-02-06,Nikkei 225,^N225,261.62709231819326,-2.3885239081389287,0.9945599132432629
2026-02-09,Nikkei 225,^N225,262.3858822588156,0.28960751270767915,1.175691265481747
2026-02-10,Nikkei 225,^N225,265.51551484759943,1.1857022056915412,1.1431856700645187
2026-02-11,Nikkei 225,^N225,259.4497629992159,-2.3110182972626347,1.1528055966984514
2026-02-12,Nikkei 225,^N225,261.39448999220707,0.7467629792214936,1.2895830073403274
2026-02-13,Nikkei 225,^N225,263.0302249952502,0.6238227379107286,1.2620688118613401
2026-02-16,Nikkei 225,^N225,269.30678070055995,2.3582228974366792,1.2319546130712102
2026-02-17,Nikkei 225,^N225,266.51742374825244,-1.0411557098072954,1.3476919754977532
2026-02-18,Nikkei 225,^N225,264.1599596631813,-0.8884793913750855,1.3354289365881329
2026-02-19,Nikkei 225,^N225,258.77283906491743,-2.060421987153127,1.3156083507762892
2026-02-20,Nikkei 225,^N225,256.59506255078264,-0.8451397418435036,1.3946925969215085
2026-02-23,Nikkei 225,^N225,257.20870125037663,0.23886122857961212,1.3680913648496835
2026-02-24,Nikkei 225,^N225,256.6085288562534,-0.23361328967226314,1.3224808769687715
2026-02-25,Nikkei 225,^N225,260.00844956358986,1.3162439236490187,1.2810028977113124
2026-02-26,Nikkei 225,^N225,260.07704228120707,0.026377477968786422,1.2864015570209222
2026-02-27,Nikkei 225,^N225,260.6230793005733,0.20973193471283125,1.24490714873505
2026-03-02,Nikkei 225,^N225,259.2716410443096,-0.5198903729288773,1.206820055004937
2026-03-03,Nikkei 225,^N225,259.36289030117763,0.035188269308950026,1.1805402002131615
2026-03-04,Nikkei 225,^N225,254.4940978915013,-1.895055717398808,1.1458729561623953
2026-03-05,Nikkei 225,^N225,248.4743273109756,-2.393811514563904,1.2317649412218277
2026-03-06,Nikkei 225,^N225,242.25825467251192,-2.533520437409287,1.3648732015123604
2026-03-09,Nikkei 225,^N225,247.6269071616353,2.1918881596963757,1.4925507412336532
2026-03-10,Nikkei 225,^N225,245.8036915044469,-0.7389991458009781,1.5510055779656882
2026-03-11,Nikkei 225,^N225,247.33951138724467,0.622871749711873,1.5086365022364112
2026-03-12,Nikkei 225,^N225,246.5646315781246,-0.3137776655337987,1.4618293643142435
2026-03-13,Nikkei 225,^N225,245.2756388419955,-0.5241521545713113,1.4129740838341873
2026-03-16,Nikkei 225,^N225,240.4040466982098,-2.0061598934281832,1.3724554278714984
2026-03-17,Nikkei 225,^N225,241.95310857514497,0.6422905456573424,1.4377469205219668
2026-03-18,Nikkei 225,^N225,247.04899903923433,2.0842752467809866,1.3961588723686722
2026-03-19,Nikkei 225,^N225,252.53808070095704,2.1975358370295517,1.4561023741888746
2026-03-20,Nikkei 225,^N225,254.11822719383196,0.623756811674081,1.5198574694235087
2026-03-23,Nikkei 225,^N225,253.84063225004917,-0.10929821037928278,1.472353874608836
2026-03-24,Nikkei 225,^N225,254.6991899118509,0.3376563408018285,1.4200901998262987
2026-03-25,Nikkei 225,^N225,248.17045226466462,-2.59673838261012,1.372531891071756
2026-03-26,Nikkei 225,^N225,250.99335649775819,1.1310653048926866,1.5069696796211942
2026-03-27,Nikkei 225,^N225,248.3939770447341,-1.0410367881590332,1.4812327251625774
2026-03-30,Nikkei 225,^N225,247.3835999702234,-0.4075934532566272,1.4580186932800239
2026-03-31,Nikkei 225,^N225,248.96293616700126,0.6363866419484054,1.4114020248483576
2026-04-01,Nikkei 225,^N225,243.4702813010793,-2.2309147621076164,1.3713876750809952
2026-04-02,Nikkei 225,^N225,249.8424245304351,2.5835530230923,1.4614834021530247
2026-04-03,Nikkei 225,^N225,250.50130186135036,0.2633700302464348,1.5673956552019854
2026-04-06,Nikkei 225,^N225,250.7167375111407,0.0859648480837194,1.5099839704109148
2026-04-07,Nikkei 225,^N225,249.25690439199397,-0.5839656915274105,1.454866144660026
2026-04-08,Nikkei 225,^N225,250.53057746119225,0.509686966057199,1.4134500226048052
2026-04-09,Nikkei 225,^N225,248.67069238608534,-0.7451478164059111,1.3697530403574627
2026-04-10,Nikkei 225,^N225,248.7425904777917,0.02890879463173235,1.340441762264631
2026-04-13,Nikkei 225,^N225,247.04106749240813,-0.6864000612198495,1.2955588234806372
2026-04-14,Nikkei 225,^N225,249.8366266283235,1.1252622796692258,1.2692206685065657
2026-04-15,Nikkei 225,^N225,252.13184645392909,0.9144940148315683,1.2628489856777472
2026-04-16,Nikkei 225,^N225,250.44733709542237,-0.6703483636663066,1.2450584516517942
2026-04-17,Nikkei 225,^N225,251.6790065686929,0.49058248348794464,1.2218416285131366
2026-04-20,Nikkei 225,^N225,245.88644885276176,-2.3284652764665736,1.1904674689686139
2026-04-21,Nikkei 225,^N225,247.69908466957298,0.7344801832378955,1.3225319818717531
2026-04-22,Nikkei 225,^N225,255.2595948466288,3.006640516502923,1.292128131706585
2026-04-23,Nikkei 225,^N225,256.4438806814742,0.46288055720120624,1.4847016100517276
2026-04-24,Nikkei 225,^N225,257.8112338690128,0.5317813556527717,1.4354174718081065
2026-04-27,Nikkei 225,^N225,251.13520706035294,-2.623619781692277,1.3908568635236263
2026-04-28,Nikkei 225,^N225,260.18386552462067,3.5397088533245302,1.525565589614591
2026-04-29,Nikkei 225,^N225,263.7353708422493,1.3557661071292415,1.7471805156031903
2026-04-30,Nikkei 225,^N225,268.036115176248,1.6175512301095374,1.7152294288691678
2026-05-01,Nikkei 225,^N225,272.1335080462673,1.5171054727499467,1.7020274143441245
2026-05-04,Nikkei 225,^N225,271.9632727646402,-0.06257537011276071,1.6833422993526008
2026-05-05,Nikkei 225,^N225,267.44323824301944,-1.6759680242698138,1.6184283919034612
2026-05-06,Nikkei 225,^N225,267.58409972208125,0.05265580740312359,1.6255663069995316
2026-05-07,Nikkei 225,^N225,265.54647777396303,-0.7644025519566888,1.5636751858906264
2026-05-08,Nikkei 225,^N225,268.037078074829,0.9335439076453511,1.521428057145884
2026-05-11,Nikkei 225,^N225,268.60488116596144,0.2116134578153961,1.485017557301928
2026-05-12,Nikkei 225,^N225,265.71215906585934,-1.082784244054924,1.4320182911113948
2026-05-13,Nikkei 225,^N225,263.0640369292546,-1.0016125141544485,1.4151506954749646
2026-05-14,Nikkei 225,^N225,262.0707498446279,-0.3782984080348051,1.3950327117249115
2026-05-15,Nikkei 225,^N225,262.4156560314259,0.1315215161543648,1.351757318763204
2026-05-18,Nikkei 225,^N225,266.46125847450963,1.5299141416629247,1.306349326601538
2026-05-19,Nikkei 225,^N225,267.76731433060945,0.48895118105205526,1.3256392958949008
2026-05-20,Nikkei 225,^N225,272.01960920397875,1.5755783088009956,1.28717337957053
2026-05-21,Nikkei 225,^N225,273.3764360749498,0.4975575755962858,1.3123647981088011
2026-05-22,Nikkei 225,^N225,272.8085961639458,-0.207929577734145,1.2750019926761136
2026-05-25,Nikkei 225,^N225,272.66543009129435,-0.05249235309028322,1.2361840134566584
2026-05-26,Nikkei 225,^N225,268.47555533948065,-1.5485644568647317,1.1981993633029553
2026-05-27,Nikkei 225,^N225,266.4882139888958,-0.742985079264713,1.240327471543007
2026-05-28,Nikkei 225,^N225,266.8251037713001,0.12633842658553718,1.220776539571817
2026-05-29,Nikkei 225,^N225,264.10603634960756,-1.0242726366582744,1.183651024969735
2026-06-01,Nikkei 225,^N225,270.44931991431326,2.373404832464221,1.1850138787165603
2026-06-02,Nikkei 225,^N225,275.7743255346373,1.9498146474115963,1.3109465713129769
2026-06-03,Nikkei 225,^N225,273.7407622638292,-0.7401334737219933,1.3683267328543953
2026-06-04,Nikkei 225,^N225,276.40004898889697,0.9667733726266725,1.3389029427780204
2026-06-05,Nikkei 225,^N225,280.92042146128284,1.622216244640473,1.3177180857745303
2026-06-08,Nikkei 225,^N225,275.727003187128,-1.8660174250002548,1.343513029912326
2026-06-09,Nikkei 225,^N225,276.7973046275981,0.387422875000798,1.398227669962409
2026-06-10,Nikkei 225,^N225,280.9960534590141,1.5055138526231637,1.3528750243085523
2026-06-11,Nikkei 225,^N225,277.3279308353159,-1.3139952803038923,1.36536595798169
2026-06-12,Nikkei 225,^N225,278.55008012914163,0.43971923297467796,1.3696531730153014
2026-06-15,Nikkei 225,^N225,282.8489371710825,1.5315100079261512,1.3271636998509801
2026-06-16,Nikkei 225,^N225,279.74181192193294,-1.1045886716794406,1.3443800556069225
2026-06-17,Nikkei 225,^N225,278.08420609436337,-0.5943110048630906,1.3363126765185658
2026-06-18,Nikkei 225,^N225,279.7758659667709,0.60648364791831,1.3033936118073262
2026-06-19,Nikkei 225,^N225,286.69453687410595,2.442851358257947,1.269796145524621
2026-06-22,Nikkei 225,^N225,292.79554794139375,2.105725934578384,1.3897030270995818
2026-06-23,Nikkei 225,^N225,291.13619014466707,-0.5683411793175885,1.4527094802918281
2026-06-24,Nikkei 225,^N225,290.7461665730427,-0.13405583638377294,1.410929564778367
2026-06-25,Nikkei 225,^N225,295.5503121028452,1.6388476580387668,1.362618085747063
2026-06-26,Nikkei 225,^N225,301.9516190103826,2.142771931205001,1.3849122769285016
2026-06-29,Nikkei 225,^N225,303.6573146707721,0.5633008615888002,1.4524416529503001
2026-06-30,Nikkei 225,^N225,305.64768336980416,0.6533265885219741,1.4076052831886094
2026-07-01,Nikkei 225,^N225,300.83938023237585,-1.585657525755213,1.3683859918930688
2026-07-02,Nikkei 225,^N225,305.2239229970863,1.4469179162285073,1.3939800608890287
2026-07-03,Nikkei 225,^N225,298.3124618456213,-2.290421412922772,1.3979702097733955
2026-07-06,Nikkei 225,^N225,295.8081929846166,-0.8430219255522786,1.4909170081231802
2026-07-07,Nikkei 225,^N225,291.78338268391224,-1.3699560764732333,1.4570895144902811
2026-07-08,Nikkei 225,^N225,296.667501968229,1.6600302832206815,1.4567293468096625
2026-07-09,Nikkei 225,^N225,298.87399394117966,0.7410069942994646,1.470878875294129
2026-07-10,Nikkei 225,^N225,298.5420865870084,-0.11111431350379064,1.4303550145263895
2026-07-13,Nikkei 225,^N225,297.8534980329697,-0.23091682023599347,1.3806458262524628
2026-07-14,Nikkei 225,^N225,293.9123770020833,-1.3320062774125674,1.3354357334847546
2026-07-15,Nikkei 225,^N225,293.09311645046245,-0.2791323395426204,1.3439850349702986
2026-07-16,Nikkei 225,^N225,295.8275193737469,0.9286217553804654,1.301918734080599
2026-07-17,Nikkei 225,^N225,296.4499140275423,0.21017004795256256,1.281723889486437
2026-07-20,Nikkei 225,^N225,296.49819907722406,0.01628643340669811,1.241270619876775
2026-07-21,Nikkei 225,^N225,299.5340075731249,1.0186814452096016,1.2026728185509645
2026-07-22,Nikkei 225,^N225,300.81613275052905,0.4271264518862061,1.1956936402080696
2026-07-23,Nikkei 225,^N225,308.21970875160565,2.4313645318313704,1.1645167979163338
2026-07-24,Nikkei 225,^N225,301.1072656350059,-2.3346303267946844,1.3018922437704143
2026-07-27,Nikkei 225,^N225,300.2469852558663,-0.2861145372234475,1.415273058802656
2026-07-28,Nikkei 225,^N225,305.4468950798126,1.7170513845677249,1.3688132113403806
2026-07-29,Nikkei 225,^N225,310.0656195978887,1.5008017225619064,1.397139233909884
2026-07-30,Nikkei 225,^N225,306.86244732087056,-1.038435834973317,1.4048378624911042
2026-07-31,Nikkei 225,^N225,301.86450209655754,-1.6421344712878927,1.3876345485753394
2026-08-03,Nikkei 225,^N225,300.3388565996618,-0.5066888913522583,1.41599836943173
2026-08-04,Nikkei 225,^N225,307.5575663938388,2.375091828517384,1.3747517834442264
2026-08-05,Nikkei 225,^N225,315.080093049916,2.4164592646412686,1.469505084882119
2026-08-06,Nikkei 225,^N225,318.0329142048319,0.9328011056172869,1.5549895920805088
2026-08-07,Nikkei 225,^N225,319.97292371929177,0.6081497623836363,1.5161727462307526
2026-08-10,Nikkei 225,^N225,325.1566717959212,1.607075440046657,1.4684646378918471
2026-08-11,Nikkei 225,^N225,330.2590505654204,1.5570214984116149,1.4772618739539682
2026-08-12,Nikkei 225,^N225,329.72439691948324,-0.1620203551870425,1.4813997670836039
2026-08-13,Nikkei 225,^N225,334.32145232673963,1.3845817582485154,1.4290945767318777
2026-08-14,Nikkei 225,^N225,329.29457544045516,-1.5150246007164192,1.4253759707207292
2026-08-17,Nikkei 225,^N225,326.52826344500517,-0.843620635892961,1.4390760591527147
2026-08-18,Nikkei 225,^N225,325.16229410865753,-0.4192085709786575,1.4090747601803888
2026-08-19,Nikkei 225,^N225,334.1056921643735,2.713296234892848,1.365882005262156
2026-08-20,Nikkei 225,^N225,334.10866135872965,0.0008886951740727511,1.5037103329989008
2026-08-21,Nikkei 225,^N225,328.5191869624805,-1.6871029457086628,1.4489906452925259
2026-08-24,Nikkei 225,^N225,332.6928195597272,1.262435644474369,1.4744947375883337
2026-08-25,Nikkei 225,^N225,327.3531258312347,-1.618011672638442,1.4588963631286718
2026-08-26,Nikkei 225,^N225,326.8961071276818,-0.1397078528686535,1.4774970946507966
2026-08-27,Nikkei 225,^N225,313.5014660184122,-4.183836885240044,1.4251970861501262
2026-08-28,Nikkei 225,^N225,309.2103166356191,-1.3782354625721638,1.790326116752765
2026-08-31,Nikkei 225,^N225,307.3497296241928,-0.6035398078504173,1.7620445731974101
2018-01-02,FTSE 100,^FTSE,98.93429895555532,-1.0714203078175721,1.43370208221995
2018-01-03,FTSE 100,^FTSE,98.3054019415284,-0.637700363974858,1.4138434055850317
2018-01-04,FTSE 100,^FTSE,99.87980463454666,1.5888530137756263,1.3809935126767132
2018-01-05,FTSE 100,^FTSE,100.80039576213416,0.9174772433285128,1.3974438070843032
2018-01-08,FTSE 100,^FTSE,98.98492989856318,-1.8174666540589968,1.3773395589116726
2018-01-09,FTSE 100,^FTSE,99.20908200318756,0.22619472510259087,1.4033377351185201
2018-01-10,FTSE 100,^FTSE,100.30899980208285,1.1025857225179791,1.3653831327036545
2018-01-11,FTSE 100,^FTSE,98.98833419914112,-1.3253412957797472,1.355346136526837
2018-01-12,FTSE 100,^FTSE,98.36884115727837,-0.6277907812277661,1.352507682702333
2018-01-15,FTSE 100,^FTSE,99.35779027749605,1.0003279372904572,1.322581212393035
2018-01-16,FTSE 100,^FTSE,99.08696221105711,-0.27295076456956835,1.3106090934031738
2018-01-17,FTSE 100,^FTSE,99.44137772413964,0.35704312009556816,1.2765955941297025
2018-01-18,FTSE 100,^FTSE,97.95874443499022,-1.5021887052419025,1.2467667562822953
2018-01-19,FTSE 100,^FTSE,98.58457561796047,0.63684005941127,1.2627690724657787
2018-01-22,FTSE 100,^FTSE,98.52368077421141,-0.06178822419826702,1.240561785512115
2018-01-23,FTSE 100,^FTSE,99.23980777330026,0.7242288598992452,1.2088003449792106
2018-01-24,FTSE 100,^FTSE,101.45953404735712,2.212081781810582,1.1926892525277635
2018-01-25,FTSE 100,^FTSE,100.03968555602103,-1.409307682976113,1.280674814118034
2018-01-26,FTSE 100,^FTSE,99.32838587916045,-0.7135572810689439,1.288139594792763
2018-01-29,FTSE 100,^FTSE,97.94194907731111,-1.4056443207008051,1.2639989742413205
2018-01-30,FTSE 100,^FTSE,98.42610881933219,0.4931155589026126,1.2725609635360873
2018-01-31,FTSE 100,^FTSE,99.4301153270446,1.014893647979065,1.2458393170115671
2018-02-01,FTSE 100,^FTSE,99.14166123520383,-0.2905289963468505,1.239649404403853
2018-02-02,FTSE 100,^FTSE,100.30693179070353,1.1685054245560877,1.2093087705482164
2018-02-05,FTSE 100,^FTSE,100.27265949689787,-0.034173261516023956,1.2137826397853024
2018-02-06,FTSE 100,^FTSE,98.67030065188926,-1.6109074630994868,1.1833323296713716
2018-02-07,FTSE 100,^FTSE,98.99601856178788,0.3295636869267149,1.2125030143734907
2018-02-08,FTSE 100,^FTSE,97.29921445495818,-1.7288717052029057,1.1854764341616975
2018-02-09,FTSE 100,^FTSE,96.29515177328047,-1.0372943222963116,1.2232752077060791
2018-02-12,FTSE 100,^FTSE,94.98965696095316,-1.3649960925197213,1.215265274420923
2018-02-13,FTSE 100,^FTSE,95.08405142699272,0.09932407233002039,1.2252771763402728
2018-02-14,FTSE 100,^FTSE,95.21126881882813,0.1337052436427122,1.1947607391519195
2018-02-15,FTSE 100,^FTSE,94.84910411303358,-0.38110537041635695,1.1660334247095443
2018-02-16,FTSE 100,^FTSE,94.57118488631306,-0.2934420886114175,1.1407121847840116
2018-02-19,FTSE 100,^FTSE,93.98303666748805,-0.623852514675427,1.1154471584620262
2018-02-20,FTSE 100,^FTSE,94.7981686336159,0.8635785862782797,1.098494588424669
2018-02-21,FTSE 100,^FTSE,96.1134853146077,1.377954112231894,1.095346799567033
2018-02-22,FTSE 100,^FTSE,96.12994387990157,0.01712262978559309,1.122907947074982
2018-02-23,FTSE 100,^FTSE,95.12210617657797,-1.0539463835826268,1.097122359274589
2018-02-26,FTSE 100,^FTSE,94.7921136006443,-0.3475178514037225,1.098826607062915
2018-02-27,FTSE 100,^FTSE,94.17224366351957,-0.6560731023875555,1.0765413499523482
2018-02-28,FTSE 100,^FTSE,94.71288831536263,0.572460227691618,1.0629178531726917
2018-03-01,FTSE 100,^FTSE,93.64880753532158,-1.1298391583219214,1.050462795850234
2018-03-02,FTSE 100,^FTSE,93.31598384876983,-0.3560285716368128,1.0599343952819957
2018-03-05,FTSE 100,^FTSE,91.73674103995545,-1.7068445221598338,1.0399102841164591
2018-03-06,FTSE 100,^FTSE,92.50806123353492,0.8372824526079015,1.0917917439099258
2018-03-07,FTSE 100,^FTSE,92.75742096704845,0.2691919521459418,1.0878987401945943
2018-03-08,FTSE 100,^FTSE,90.62082381764901,-2.3303678612397682,1.0664538272788688
2018-03-09,FTSE 100,^FTSE,90.80393601248765,0.20186027220123748,1.175623063655136
2018-03-12,FTSE 100,^FTSE,91.62819010537933,0.9036343753315634,1.1485783525457616
2018-03-13,FTSE 100,^FTSE,92.06419480546816,0.4747126769444776,1.1438043126355772
2018-03-14,FTSE 100,^FTSE,90.83631341101173,-1.3426970254017512,1.1236743719251365
2018-03-15,FTSE 100,^FTSE,91.67513999156415,0.9192107906464742,1.1399410639950354
2018-03-16,FTSE 100,^FTSE,92.7069529997956,1.1192234152482605,1.1365058696653259
2018-03-19,FTSE 100,^FTSE,94.24643707167185,1.646954750990215,1.1438423386607686
2018-03-20,FTSE 100,^FTSE,94.45363213040332,0.21960261368709766,1.1869042138041284
2018-03-21,FTSE 100,^FTSE,93.01988870675225,-1.5295721446411115,1.1595038975124698
2018-03-22,FTSE 100,^FTSE,92.37774587593948,-0.6927223209733491,1.1851099207598526
2018-03-23,FTSE 100,^FTSE,91.94895424807937,-0.4652526205264351,1.1661776830493464
2018-03-26,FTSE 100,^FTSE,92.51541765938943,0.614173009210095,1.1424086352624192
2018-03-27,FTSE 100,^FTSE,91.9706960385662,-0.5905303037631704,1.1264810167785324
2018-03-28,FTSE 100,^FTSE,92.24658243894753,0.2995230511695368,1.107934480520793
2018-03-29,FTSE 100,^FTSE,92.04151811366694,-0.22254764067959343,1.0859242714118784
2018-03-30,FTSE 100,^FTSE,91.11760308600134,-1.0088745328697968,1.0627635753102147
2018-04-02,FTSE 100,^FTSE,89.50515555056101,-1.7854786227968766,1.0647276109293708
2018-04-03,FTSE 100,^FTSE,89.21594513777787,-0.32364467778664974,1.120467915169163
2018-04-04,FTSE 100,^FTSE,89.12863902116376,-0.09790723278753077,1.096668848928138
2018-04-05,FTSE 100,^FTSE,90.54341736042575,1.5748777068769648,1.0722001538558767
2018-04-06,FTSE 100,^FTSE,90.52335121553246,-0.022164359736720485,1.1172071294283739
2018-04-09,FTSE 100,^FTSE,89.23807523393535,-1.4300040995538055,1.091624958626923
2018-04-10,FTSE 100,^FTSE,90.02471081267629,0.8776396320826052,1.1166063891878157
2018-04-11,FTSE 100,^FTSE,90.71277183756536,0.7613964063734713,1.1128437194597238
2018-04-12,FTSE 100,^FTSE,90.71650259679178,0.004112632031016972,1.104228635413602
2018-04-13,FTSE 100,^FTSE,89.76664621221869,-1.0525804326625199,1.07936742092589
2018-04-16,FTSE 100,^FTSE,89.66998416256064,-0.10773949422304696,1.0823343108790828
2018-04-17,FTSE 100,^FTSE,89.56705225949702,-0.11485563077124894,1.0586425506747383
2018-04-18,FTSE 100,^FTSE,90.56854091379124,1.111939018127206,1.0362244641725176
2018-04-19,FTSE 100,^FTSE,89.8124916151223,-0.8382851738915953,1.0514137115352784
2018-04-20,FTSE 100,^FTSE,90.88262283156129,1.184474445945316,1.0462239226417893
2018-04-23,FTSE 100,^FTSE,91.15241142381946,0.29641413906391634,1.0651381910164737
2018-04-24,FTSE 100,^FTSE,91.5925023485161,0.4816459910059301,1.0454242396619537
2018-04-25,FTSE 100,^FTSE,91.80250494361405,0.22901679820517273,1.0312253562840579
2018-04-26,FTSE 100,^FTSE,91.14780079724682,-0.7157210680989401,1.0122601721629225
2018-04-27,FTSE 100,^FTSE,90.64322527816398,-0.5551174067340625,1.004802768206287
2018-04-30,FTSE 100,^FTSE,89.59649912555021,-1.1614952515245136,0.9924998832168581
2018-05-01,FTSE 100,^FTSE,89.42165405035372,-0.19533787796470747,1.0087692704542652
2018-05-02,FTSE 100,^FTSE,88.41098885167924,-1.1366597983534454,0.989531187895561
2018-05-03,FTSE 100,^FTSE,88.99575407109029,0.6592391332842062,1.0045313297139735
2018-05-04,FTSE 100,^FTSE,88.08903977913683,-1.024054291795462,0.9990267445330487
2018-05-07,FTSE 100,^FTSE,87.66879896141737,-0.4782052642093859,1.0067259972817122
2018-05-08,FTSE 100,^FTSE,86.0794549626583,-1.8295301327748703,0.9922590745499374
2018-05-09,FTSE 100,^FTSE,86.43329321182242,0.41021750462242323,1.0611332146488512
2018-05-10,FTSE 100,^FTSE,87.6855749491585,1.4384464397799057,1.0440975891300321
2018-05-11,FTSE 100,^FTSE,87.96248640504301,0.31530286547001296,1.0812922587113423
2018-05-14,FTSE 100,^FTSE,88.8894747609371,1.0483308631882515,1.0610368366549112
2018-05-15,FTSE 100,^FTSE,88.5727537856549,-0.3569450402532759,1.0703468917096208
2018-05-16,FTSE 100,^FTSE,89.2889870440619,0.8053863934810224,1.049764211449671
2018-05-17,FTSE 100,^FTSE,89.06441946661107,-0.2518232766267836,1.047371315104818
2018-05-18,FTSE 100,^FTSE,89.83616995435135,0.8627755532161885,1.0265778981587048
2018-05-21,FTSE 100,^FTSE,90.43896194739732,0.668749187109885,1.0286152642505633
2018-05-22,FTSE 100,^FTSE,91.80919380613228,1.503727346552708,1.0218611888009692
2018-05-23,FTSE 100,^FTSE,91.13482308910407,-0.7372460526297253,1.06665642012018
2018-05-24,FTSE 100,^FTSE,91.53250231942337,0.435414333368378,1.0564516174244547
2018-05-25,FTSE 100,^FTSE,92.0091807501453,0.5194237020009318,1.0403277080673374
2018-05-28,FTSE 100,^FTSE,92.34927102065689,0.368945012308064,1.027569112031164
2018-05-29,FTSE 100,^FTSE,92.67651528697769,0.353728649469609,1.0115014141939065
2018-05-30,FTSE 100,^FTSE,91.29077640727321,-1.506534206497001,0.9960267171064006
2018-05-31,FTSE 100,^FTSE,90.22956040828662,-1.1692663292942385,1.0363689696504161
2018-06-01,FTSE 100,^FTSE,90.22730415390076,-0.002500602447508271,1.049328055769572
2018-06-04,FTSE 100,^FTSE,91.07336500790308,0.9333302514981767,1.027332674978593
2018-06-05,FTSE 100,^FTSE,92.25085098435046,1.2846117057601525,1.0329487617749422
2018-06-06,FTSE 100,^FTSE,91.2930663975546,-1.0436665995285033,1.0598894844448303
2018-06-07,FTSE 100,^FTSE,92.98208160091208,1.8331961986477907,1.0638714270574328
2018-06-08,FTSE 100,^FTSE,91.78437445178737,-1.2964733436803044,1.1324853995494018
2018-06-11,FTSE 100,^FTSE,92.73719450980424,1.0327557176346147,1.1451092467445054
2018-06-12,FTSE 100,^FTSE,91.71591938951079,-1.107366023720946,1.1470185563012743
2018-06-13,FTSE 100,^FTSE,90.57153777455837,-1.255595604024684,1.1477877803829903
2018-06-14,FTSE 100,^FTSE,90.7037148549723,0.14583027955676897,1.1567051182497352
2018-06-15,FTSE 100,^FTSE,90.09763011637541,-0.6704452436098407,1.1300200498983166
2018-06-18,FTSE 100,^FTSE,91.3196616097546,1.347225465764268,1.113627404742408
2018-06-19,FTSE 100,^FTSE,93.23469279469433,2.075377660265154,1.137312842788898
2018-06-20,FTSE 100,^FTSE,91.53157412883206,-1.8435907509814164,1.2193686662761318
2018-06-21,FTSE 100,^FTSE,89.69729949510179,-2.024332255555805,1.2626906230173485
2018-06-22,FTSE 100,^FTSE,89.64855292916523,-0.05436040641928486,1.316210206334607
2018-06-25,FTSE 100,^FTSE,88.62285152873083,-1.1507316296750503,1.2808050928591224
2018-06-26,FTSE 100,^FTSE,88.36745695319223,-0.28859744354488015,1.2742659838742212
2018-06-27,FTSE 100,^FTSE,88.51366978804948,0.16532331159710978,1.242189525788384
2018-06-28,FTSE 100,^FTSE,88.12566117328066,-0.4393237188131671,1.2113884957355343
2018-06-29,FTSE 100,^FTSE,86.98209563834118,-1.3061463564837617,1.1847138518541973
2018-07-02,FTSE 100,^FTSE,86.555545420047,-0.49159487787555634,1.1936557377621675
2018-07-03,FTSE 100,^FTSE,86.3890578824278,-0.19253285256581876,1.1689645669001658
2018-07-04,FTSE 100,^FTSE,86.4596458222521,0.08167598857902192,1.141261903016145
2018-07-05,FTSE 100,^FTSE,85.15605539225943,-1.5192263803252892,1.1148514604997546
2018-07-06,FTSE 100,^FTSE,86.19816489306653,1.2163369506391852,1.1439566856363805
2018-07-09,FTSE 100,^FTSE,85.77358437842521,-0.493780378594888,1.1564552651778297
2018-07-10,FTSE 100,^FTSE,83.87721283110429,-2.235710728262319,1.133823271397767
2018-07-11,FTSE 100,^FTSE,82.60891160377577,-1.523641405798415,1.222979245542809
2018-07-12,FTSE 100,^FTSE,82.71693946603366,0.1306847984552384,1.2424449171381706
2018-07-13,FTSE 100,^FTSE,82.89267180371247,0.21222488512453452,1.2113180123631635
2018-07-16,FTSE 100,^FTSE,82.25341332956003,-0.7741771976791156,1.1825818123971557
2018-07-17,FTSE 100,^FTSE,81.91856438140798,-0.4079251735317868,1.1664955214225006
2018-07-18,FTSE 100,^FTSE,83.18389430320214,1.532811450537075,1.1416093774981158
2018-07-19,FTSE 100,^FTSE,82.12307499967498,-1.2834714354130305,1.1760113277357227
2018-07-20,FTSE 100,^FTSE,81.06830393924565,-1.292697880892657,1.184309815801644
2018-07-23,FTSE 100,^FTSE,80.55223780218455,-0.6386167072561122,1.1924900302645793
2018-07-24,FTSE 100,^FTSE,79.35923109381858,-1.4921116674667445,1.1715241923825046
2018-07-25,FTSE 100,^FTSE,79.34511579964338,-0.017788163322229877,1.1934357787653287
2018-07-26,FTSE 100,^FTSE,78.25258729040301,-1.386499917074424,1.1640085655735193
2018-07-27,FTSE 100,^FTSE,77.76795188736392,-0.6212476437976733,1.179610759793514
2018-07-30,FTSE 100,^FTSE,77.90015778952635,0.16985615643765328,1.158884378333988
2018-07-31,FTSE 100,^FTSE,77.09007423937861,-1.0453444921271426,1.1323319175831585
2018-08-01,FTSE 100,^FTSE,77.52448227705771,0.5619253329552265,1.1310207846763316
2018-08-02,FTSE 100,^FTSE,76.57926848430002,-1.2267393126289328,1.1141063133358338
2018-08-03,FTSE 100,^FTSE,76.38243566643935,-0.2573623608570941,1.1240453067074985
2018-08-06,FTSE 100,^FTSE,77.14298269793,0.9907847979878426,1.099230914933844
2018-08-07,FTSE 100,^FTSE,77.03029469076249,-0.14618360476426062,1.102369130735072
2018-08-08,FTSE 100,^FTSE,76.50555600671545,-0.6835416285796647,1.0777940792442529
2018-08-09,FTSE 100,^FTSE,76.17315633622273,-0.4354244158438547,1.0649977463974545
2018-08-10,FTSE 100,^FTSE,76.4426229982485,0.3531311679895843,1.0461840637399649
2018-08-13,FTSE 100,^FTSE,76.14474832196831,-0.3904321204252881,1.0286835694197107
2018-08-14,FTSE 100,^FTSE,77.07310320894571,1.2118251738596264,1.0110281549883393
2018-08-15,FTSE 100,^FTSE,78.03386799303983,1.2388573699031902,1.0350055683049877
2018-08-16,FTSE 100,^FTSE,77.62917411682221,-0.5199625839389377,1.058572214198864
2018-08-17,FTSE 100,^FTSE,77.15403018099381,-0.6139495954563756,1.0420892217934998
2018-08-20,FTSE 100,^FTSE,77.1716737682777,0.02286539041689295,1.0292492709578327
2018-08-21,FTSE 100,^FTSE,78.03122015448696,1.1076535399378251,1.0084103853081063
2018-08-22,FTSE 100,^FTSE,76.45436192543504,-2.0415018326392698,1.0257690662816683
2018-08-23,FTSE 100,^FTSE,78.37645630869481,2.4829593399580574,1.1107224427825415
2018-08-24,FTSE 100,^FTSE,80.09517353815995,2.1692016733580566,1.240187876643509
2018-08-27,FTSE 100,^FTSE,78.99170481301864,-1.3872752218162532,1.31774320756458
2018-08-28,FTSE 100,^FTSE,77.46230443825371,-1.9551420900946859,1.32107201158306
2018-08-29,FTSE 100,^FTSE,77.28976898691762,-0.222983148473066,1.3627566018503747
2018-08-30,FTSE 100,^FTSE,78.4026493982186,1.4296127928647984,1.325813536623864
2018-08-31,FTSE 100,^FTSE,77.59717538817988,-1.0326693240171991,1.33661674124382
2018-09-03,FTSE 100,^FTSE,77.59295056267987,-0.005444709159352357,1.321091230733627
2018-09-04,FTSE 100,^FTSE,79.06951453299598,1.8850816554048855,1.2854906558120343
2018-09-05,FTSE 100,^FTSE,79.10010566587727,0.038681427222631015,1.3327550027615505
2018-09-06,FTSE 100,^FTSE,79.81228096308473,0.8963178770864388,1.2967233686055768
2018-09-07,FTSE 100,^FTSE,80.46192401603015,0.8106689542697332,1.2819046079847038
2018-09-10,FTSE 100,^FTSE,80.30106794662949,-0.20011586139032644,1.2645908133266004
2018-09-11,FTSE 100,^FTSE,79.82236802405151,-0.5979154092133676,1.232193825623924
2018-09-12,FTSE 100,^FTSE,79.07416347246074,-0.9417576009205675,1.207925146737591
2018-09-13,FTSE 100,^FTSE,77.24768805669892,-2.3369202961455393,1.196725303998251
2018-09-14,FTSE 100,^FTSE,79.4784777601237,2.846927774919017,1.2872621834513207
2018-09-17,FTSE 100,^FTSE,79.05268612534464,-0.5371721852136524,1.4287908307251405
2018-09-18,FTSE 100,^FTSE,80.07717542970964,1.287631936969369,1.3929876587028074
2018-09-19,FTSE 100,^FTSE,81.06924704631734,1.2312828730287606,1.3904613708569629
2018-09-20,FTSE 100,^FTSE,79.44470952674948,-2.024238920584853,1.3851309055501637
2018-09-21,FTSE 100,^FTSE,78.22478246194639,-1.5474793428984945,1.4257918505778273
2018-09-24,FTSE 100,^FTSE,77.80188992151967,-0.5420785683899254,1.4302387661357991
2018-09-25,FTSE 100,^FTSE,77.91777250472217,0.1488349034266534,1.3944617265256676
2018-09-26,FTSE 100,^FTSE,78.09587743279617,0.22831977268271686,1.3561766195143043
2018-09-27,FTSE 100,^FTSE,80.19285617609032,2.6497166093177427,1.3204965179742536
2018-09-28,FTSE 100,^FTSE,77.54139895701275,-3.362246196755958,1.435194723498244
2018-10-01,FTSE 100,^FTSE,76.82833124628765,-0.9238505262289642,1.6006092084708128
2018-10-02,FTSE 100,^FTSE,75.96230235675768,-1.1336272958800464,1.5660747536576858
2018-10-03,FTSE 100,^FTSE,75.16924734470129,-1.0494993174562595,1.5409058611161683
2018-10-04,FTSE 100,^FTSE,76.19580542088431,1.3564211776698976,1.5139437955018629
2018-10-05,FTSE 100,^FTSE,76.49608010335028,0.3933084833132483,1.5066096164592868
2018-10-08,FTSE 100,^FTSE,75.62102647469176,-1.1505126553385203,1.4661219578627824
2018-10-09,FTSE 100,^FTSE,75.74968511364209,0.16999149780367873,1.4476034028578117
2018-10-10,FTSE 100,^FTSE,74.81109088989723,-1.2468139547175738,1.4070160016567905
2018-10-11,FTSE 100,^FTSE,72.91915209048572,-2.5614826116965084,1.3966486785395038
2018-10-12,FTSE 100,^FTSE,72.80893928123393,-0.15125818121601853,1.4826583222244036
2018-10-15,FTSE 100,^FTSE,70.25435538471059,-3.5716435338015273,1.4397475537638222
2018-10-16,FTSE 100,^FTSE,71.02179191294603,1.0864453648891548,1.6292999305108664
2018-10-17,FTSE 100,^FTSE,70.46149136899558,-0.7920419431377113,1.602325468154816
2018-10-18,FTSE 100,^FTSE,69.4660831635101,-1.422771745012863,1.5638613578975533
2018-10-19,FTSE 100,^FTSE,69.61649073118646,0.21628536501392404,1.5517760148840756
2018-10-22,FTSE 100,^FTSE,68.20481562747487,-2.0486302338277973,1.5068341813917863
2018-10-23,FTSE 100,^FTSE,68.27328937939203,0.10034394551299286,1.5377142894781652
2018-10-24,FTSE 100,^FTSE,66.83075130629442,-2.1355288674105743,1.4925172394117843
2018-10-25,FTSE 100,^FTSE,66.79924347035174,-0.04715683268443627,1.5312577579550475
2018-10-26,FTSE 100,^FTSE,66.42355427534656,-0.5640028542393871,1.4859420880600143
2018-10-29,FTSE 100,^FTSE,65.08159837921475,-2.040988437120639,1.4478724143740203
2018-10-30,FTSE 100,^FTSE,62.947570235336315,-3.3339680851978137,1.4837022821083268
2018-10-31,FTSE 100,^FTSE,64.00910587722255,1.6723191151775119,1.6378910251245216
2018-11-01,FTSE 100,^FTSE,64.05524452660204,0.07205541781187819,1.6393377589553322
2018-11-02,FTSE 100,^FTSE,63.8018115424352,-0.39643227189518626,1.5894776434399387
2018-11-05,FTSE 100,^FTSE,63.16138844864677,-1.0088411846406409,1.5437939342981315
2018-11-06,FTSE 100,^FTSE,63.10271075646773,-0.09294438684088746,1.5151870258562683
2018-11-07,FTSE 100,^FTSE,63.46222907761372,0.5681182934174522,1.4706341601180632
2018-11-08,FTSE 100,^FTSE,63.42515321548002,-0.05843900712392269,1.4354819144555084
2018-11-09,FTSE 100,^FTSE,63.238284825773746,-0.29506308714264406,1.3945130027561488
2018-11-12,FTSE 100,^FTSE,62.34613030715291,-1.420828414564479,1.3567092115284953
2018-11-13,FTSE 100,^FTSE,62.69603149624391,0.5596545954179355,1.359023498291513
2018-11-14,FTSE 100,^FTSE,62.13124938402096,-0.904907905076513,1.329398546478217
2018-11-15,FTSE 100,^FTSE,61.08553806418806,-1.697392779660678,1.3092742688777792
2018-11-16,FTSE 100,^FTSE,60.49476867355238,-0.9718252175093589,1.3329534625445616
2018-11-19,FTSE 100,^FTSE,60.92895079625893,0.7151551197900119,1.3151731905049178
2018-11-20,FTSE 100,^FTSE,60.10507183104112,-1.3614216442249472,1.2925075566985762
2018-11-21,FTSE 100,^FTSE,60.00246331552578,-0.17086112099899964,1.2962703922586285
2018-11-22,FTSE 100,^FTSE,58.11387300838988,-3.1981203169787698,1.262156992958874
2018-11-23,FTSE 100,^FTSE,59.14478156019955,1.758394922978468,1.4386305852349175
2018-11-26,FTSE 100,^FTSE,59.09460521543903,-0.08487247632240624,1.4616027257551807
2018-11-27,FTSE 100,^FTSE,58.858664187747955,-0.4000590124642933,1.419465066540286
2018-11-28,FTSE 100,^FTSE,58.84225189162677,-0.027888136769504968,1.3817710032996087
2018-11-29,FTSE 100,^FTSE,59.32085327765605,0.8100735040244444,1.3432894316939856
2018-11-30,FTSE 100,^FTSE,59.522964139004976,0.3401288524552015,1.3223071490752516
2018-12-03,FTSE 100,^FTSE,59.082651378035514,-0.7424855591576573,1.2898791529665306
2018-12-04,FTSE 100,^FTSE,58.88554351447901,-0.3341715064172135,1.2665173197647381
2018-12-05,FTSE 100,^FTSE,59.18727147925566,0.5110890624295372,1.2353714513178553
2018-12-06,FTSE 100,^FTSE,58.89620731827792,-0.4929813271434824,1.211105414374279
2018-12-07,FTSE 100,^FTSE,58.43943856807369,-0.778571684837015,1.1855132000431343
2018-12-10,FTSE 100,^FTSE,58.49210290197274,0.09007721406542046,1.1694043518252444
2018-12-11,FTSE 100,^FTSE,58.92903698107654,0.7442204976403133,1.1416181460512531
2018-12-12,FTSE 100,^FTSE,58.34153113020989,-1.0019747930934741,1.13044404051262
2018-12-13,FTSE 100,^FTSE,59.01225508508324,1.143092660057743,1.1271576505400318
2018-12-14,FTSE 100,^FTSE,58.019798269107746,-1.6960833875473647,1.1366280804745283
2018-12-17,FTSE 100,^FTSE,57.878083604158945,-0.24455103628389097,1.1769128817322947
2018-12-18,FTSE 100,^FTSE,58.81660528267395,1.608542639850885,1.1492456577728842
2018-12-19,FTSE 100,^FTSE,59.30060083272858,0.8195220235846179,1.188693540543148
2018-12-20,FTSE 100,^FTSE,59.15714800066544,-0.24220095958593646,1.1775398092624927
2018-12-21,FTSE 100,^FTSE,59.71687867069979,0.9417276798796337,1.1498181489321868
2018-12-24,FTSE 100,^FTSE,59.94808452839965,0.38642245686686394,1.146770529768708
2018-12-25,FTSE 100,^FTSE,59.5076983473533,-0.7373241639112571,1.1243672583705273
2018-12-26,FTSE 100,^FTSE,60.113728584671875,1.0132556313377172,1.1105385730460366
2018-12-27,FTSE 100,^FTSE,60.10788007862233,-0.009729542166692084,1.1140144919941013
2018-12-28,FTSE 100,^FTSE,60.32442838097042,0.3596186745813412,1.0886163837450138
2018-12-31,FTSE 100,^FTSE,60.14851916234109,-0.2920312771167666,1.0688521188354274
2019-01-01,FTSE 100,^FTSE,60.571204953576995,0.7002791327991531,1.0473844511376023
2019-01-02,FTSE 100,^FTSE,59.29591117244774,-2.127926230001087,1.0406291577136213
2019-01-03,FTSE 100,^FTSE,59.33849819453398,0.07179539923161116,1.132241960196003
2019-01-04,FTSE 100,^FTSE,58.99486224805587,-0.5807946485418825,1.1062319455009197
2019-01-07,FTSE 100,^FTSE,59.78732372815833,1.3343301123561524,1.0885882556431494
2019-01-08,FTSE 100,^FTSE,59.87835541274244,0.1521433761080715,1.1137139354772998
2019-01-09,FTSE 100,^FTSE,59.01232584824755,-1.4568759688539323,1.089317962645163
2019-01-10,FTSE 100,^FTSE,59.211963429714565,0.33772716662738844,1.116407952721372
2019-01-11,FTSE 100,^FTSE,58.51272546063645,-1.1879346611534558,1.0946557891594015
2019-01-14,FTSE 100,^FTSE,58.045693618996765,-0.8013738427883332,1.103899217564614
2019-01-15,FTSE 100,^FTSE,59.16442340201631,1.9089883800954333,1.0937215280259507
2019-01-16,FTSE 100,^FTSE,58.188201623952494,-1.6637792247740535,1.165574973597813
2019-01-17,FTSE 100,^FTSE,58.16911313789268,-0.03281011816085311,1.2003998838845917
2019-01-18,FTSE 100,^FTSE,58.67597430113091,0.8675834879067423,1.1706115872518001
2019-01-21,FTSE 100,^FTSE,58.30450455460888,-0.6350991186909738,1.1626998271283995
2019-01-22,FTSE 100,^FTSE,58.30029919382708,-0.007213014641660465,1.1433303578618987
2019-01-23,FTSE 100,^FTSE,58.77113960000055,0.8043685969369996,1.116437897188556
2019-01-24,FTSE 100,^FTSE,58.394465063095744,-0.6429802256469053,1.109394856528906
2019-01-25,FTSE 100,^FTSE,58.43867872038266,0.07568684358867372,1.0933761148268373
2019-01-28,FTSE 100,^FTSE,57.98047493498487,-0.7871662642866539,1.0694047156247604
2019-01-29,FTSE 100,^FTSE,58.25273799702866,0.4684780763192009,1.060918131339771
2019-01-30,FTSE 100,^FTSE,57.6991996506724,-0.9547793036357,1.0454195305305432
2019-01-31,FTSE 100,^FTSE,58.22984893320612,0.9154788987934204,1.0459762131762003
2019-02-01,FTSE 100,^FTSE,58.72482223936816,0.846441200586856,1.0492191331937917
2019-02-04,FTSE 100,^FTSE,58.668675047467566,-0.09565639916946367,1.048787637000576
2019-02-05,FTSE 100,^FTSE,58.497638711778535,-0.2919550025787032,1.0268325473510045
2019-02-06,FTSE 100,^FTSE,58.14872151511472,-0.5982496781516744,1.007666325779392
2019-02-07,FTSE 100,^FTSE,57.258674043946186,-1.542475009816613,0.9964775472858858
2019-02-08,FTSE 100,^FTSE,57.15482611735367,-0.18153094689701277,1.0396468742605105
2019-02-11,FTSE 100,^FTSE,56.91864501732454,-0.4140865271447858,1.0186153838514502
2019-02-12,FTSE 100,^FTSE,56.41605951815618,-0.8869106699771478,1.0020070139010637
2019-02-13,FTSE 100,^FTSE,56.7639325461792,0.6147272449084085,1.0025023658198717
2019-02-14,FTSE 100,^FTSE,57.893261370281515,1.9699860221695786,0.9954180713511918
2019-02-15,FTSE 100,^FTSE,57.709207355738336,-0.31842601994522823,1.0871235178327552
2019-02-18,FTSE 100,^FTSE,57.744276353359446,0.06075000523679819,1.0650321150612525
2019-02-19,FTSE 100,^FTSE,58.23283032709704,0.8425056937167774,1.042462822509824
2019-02-20,FTSE 100,^FTSE,58.18678500100004,-0.07910235464736459,1.0423350508931795
2019-02-21,FTSE 100,^FTSE,57.7334358781905,-0.7821783476686051,1.020687553723677
2019-02-22,FTSE 100,^FTSE,56.896183612997,-1.4608216584727884,1.0152613351601831
2019-02-25,FTSE 100,^FTSE,56.825159625670906,-0.12490882456681618,1.05001517329717
2019-02-26,FTSE 100,^FTSE,57.344990862734626,0.910631766860881,1.0280962005288514
2019-02-27,FTSE 100,^FTSE,57.522474410641166,0.30902342752101575,1.0324557237818393
2019-02-28,FTSE 100,^FTSE,57.41279431096833,-0.19085548619850456,1.0148230344242317
2019-03-01,FTSE 100,^FTSE,57.055342014349286,-0.6245466554931411,0.9952149619608811
2019-03-04,FTSE 100,^FTSE,56.95154401170382,-0.18209081037801056,0.9856581732513552
2019-03-05,FTSE 100,^FTSE,57.2791520653424,0.5735917981797733,0.9675937352635334
2019-03-06,FTSE 100,^FTSE,56.49989648665734,-1.3697913158144281,0.9613259066841487
2019-03-07,FTSE 100,^FTSE,56.95581460254239,0.8036978757609781,0.9948418260266237
2019-03-08,FTSE 100,^FTSE,56.33264009017213,-1.1001664726141946,0.9963641825340167
2019-03-11,FTSE 100,^FTSE,56.425391014565704,0.16451324026105496,1.0085945235785865
2019-03-12,FTSE 100,^FTSE,56.0939506758525,-0.5891276865747308,0.9900082868303857
2019-03-13,FTSE 100,^FTSE,55.71008989613937,-0.6866697948487932,0.9796483480991123
2019-03-14,FTSE 100,^FTSE,54.790528263122496,-1.6643940574737393,0.9732836259593382
2019-03-15,FTSE 100,^FTSE,54.80178522057958,0.020543333996414503,1.0294958103602077
2019-03-18,FTSE 100,^FTSE,54.86198944646573,0.10979784731510733,1.0086347495978079
2019-03-19,FTSE 100,^FTSE,55.348563678982835,0.882996011102577,0.9894743960134222
2019-03-20,FTSE 100,^FTSE,54.81505820847802,-0.9685767991627792,0.9953932929909143
2019-03-21,FTSE 100,^FTSE,53.85782303628466,-1.7617273399891609,1.0004283449558646
2019-03-22,FTSE 100,^FTSE,53.916226523057475,0.10838136402702148,1.061959471165169
2019-03-25,FTSE 100,^FTSE,54.75957668161933,1.5520788685595477,1.0398917819141344
2019-03-26,FTSE 100,^FTSE,54.691008877004556,-0.1252945577860487,1.0866345582551764
2019-03-27,FTSE 100,^FTSE,54.4739044014858,-0.39775557041501486,1.0627825360453835
2019-03-28,FTSE 100,^FTSE,55.25871422323585,1.4304282780561728,1.0433436287035256
2019-03-29,FTSE 100,^FTSE,55.92997813271596,1.207446639918519,1.0799993297714976
2019-04-01,FTSE 100,^FTSE,56.18370584397567,0.4526265402010843,1.097402740372934
2019-04-02,FTSE 100,^FTSE,55.95829281861191,-0.40201411003373266,1.0793447139922832
2019-04-03,FTSE 100,^FTSE,55.33354127618564,-1.1227384474431723,1.0590651791545767
2019-04-04,FTSE 100,^FTSE,55.03180230219531,-0.5468015882874155,1.0674357040026703
2019-04-05,FTSE 100,^FTSE,55.657278563688614,1.1301619167533694,1.051134822445123
2019-04-08,FTSE 100,^FTSE,54.80295362014639,-1.5468770290017808,1.0661667561426487
2019-04-09,FTSE 100,^FTSE,54.139869880391714,-1.2173209887463177,1.1021979386858285
2019-04-10,FTSE 100,^FTSE,55.30075245927842,2.121563450237174,1.1125513214430447
2019-04-11,FTSE 100,^FTSE,54.60509109220406,-1.2659393443357203,1.2026495041121348
2019-04-12,FTSE 100,^FTSE,55.75621571729652,2.0861774961392854,1.2078488407050252
2019-04-15,FTSE 100,^FTSE,54.592747706796075,-2.1087848766448314,1.281704532568751
2019-04-16,FTSE 100,^FTSE,54.72065662823849,0.2340224981493666,1.3403105374851123
2019-04-17,FTSE 100,^FTSE,54.87918691537421,0.289289459856068,1.3054635208598009
2019-04-18,FTSE 100,^FTSE,54.235311846193866,-1.180196124349564,1.2730658103533492
2019-04-19,FTSE 100,^FTSE,54.2361261448873,0.0015014066532703652,1.2685190086284597
2019-04-22,FTSE 100,^FTSE,55.12068374116769,1.6177810772538326,1.235449168028217
2019-04-23,FTSE 100,^FTSE,54.1116329367918,-1.847584192588192,1.2669863248044448
2019-04-24,FTSE 100,^FTSE,54.1893644686402,0.14354723789864465,1.3057306638770716
2019-04-25,FTSE 100,^FTSE,53.70587383250043,-0.8962283785906244,1.271624429294598
2019-04-26,FTSE 100,^FTSE,53.42741125367374,-0.5198444268670332,1.2546243194654996
2019-04-29,FTSE 100,^FTSE,53.43642726190737,0.016873824448504493,1.2273098018154576
2019-04-30,FTSE 100,^FTSE,53.303222114535146,-0.24958900895803993,1.1962863516186077
2019-05-01,FTSE 100,^FTSE,52.79083869092987,-0.9659115758730685,1.1676875413365688
2019-05-02,FTSE 100,^FTSE,53.05048158588463,0.49062769646011084,1.160179212150882
2019-05-03,FTSE 100,^FTSE,53.76791962916915,1.34330569150527,1.1395440024541301
2019-05-06,FTSE 100,^FTSE,53.1971638094063,-1.0671916822644345,1.1605996205001001
2019-05-07,FTSE 100,^FTSE,53.15123323210903,-0.08637756925495843,1.1583455799932332
2019-05-08,FTSE 100,^FTSE,52.905559845999704,-0.46328729805367175,1.1306928750335996
2019-05-09,FTSE 100,^FTSE,52.52172170882011,-0.7281603537492742,1.108810605500448
2019-05-10,FTSE 100,^FTSE,51.14668761336997,-2.6529098853787403,1.0956224784083959
2019-05-13,FTSE 100,^FTSE,51.403476977963145,0.5008083650091422,1.236616425413932
2019-05-14,FTSE 100,^FTSE,51.00939627734148,-0.769595917265864,1.2120188843471815
2019-05-15,FTSE 100,^FTSE,50.322417318910574,-1.3559206318854322,1.1940158774999396
2019-05-16,FTSE 100,^FTSE,50.62876725399654,0.6069287384393274,1.205201748473857
2019-05-17,FTSE 100,^FTSE,51.55137011726677,1.8058850972443974,1.1853516419081094
2019-05-20,FTSE 100,^FTSE,50.5620336863743,-1.9377816267245773,1.2369509183178398
2019-05-21,FTSE 100,^FTSE,50.415598070053626,-0.2900359543513531,1.2860590680431911
2019-05-22,FTSE 100,^FTSE,51.19593775630885,1.5359575487233545,1.2534194501074065
2019-05-23,FTSE 100,^FTSE,52.27958969206925,2.094585224731782,1.277407211594147
2019-05-24,FTSE 100,^FTSE,51.86883763536373,-0.7887861524882744,1.343509193057209
2019-05-27,FTSE 100,^FTSE,52.99060721838433,2.139649662859533,1.3186017502747016
2019-05-28,FTSE 100,^FTSE,52.35589131470346,-1.2050207514436195,1.3838731350705464
2019-05-29,FTSE 100,^FTSE,52.012442085243435,-0.6581507206539605,1.3730330198759675
2019-05-30,FTSE 100,^FTSE,52.465224882056006,0.8667606095187352,1.3427987141509026
2019-05-31,FTSE 100,^FTSE,51.32818336072389,-2.1910582354997654,1.3239779749189216
2019-06-03,FTSE 100,^FTSE,51.14995720669755,-0.3478328797392294,1.3849140866246095
2019-06-04,FTSE 100,^FTSE,51.283383814810236,0.2605141690065427,1.3481694751977202
2019-06-05,FTSE 100,^FTSE,51.889786968691254,1.1755190467050536,1.313276352142982
2019-06-06,FTSE 100,^FTSE,52.27631463138255,0.7421405444303808,1.3104652560775012
2019-06-07,FTSE 100,^FTSE,53.67043901171239,2.631897261468419,1.28898084845837
2019-06-10,FTSE 100,^FTSE,53.32658324634364,-0.6427411564940755,1.4064751303374035
2019-06-11,FTSE 100,^FTSE,52.65741046846092,-1.2627976110677341,1.37412448991677
2019-06-12,FTSE 100,^FTSE,52.79990638725904,0.2702439427997749,1.3667522825950855
2019-06-13,FTSE 100,^FTSE,53.540115452943816,1.3921776734514335,1.3310890944807967
2019-06-14,FTSE 100,^FTSE,53.31152096830003,-0.42787334111213937,1.339178611946143
2019-06-17,FTSE 100,^FTSE,52.36986795111724,-1.7821074237671652,1.305815051621815
2019-06-18,FTSE 100,^FTSE,52.45737966216646,0.16696371100324292,1.3358548111454704
2019-06-19,FTSE 100,^FTSE,52.56453479318199,0.20406249258626552,1.3005066763967337
2019-06-20,FTSE 100,^FTSE,51.99433978190573,-1.090678655485,1.2672453334244764
2019-06-21,FTSE 100,^FTSE,51.546304552327,-0.865434108226415,1.2587601352741302
2019-06-24,FTSE 100,^FTSE,50.31110489861976,-2.4254695155319084,1.2413793407426383
2019-06-25,FTSE 100,^FTSE,51.15178428007554,1.6571549003913777,1.3346158641290062
2019-06-26,FTSE 100,^FTSE,50.707943176092215,-0.8714806609623427,1.359757577236262
2019-06-27,FTSE 100,^FTSE,51.41798772079734,1.3905498432917884,1.3366775315969792
2019-06-28,FTSE 100,^FTSE,52.43838934866011,1.9650877350297247,1.3442301060591324
2019-07-01,FTSE 100,^FTSE,53.0638746168003,1.1857425104234487,1.3918156080146045
2019-07-02,FTSE 100,^FTSE,52.16498681215519,-1.7084850243301641,1.3840704720698302
2019-07-03,FTSE 100,^FTSE,54.14888906461086,3.732593823786301,1.4019814979830234
2019-07-04,FTSE 100,^FTSE,53.82718238998593,-0.5958868890555191,1.63086152562179
2019-07-05,FTSE 100,^FTSE,51.43363508505843,-4.548625092177128,1.5864751212699368
2019-07-08,FTSE 100,^FTSE,51.464982352249635,0.060928453543240835,1.87272775637255
2019-07-09,FTSE 100,^FTSE,51.372611847554914,-0.17964350538308693,1.812744219156878
2019-07-10,FTSE 100,^FTSE,51.17851001760467,-0.37854692997263406,1.7554138892093645
2019-07-11,FTSE 100,^FTSE,50.062269710895194,-2.205209293115651,1.7020774690994702
2019-07-12,FTSE 100,^FTSE,49.73786126770647,-0.6501185571835322,1.726817298796827
2019-07-15,FTSE 100,^FTSE,50.02741848434873,0.5804785601301266,1.679001722130106
2019-07-16,FTSE 100,^FTSE,49.653559160790515,-0.7501151882587376,1.633941537775505
2019-07-17,FTSE 100,^FTSE,49.57600974043379,-0.15630307982514857,1.5928226249566748
2019-07-18,FTSE 100,^FTSE,50.124911189940214,1.1011071718828536,1.5449814119621816
2019-07-19,FTSE 100,^FTSE,51.30576562931287,2.3285022442943504,1.5235642393686224
2019-07-22,FTSE 100,^FTSE,52.71271418233565,2.7053545985263217,1.5822409753907003
2019-07-23,FTSE 100,^FTSE,53.66450185622469,1.7895055138376748,1.6676476700197775
2019-07-24,FTSE 100,^FTSE,53.782291801246174,0.2192526890721247,1.6739250416515674
2019-07-25,FTSE 100,^FTSE,52.721624927327426,-1.991855275290133,1.6235277995317068
2019-07-26,FTSE 100,^FTSE,53.81277824682507,2.0485241289488254,1.6402889825563716
2019-07-29,FTSE 100,^FTSE,56.61155118064762,5.070209600318565,1.6659540330680151
2019-07-30,FTSE 100,^FTSE,57.20765270031022,1.0474629053360829,2.019765570359244
2019-07-31,FTSE 100,^FTSE,54.539689327285345,-4.775899673867556,1.9705867692457555
2019-08-01,FTSE 100,^FTSE,52.05864868133854,-4.6557738882640365,2.211667522345912
2019-08-02,FTSE 100,^FTSE,51.68054571015844,-0.7289523456833091,2.400611485975786
2019-08-05,FTSE 100,^FTSE,52.82328348716312,2.1870649821233545,2.324312150077942
2019-08-06,FTSE 100,^FTSE,51.22765251582712,-3.067259419684909,2.3070994232724256
2019-08-07,FTSE 100,^FTSE,52.496893546752766,2.4474522858819014,2.3411947729850886
2019-08-08,FTSE 100,^FTSE,53.14769904871759,1.2320814890358633,2.337720926091499
2019-08-09,FTSE 100,^FTSE,52.44251952310685,-1.3357108632077175,2.2786013578089257
2019-08-12,FTSE 100,^FTSE,50.141366983417626,-4.487134787763658,2.222724918486987
2019-08-13,FTSE 100,^FTSE,49.46218616886315,-1.3637893827776804,2.392190688560583
2019-08-14,FTSE 100,^FTSE,49.65245325467033,0.3839338378939683,2.3316040051681592
2019-08-15,FTSE 100,^FTSE,49.964547980583646,0.6265913311101379,2.2547766965265543
2019-08-16,FTSE 100,^FTSE,50.40383117552986,0.8753474023997843,2.1846027845400764
2019-08-19,FTSE 100,^FTSE,50.79316352329519,0.7694581639347664,2.1227476901280085
2019-08-20,FTSE 100,^FTSE,51.92804476078692,2.209723649352302,2.0612514674712084
2019-08-21,FTSE 100,^FTSE,52.96859357649407,1.984015817366025,2.0637630824447317
2019-08-22,FTSE 100,^FTSE,53.994330445088565,1.9179885412306863,2.052878369165155
2019-08-23,FTSE 100,^FTSE,53.590396101102556,-0.7509174490269999,2.0391036085729466
2019-08-26,FTSE 100,^FTSE,52.379637040392254,-2.285196510367049,1.9790167568589045
2019-08-27,FTSE 100,^FTSE,52.41305317822752,0.06377570591644677,1.9865972070862874
2019-08-28,FTSE 100,^FTSE,52.84579242841032,0.8222428922740832,1.9218224737657774
2019-08-29,FTSE 100,^FTSE,51.80770500086243,-1.983921228823693,1.8709694297894175
2019-08-30,FTSE 100,^FTSE,51.742223576703815,-0.12647315896106015,1.8682271561500536
2019-09-02,FTSE 100,^FTSE,51.695953470622925,-0.08946427806026946,1.8083528504397457
2019-09-03,FTSE 100,^FTSE,51.294680772472354,-0.7792450869227974,1.750956720405988
2019-09-04,FTSE 100,^FTSE,50.824372939736925,-0.9211036350916135,1.7048628840307487
2019-09-05,FTSE 100,^FTSE,51.417218045460636,1.1597075992556771,1.6648509982018993
2019-09-06,FTSE 100,^FTSE,53.33913365444508,3.669717887649293,1.6387899864509479
2019-09-09,FTSE 100,^FTSE,53.17801133832888,-0.30252864741076024,1.8167650092789953
2019-09-10,FTSE 100,^FTSE,51.68293796677352,-2.8517283138181693,1.7600252324713628
2019-09-11,FTSE 100,^FTSE,51.80797957047179,0.2416476102845344,1.8298294567463276
2019-09-12,FTSE 100,^FTSE,52.33930919666647,1.020351546891396,1.7728081216540794
2019-09-13,FTSE 100,^FTSE,53.13675423771653,1.512116037787381,1.735453646317892
2019-09-16,FTSE 100,^FTSE,52.0238142533105,-2.116727885376468,1.7213212376943667
2019-09-17,FTSE 100,^FTSE,50.681924452863214,-2.613225279513509,1.7383681177131798
2019-09-18,FTSE 100,^FTSE,51.359943870756794,1.3289239160512611,1.7905360045081313
2019-09-19,FTSE 100,^FTSE,52.94141387374703,3.03273370179169,1.7642948231413986
2019-09-20,FTSE 100,^FTSE,53.234297602770475,0.5516976864597734,1.85825134961321
2019-09-23,FTSE 100,^FTSE,51.15083830336972,-3.992399902350341,1.804291935617323
2019-09-24,FTSE 100,^FTSE,51.615943416336954,0.9051724318477561,1.981786146878117
2019-09-25,FTSE 100,^FTSE,51.106645755454316,-0.9916063023335031,1.9302789440555883
2019-09-26,FTSE 100,^FTSE,50.36257692814412,-1.4666164671276238,1.8810746110964935
2019-09-27,FTSE 100,^FTSE,50.05439864541461,-0.6137991082053151,1.8514249055547543
2019-09-30,FTSE 100,^FTSE,49.81896363450967,-0.4714679502888952,1.797200526870762
2019-10-01,FTSE 100,^FTSE,51.32379737690047,2.975882368399052,1.7431627069358273
2019-10-02,FTSE 100,^FTSE,51.84525896102385,1.01089618021879,1.8343639997164627
2019-10-03,FTSE 100,^FTSE,52.63429968283475,1.5104499547343941,1.7934536755256931
2019-10-04,FTSE 100,^FTSE,51.55399456534763,-2.0738295849125343,1.7754901363502114
2019-10-07,FTSE 100,^FTSE,51.53610546133979,-0.0347057655056382,1.7853877579341748
2019-10-08,FTSE 100,^FTSE,51.78898421046699,0.4894827671204638,1.7289475664003362
2019-10-09,FTSE 100,^FTSE,51.11046480115675,-1.3188199748281448,1.6797553231692732
2019-10-10,FTSE 100,^FTSE,51.24083376148899,0.25474817157626894,1.6555843582761645
2019-10-11,FTSE 100,^FTSE,50.84196115345536,-0.7814728001759974,1.6063546320151665
2019-10-14,FTSE 100,^FTSE,50.83369470086154,-0.016260436271764434,1.5674073658112355
2019-10-15,FTSE 100,^FTSE,50.789271672896255,-0.08742714837008947,1.5204937144824568
2019-10-16,FTSE 100,^FTSE,51.00637816915068,0.42655423051223273,1.475692850652517
2019-10-17,FTSE 100,^FTSE,52.436520420461704,2.765261611098202,1.4372752650083547
2019-10-18,FTSE 100,^FTSE,52.04861098600341,-0.7425194598872142,1.5472791326141266
2019-10-21,FTSE 100,^FTSE,51.30713856959864,-1.4348212657758097,1.5102825453201298
2019-10-22,FTSE 100,^FTSE,51.12784819740202,-0.3500572625442455,1.502403505211292
2019-10-23,FTSE 100,^FTSE,50.14970339506938,-1.9316723238917977,1.4601577436332192
2019-10-24,FTSE 100,^FTSE,49.11284648755922,-2.0891960198190507,1.4868233023921134
2019-10-25,FTSE 100,^FTSE,50.28837974175872,2.3653391529441237,1.5225847695697448
2019-10-28,FTSE 100,^FTSE,50.734327071952734,0.882871269069696,1.584499025836877
2019-10-29,FTSE 100,^FTSE,51.601434329316554,1.6946725124106887,1.5525399414166043
2019-10-30,FTSE 100,^FTSE,51.17514272056782,-0.8295548764654548,1.5618523548832492
2019-10-31,FTSE 100,^FTSE,51.675105800220436,0.9722232565400724,1.526494471416484
2019-11-01,FTSE 100,^FTSE,51.16826129165075,-0.9856709799060503,1.5009710434731385
2019-11-04,FTSE 100,^FTSE,52.140699471864814,1.882638049672014,1.4739279817144049
2019-11-05,FTSE 100,^FTSE,51.14748676909083,-1.9232467013002186,1.5025514992248354
2019-11-06,FTSE 100,^FTSE,51.492891753700384,0.673041727711432,1.5248861718333409
2019-11-07,FTSE 100,^FTSE,51.53789665006519,0.08736203988037872,1.4896687181071795
2019-11-08,FTSE 100,^FTSE,51.16747586753084,-0.7213301107595882,1.4465772576239042
2019-11-11,FTSE 100,^FTSE,52.03449228519096,1.6802718628535995,1.4141708749482569
2019-11-12,FTSE 100,^FTSE,52.33446282497982,0.5748287226997828,1.433907204991051
2019-11-13,FTSE 100,^FTSE,51.605595535817336,-1.4024991865349445,1.4007855794254334
2019-11-14,FTSE 100,^FTSE,51.09913168197651,-0.986260268451078,1.398851212553587
2019-11-15,FTSE 100,^FTSE,50.228844782323854,-1.7178045603026604,1.377697410631155
2019-11-18,FTSE 100,^FTSE,49.78266385972443,-0.8922650779491725,1.3967764937909533
2019-11-19,FTSE 100,^FTSE,49.587461393417584,-0.39288008724236434,1.3723122243118078
2019-11-20,FTSE 100,^FTSE,50.627317059519015,2.0753286170828833,1.3367850998750792
2019-11-21,FTSE 100,^FTSE,49.70825464971507,-1.8320284613515536,1.3943727613421601
2019-11-22,FTSE 100,^FTSE,49.60803768035086,-0.20181382334625297,1.4198687267760597
2019-11-25,FTSE 100,^FTSE,51.19262904150299,3.14426870392297,1.3801044670691076
2019-11-26,FTSE 100,^FTSE,51.135384189222876,-0.11188501847048116,1.5403605329666743
2019-11-27,FTSE 100,^FTSE,51.6059928800504,0.9161099366114644,1.4947165692247493
2019-11-28,FTSE 100,^FTSE,52.154500549802286,1.0572670985317778,1.468902043486446
2019-11-29,FTSE 100,^FTSE,51.312684884741536,-1.6272487495961663,1.4502306089480452
2019-12-02,FTSE 100,^FTSE,50.003098897634004,-2.5853008858994997,1.4575833587746152
2019-12-03,FTSE 100,^FTSE,48.43856135412241,-3.1788762759723532,1.5382611254697307
2019-12-04,FTSE 100,^FTSE,48.77941442318922,0.7012169570506099,1.667191538630596
2019-12-05,FTSE 100,^FTSE,49.052728008067575,0.558741307586752,1.6255683645012482
2019-12-06,FTSE 100,^FTSE,49.90122741477707,1.7149798598559585,1.5825913208804625
2019-12-09,FTSE 100,^FTSE,50.45441180156829,1.1024592021147583,1.5908201637252746
2019-12-10,FTSE 100,^FTSE,49.43832799683705,-2.034419822326594,1.5667332916613026
2019-12-11,FTSE 100,^FTSE,49.052697957514745,-0.7830805013990805,1.591232080739991
2019-12-12,FTSE 100,^FTSE,48.48722480872628,-1.1594831489034174,1.5530869299968415
2019-12-13,FTSE 100,^FTSE,49.44754737651223,1.9612101550072314,1.5297188014003373
2019-12-16,FTSE 100,^FTSE,48.66834616403468,-1.5883616125757616,1.5589672853784917
2019-12-17,FTSE 100,^FTSE,48.82096286219594,0.31309448053007394,1.5559585101799862
2019-12-18,FTSE 100,^FTSE,49.06839729724876,0.50554005384158,1.511948497061362
2019-12-19,FTSE 100,^FTSE,47.99348955515754,-2.2149820567189504,1.4733343411727813
2019-12-20,FTSE 100,^FTSE,48.486266128005866,1.0215217782885144,1.5202086187327313
2019-12-23,FTSE 100,^FTSE,50.07037946897779,3.214901985834784,1.4969801095692978
2019-12-24,FTSE 100,^FTSE,50.130401118895406,0.1198027734802487,1.646211174491647
2019-12-25,FTSE 100,^FTSE,49.66714721961236,-0.928394002400923,1.5962886084872139
2019-12-26,FTSE 100,^FTSE,49.71684689703359,0.10001546427247376,1.5621257577193572
2019-12-27,FTSE 100,^FTSE,49.60445433091634,-0.22632126784851714,1.515830023882807
2019-12-30,FTSE 100,^FTSE,49.78273906872326,0.3587684146030945,1.4718231060978273
2019-12-31,FTSE 100,^FTSE,50.043281860641876,0.5219949289689385,1.4324238006498977
2020-01-01,FTSE 100,^FTSE,51.188215983819575,2.262108079618441,1.3981139645633494
2020-01-02,FTSE 100,^FTSE,51.116876887879904,-0.13946345289386208,1.4650170758681555
2020-01-03,FTSE 100,^FTSE,51.975401213610475,1.6655838611455032,1.4228647335338498
2020-01-06,FTSE 100,^FTSE,53.03129103784673,2.0111583205052685,1.4408714479011897
2020-01-07,FTSE 100,^FTSE,53.68595671163708,1.2269317287440629,1.4822847995954915
2020-01-08,FTSE 100,^FTSE,54.154731124374344,0.8693886783941007,1.4705305765429977
2020-01-09,FTSE 100,^FTSE,55.06767614807539,1.6717563889278697,1.4443902939994917
2020-01-10,FTSE 100,^FTSE,54.73064527746412,-0.6139108954580585,1.4609953949284626
2020-01-13,FTSE 100,^FTSE,56.44610090617055,3.086242129151895,1.425214552418108
2020-01-14,FTSE 100,^FTSE,54.237380753771234,-3.991586404622094,1.5714233900900474
2020-01-15,FTSE 100,^FTSE,54.56628191723512,0.6045792158299701,1.7884346746473672
2020-01-16,FTSE 100,^FTSE,53.74901461781435,-1.509081053869732,1.7387361121469986
2020-01-17,FTSE 100,^FTSE,54.637003954912785,1.638604716092873,1.7196198581349487
2020-01-20,FTSE 100,^FTSE,55.0515567219695,0.7558759788273584,1.713276003033889
2020-01-21,FTSE 100,^FTSE,53.750072286601814,-2.3925129223224317,1.6708183773401901
2020-01-22,FTSE 100,^FTSE,55.23996576271845,2.734169687553756,1.7121942376808394
2020-01-23,FTSE 100,^FTSE,54.87707034691598,-0.6591109648176108,1.785169747864478
2020-01-24,FTSE 100,^FTSE,55.788870399439396,1.6478795185011386,1.7348225641523982
2020-01-27,FTSE 100,^FTSE,54.49042671257445,-2.354936469649882,1.727933486839583
2020-01-28,FTSE 100,^FTSE,56.44022182687216,3.5157027700251753,1.7611649629243504
2020-01-29,FTSE 100,^FTSE,58.41207941496176,3.4340650453169808,1.9034822298652203
2020-01-30,FTSE 100,^FTSE,58.78553645961381,0.6373138325718841,2.0184943752931015
2020-01-31,FTSE 100,^FTSE,58.50922488503944,-0.47114139203427996,1.9589386405089992
2020-02-03,FTSE 100,^FTSE,58.113829201781584,-0.6780772486882469,1.8978116513892511
2020-02-04,FTSE 100,^FTSE,57.27534640120277,-1.4533383305430192,1.8426769233027374
2020-02-05,FTSE 100,^FTSE,56.80409770172227,-0.8261810595330488,1.8146999365905794
2020-02-06,FTSE 100,^FTSE,57.56655338891472,1.3333262955288916,1.7666957731698467
2020-02-07,FTSE 100,^FTSE,56.28945691988048,-2.243447718375524,1.742071843705232
2020-02-10,FTSE 100,^FTSE,57.969236118664966,2.9405206548751117,1.766050898878634
2020-02-11,FTSE 100,^FTSE,56.7298271032615,-2.161233446000743,1.8513205793049206
2020-02-12,FTSE 100,^FTSE,58.32990775403497,2.781483569334231,1.8608801448554684
2020-02-13,FTSE 100,^FTSE,58.196185290944854,-0.2295151554416286,1.9220229683842573
2020-02-14,FTSE 100,^FTSE,59.12136946780782,1.5772632816688947,1.8602822361907456
2020-02-17,FTSE 100,^FTSE,59.4695390376199,0.5871791936614912,1.8413680362151228
2020-02-18,FTSE 100,^FTSE,60.17714426137547,1.182838427865196,1.788863838952547
2020-02-19,FTSE 100,^FTSE,56.826085745459885,-5.7297140408717695,1.7566409905483316
2020-02-20,FTSE 100,^FTSE,56.828468432060305,0.004192857238383141,2.1704283008198284
2020-02-21,FTSE 100,^FTSE,56.412655771232814,-0.7343878517121816,2.0978969323438923
2020-02-24,FTSE 100,^FTSE,56.025491857137645,-0.6886727546289606,2.0348603331590547
2020-02-25,FTSE 100,^FTSE,54.634488746445065,-2.5141453533142233,1.9737714692827786
2020-02-26,FTSE 100,^FTSE,53.19302567088272,-2.6738054017444224,1.9969798639553245
2020-02-27,FTSE 100,^FTSE,52.92960923775413,-0.49643881222873887,2.029551155222688
2020-02-28,FTSE 100,^FTSE,53.34296422963195,0.7779186349389455,1.965699762192307
2020-03-02,FTSE 100,^FTSE,52.740305615565774,-1.1362113901937754,1.9116501846857643
2020-03-03,FTSE 100,^FTSE,53.40300417795548,1.2487026730975792,1.867791236295205
2020-03-04,FTSE 100,^FTSE,53.733100599205706,0.6162207716873258,1.8337518467315281
2020-03-05,FTSE 100,^FTSE,53.841929907498354,0.2023319815153357,1.7821919494684713
2020-03-06,FTSE 100,^FTSE,54.09105020360757,0.4616211620145805,1.7268973285821472
2020-03-09,FTSE 100,^FTSE,52.851284431028056,-2.3186726198410668,1.677311548327868
2020-03-10,FTSE 100,^FTSE,52.57042600808194,-0.5328296918304165,1.712480082193042
2020-03-11,FTSE 100,^FTSE,53.14604134840519,1.0889902835833354,1.663177288088001
2020-03-12,FTSE 100,^FTSE,52.13995121070031,-1.911214850071996,1.6343671449586972
2020-03-13,FTSE 100,^FTSE,52.36053542984407,0.42216941538204544,1.644994363473465
2020-03-16,FTSE 100,^FTSE,52.69854913806711,0.6434757659115498,1.59850925216849
2020-03-17,FTSE 100,^FTSE,53.15274714014875,0.8581865421177781,1.558816179085617
2020-03-18,FTSE 100,^FTSE,52.62284480298833,-1.0019452701100384,1.5274185964299851
2020-03-19,FTSE 100,^FTSE,53.2598895972472,1.2033170180324237,1.4994778065709964
2020-03-20,FTSE 100,^FTSE,53.916725670472374,1.2257231582402106,1.485471566650261
2020-03-23,FTSE 100,^FTSE,53.30482206590188,-1.1413941704990105,1.4734494002966692
2020-03-24,FTSE 100,^FTSE,53.67091800493709,0.6844493302919474,1.4540952743537108
2020-03-25,FTSE 100,^FTSE,54.59781602409757,1.712259173008901,1.422877099003787
2020-03-26,FTSE 100,^FTSE,53.805959728319266,-1.4609645740313315,1.4440408160795193
2020-03-27,FTSE 100,^FTSE,53.61851651922146,-0.348977078365742,1.4422017275550878
2020-03-30,FTSE 100,^FTSE,52.65543027942932,-1.812509339629731,1.4027529278187543
2020-03-31,FTSE 100,^FTSE,52.9271030973401,0.5146181073424128,1.426133381998586
2020-04-01,FTSE 100,^FTSE,52.81382339288925,-0.21425904150245145,1.3919724027700326
2020-04-02,FTSE 100,^FTSE,53.789776053843966,1.831044980433827,1.353591380018907
2020-04-03,FTSE 100,^FTSE,54.00689692215933,0.4028346254725257,1.389691369444641
2020-04-06,FTSE 100,^FTSE,54.49164077824129,0.8935550500095868,1.3550354651011094
2020-04-07,FTSE 100,^FTSE,55.89946455653039,2.5507491830521367,1.3365289401165414
2020-04-08,FTSE 100,^FTSE,56.4609507122394,0.9994459850052095,1.4386825109775423
2020-04-09,FTSE 100,^FTSE,56.20287410641522,-0.45813650945172313,1.4194142319785394
2020-04-10,FTSE 100,^FTSE,54.953392922177926,-2.2482471705570717,1.3826257676331397
2020-04-13,FTSE 100,^FTSE,54.851751212467406,-0.18513110572682123,1.4419050312120487
2020-04-14,FTSE 100,^FTSE,54.88139230234624,0.0540239523818542,1.4010227869096692
2020-04-15,FTSE 100,^FTSE,54.81487488441156,-0.12127564190338447,1.3618496690429622
2020-04-16,FTSE 100,^FTSE,54.72004884148497,-0.17314307326019573,1.324408552163186
2020-04-17,FTSE 100,^FTSE,54.93703796563454,0.39575993432841017,1.2889613579187231
2020-04-20,FTSE 100,^FTSE,54.12640072201476,-1.4865699849817116,1.259236000263731
2020-04-21,FTSE 100,^FTSE,53.13831687720075,-1.8423798916752165,1.27318744922773
2020-04-22,FTSE 100,^FTSE,52.4744339734076,-1.2572187408464774,1.310908201796909
2020-04-23,FTSE 100,^FTSE,51.758071060016164,-1.3745696556164422,1.3076407982990872
2020-04-24,FTSE 100,^FTSE,52.06131247690109,0.5841727602613478,1.3110079258803682
2020-04-27,FTSE 100,^FTSE,52.87347543195359,1.5479693412927098,1.2845924894794916
2020-04-28,FTSE 100,^FTSE,53.144556083231244,0.511387050242007,1.3066168575582773
2020-04-29,FTSE 100,^FTSE,53.88019009249155,1.3747205592482992,1.2785371519528443
2020-04-30,FTSE 100,^FTSE,55.38041681737009,2.7463164603458434,1.2897591309911227
2020-05-01,FTSE 100,^FTSE,54.40782835877772,-1.771799704812027,1.419590037150265
2020-05-04,FTSE 100,^FTSE,55.00922636288254,1.0992876053317335,1.4387187404004287
2020-05-05,FTSE 100,^FTSE,56.37705267319095,2.456128499828214,1.4237770599943527
2020-05-06,FTSE 100,^FTSE,56.30200475659546,-0.13320652373991493,1.5052881660295478
2020-05-07,FTSE 100,^FTSE,55.89752429545721,-0.721005189223245,1.4612843077994047
2020-05-08,FTSE 100,^FTSE,55.73473664657859,-0.2916500353819629,1.428108380900965
2020-05-11,FTSE 100,^FTSE,55.82790485677227,0.1670240693434799,1.38868943563539
2020-05-12,FTSE 100,^FTSE,56.163842190894286,0.5999341033033012,1.3508306338057323
2020-05-13,FTSE 100,^FTSE,56.28969978865525,0.22383937063299442,1.3227096455783007
2020-05-14,FTSE 100,^FTSE,56.04919621701485,-0.42817572119711045,1.2885942087554811
2020-05-15,FTSE 100,^FTSE,56.187498636595976,0.2464479014847143,1.2577604259462183
2020-05-18,FTSE 100,^FTSE,54.94608709976523,-2.2341818027909355,1.22712983301159
2020-05-19,FTSE 100,^FTSE,53.92194062379444,-1.8815013184901197,1.3036434344507337
2020-05-20,FTSE 100,^FTSE,53.54858529129805,-0.6948078672143865,1.341345243511403
2020-05-21,FTSE 100,^FTSE,52.59519931565582,-1.7964530266318057,1.3137658883593186
2020-05-22,FTSE 100,^FTSE,53.32702785050881,1.3818443957988702,1.3441071225262409
2020-05-25,FTSE 100,^FTSE,53.590891602317605,0.49358290706615904,1.3505600465594978
2020-05-26,FTSE 100,^FTSE,53.63151898375106,0.0757815146211982,1.319766714795345
2020-05-27,FTSE 100,^FTSE,53.466968423875684,-0.3072885403721415,1.2845205693381962
2020-05-28,FTSE 100,^FTSE,53.24340091155003,-0.4190180220107642,1.2521514565948906
2020-05-29,FTSE 100,^FTSE,53.26822958415385,0.04662152468797309,1.223009407918281
2020-06-01,FTSE 100,^FTSE,54.06942332160857,1.4928752319866234,1.1923074508515834
2020-06-02,FTSE 100,^FTSE,54.513262354188086,0.8175180080690403,1.2188810556061138
2020-06-03,FTSE 100,^FTSE,54.15824426319882,-0.6533807527563606,1.2057235447512094
2020-06-04,FTSE 100,^FTSE,55.173935729527166,1.858045247239959,1.1844322998669379
2020-06-05,FTSE 100,^FTSE,55.57028071675234,0.71578759085833,1.2405839865644805
2020-06-08,FTSE 100,^FTSE,55.19600811416172,-0.6757904971566475,1.2222673610736923
2020-06-09,FTSE 100,^FTSE,56.269034400322184,1.9253739287197646,1.2006946903773152
2020-06-10,FTSE 100,^FTSE,56.900675877574834,1.1162846219414213,1.2608242513215124
2020-06-11,FTSE 100,^FTSE,57.32845182323499,0.7489822500264864,1.2586619485213806
2020-06-12,FTSE 100,^FTSE,55.84384466727455,-2.6237734327241746,1.2404530430819067
2020-06-15,FTSE 100,^FTSE,55.183838584555176,-1.1889176425740722,1.3543723041730902
2020-06-16,FTSE 100,^FTSE,55.07093765215145,-0.20480014693076143,1.3447167813587173
2020-06-17,FTSE 100,^FTSE,54.873070523173254,-0.3599420211974014,1.3084987725910635
2020-06-18,FTSE 100,^FTSE,54.805273171095436,-0.12362943937604953,1.2756217753619972
2020-06-19,FTSE 100,^FTSE,54.74089846614879,-0.11752982581629823,1.2422898624358985
2020-06-22,FTSE 100,^FTSE,54.534834168330526,-0.3771460270339144,1.210555079230515
2020-06-23,FTSE 100,^FTSE,54.83917293407845,0.5565116598927222,1.1828562747226754
2020-06-24,FTSE 100,^FTSE,56.73161382326249,3.392684522879108,1.1627702028627265
2020-06-25,FTSE 100,^FTSE,56.26223433061828,-0.8308101727704909,1.3975274985189179
2020-06-26,FTSE 100,^FTSE,56.495249146582125,0.4133032069779219,1.3709688210988085
2020-06-29,FTSE 100,^FTSE,54.88335753085863,-2.8946387671382467,1.3374413892471357
2020-06-30,FTSE 100,^FTSE,53.381954815179334,-2.7737396997074892,1.4658401746243706
2020-07-01,FTSE 100,^FTSE,52.071606163273266,-2.4852951116764554,1.5634608091288031
2020-07-02,FTSE 100,^FTSE,51.40680122822188,-1.2849329607691473,1.6231860931023225
2020-07-03,FTSE 100,^FTSE,52.05264005208119,1.2485031913519684,1.6009355001575916
2020-07-06,FTSE 100,^FTSE,52.33155567708367,0.5344032913076724,1.582609407943001
2020-07-07,FTSE 100,^FTSE,49.92996701308278,-4.6978184300432435,1.5411777654934804
2020-07-08,FTSE 100,^FTSE,47.75590466343068,-4.451864669439853,1.8581106548506285
2020-07-09,FTSE 100,^FTSE,46.35582019624055,-2.9755862449162507,2.0798808315356365
2020-07-10,FTSE 100,^FTSE,47.10458332319418,1.6023452053763432,2.127583671036936
2020-07-13,FTSE 100,^FTSE,47.51212537916177,0.8614642845480525,2.0936259107603914
2020-07-14,FTSE 100,^FTSE,46.87734795566202,-1.3450376847793155,2.035649662755913
2020-07-15,FTSE 100,^FTSE,45.31782026311322,-3.3834234331166613,1.9925740656521789
2020-07-16,FTSE 100,^FTSE,45.890309435039484,1.255363293144418,2.083442732630669
2020-07-17,FTSE 100,^FTSE,46.834370468877964,2.036337374624031,2.037989622624731
2020-07-20,FTSE 100,^FTSE,48.063893977111015,2.591390516677361,2.031852970354105
2020-07-21,FTSE 100,^FTSE,48.74621905178654,1.4096386253806603,2.062190227758301
2020-07-22,FTSE 100,^FTSE,48.61182052691335,-0.276091447254867,2.02377594337205
2020-07-23,FTSE 100,^FTSE,49.024921551252156,0.8462049851227338,1.9580263978324997
2020-07-24,FTSE 100,^FTSE,49.776858976637065,1.522142494708989,1.9060680337343623
2020-07-27,FTSE 100,^FTSE,50.54538818074388,1.532151163067219,1.8816417739652207
2020-07-28,FTSE 100,^FTSE,48.7699046140448,-3.5758294592992623,1.8591914778021548
2020-07-29,FTSE 100,^FTSE,47.56842225487503,-2.494427080274164,1.984645558243731
2020-07-30,FTSE 100,^FTSE,48.137348684724444,1.1889212654314196,2.005586210002178
2020-07-31,FTSE 100,^FTSE,48.46657709627382,0.6816072608182733,1.9618464947258543
2020-08-03,FTSE 100,^FTSE,49.009259887581095,1.1134829207021912,1.905772324982991
2020-08-04,FTSE 100,^FTSE,48.71286969044801,-0.6065997686534708,1.864622698849699
2020-08-05,FTSE 100,^FTSE,48.26372778131871,-0.926295894656981,1.8096770656405363
2020-08-06,FTSE 100,^FTSE,48.259025655126855,-0.009743041983689693,1.7645617721621454
2020-08-07,FTSE 100,^FTSE,49.19941318597581,1.9298825811522313,1.7090358533152807
2020-08-10,FTSE 100,^FTSE,48.34946060491589,-1.7426630527124232,1.720946618388238
2020-08-11,FTSE 100,^FTSE,47.159658320217204,-2.4916235261152497,1.7150873083136633
2020-08-12,FTSE 100,^FTSE,48.08173414302326,1.9363526918518392,1.7598964292296457
2020-08-13,FTSE 100,^FTSE,46.58863135691016,-3.154580837316967,1.7682275586901153
2020-08-14,FTSE 100,^FTSE,48.55803158961432,4.140306122578696,1.8643455558892006
2020-08-17,FTSE 100,^FTSE,48.84183224641775,0.5827553526062346,2.0596458498692605
2020-08-18,FTSE 100,^FTSE,49.24740834154959,0.8269579905135771,1.9972382287863109
2020-08-19,FTSE 100,^FTSE,50.57374034735997,2.65757323901612,1.9429193807791645
2020-08-20,FTSE 100,^FTSE,51.21709890908169,1.2640963243172099,1.9861689721163496
2020-08-21,FTSE 100,^FTSE,49.43598885884826,-3.5394760997901287,1.946218118381363
2020-08-24,FTSE 100,^FTSE,48.21700762360307,-2.49668642830585,2.057041886837835
2020-08-25,FTSE 100,^FTSE,47.13226930175397,-2.2753924467132425,2.0722465558588974
2020-08-26,FTSE 100,^FTSE,47.23532390536684,0.21841109024323124,2.0722418786941184
2020-08-27,FTSE 100,^FTSE,47.96586058001406,1.5347519427286294,2.00471166229741
2020-08-28,FTSE 100,^FTSE,48.07108192211079,0.21912689316923029,1.9749365696140657
2020-08-31,FTSE 100,^FTSE,47.45990814658496,-1.2795473253690126,1.9115110807119136
2020-09-01,FTSE 100,^FTSE,47.93909886203768,1.0046116005675287,1.872662827799025
2020-09-02,FTSE 100,^FTSE,47.9356292009912,-0.007237905375223619,1.8295693691958141
2020-09-03,FTSE 100,^FTSE,47.90190506232111,-0.07037772897913186,1.771263819016055
2020-09-04,FTSE 100,^FTSE,48.05171832789034,0.3122620741328852,1.715436357727837
2020-09-07,FTSE 100,^FTSE,46.100852428530644,-4.144645533415359,1.6641877150686228
2020-09-08,FTSE 100,^FTSE,46.74795509860268,1.3939072882514836,1.8830602800614034
2020-09-09,FTSE 100,^FTSE,46.37267241006278,-0.8060184522245883,1.8542033705678191
2020-09-10,FTSE 100,^FTSE,45.253475202060294,-2.4430861806922,1.8038309504164942
2020-09-11,FTSE 100,^FTSE,45.541638481365545,0.6347571695489496,1.8367009735542805
2020-09-14,FTSE 100,^FTSE,45.4254488113986,-0.2554544431611294,1.7853970722547252
2020-09-15,FTSE 100,^FTSE,45.16076448643519,-0.5843826970604038,1.7296617099472875
2020-09-16,FTSE 100,^FTSE,46.121658223611036,2.105398176364659,1.6804590858225879
2020-09-17,FTSE 100,^FTSE,46.24372360158556,0.2643099538475635,1.7066419705582734
2020-09-18,FTSE 100,^FTSE,45.50999685603635,-1.5993735892261274,1.655239924274313
2020-09-21,FTSE 100,^FTSE,44.74647763222999,-1.691928345166538,1.6461275719632726
2020-09-22,FTSE 100,^FTSE,44.38257132584397,-0.8165874825094122,1.642709199998274
2020-09-23,FTSE 100,^FTSE,44.87497693084814,1.1033478063633861,1.6028778620508908
2020-09-24,FTSE 100,^FTSE,44.09959679956541,-1.7429693188496742,1.5781194232391627
2020-09-25,FTSE 100,^FTSE,44.16537635889909,0.149050227191605,1.5826690672291295
2020-09-28,FTSE 100,^FTSE,44.721523153901636,1.2513746242975632,1.5357623668286398
2020-09-29,FTSE 100,^FTSE,45.235124469952744,1.141898704435107,1.5217066303197038
2020-09-30,FTSE 100,^FTSE,46.215367586724085,2.1438499422043567,1.5034793222618792
2020-10-01,FTSE 100,^FTSE,46.87905872591206,1.4258692169708098,1.5491053718722358
2020-10-02,FTSE 100,^FTSE,46.42410504033253,-0.9752237179309287,1.5430259449611832
2020-10-05,FTSE 100,^FTSE,46.317928270234326,-0.2289723714199443,1.513281568501418
2020-10-06,FTSE 100,^FTSE,45.690157795144174,-1.3646196628770202,1.4694087511794038
2020-10-07,FTSE 100,^FTSE,44.37040413527008,-2.931023552340495,1.4607019359504818
2020-10-08,FTSE 100,^FTSE,43.323866429121274,-2.386900274951831,1.574831729403558
2020-10-09,FTSE 100,^FTSE,43.05920364769817,-0.6127673149967983,1.625229720899301
2020-10-12,FTSE 100,^FTSE,42.64897726017654,-0.957270393139753,1.581443906728382
2020-10-13,FTSE 100,^FTSE,43.29655775361243,1.506984042280557,1.549007212985271
2020-10-14,FTSE 100,^FTSE,42.22481125088405,-2.50651416370804,1.5474012922415357
2020-10-15,FTSE 100,^FTSE,41.60948730806414,-1.467979104873196,1.6106741535906801
2020-10-16,FTSE 100,^FTSE,41.70858804330041,0.23788543254790184,1.5977675223669383
2020-10-19,FTSE 100,^FTSE,41.63107831712041,-0.18600926044767263,1.5509593653103817
2020-10-20,FTSE 100,^FTSE,41.99985355857175,0.8819168300188363,1.505123735686373
2020-10-21,FTSE 100,^FTSE,41.41926122837483,-1.3920111877012253,1.4774888356190383
2020-10-22,FTSE 100,^FTSE,41.274009514810906,-0.3513027399741908,1.4696331591385852
2020-10-23,FTSE 100,^FTSE,40.48159161998047,-1.9385649418204753,1.4289262476866182
2020-10-26,FTSE 100,^FTSE,40.74562173375488,0.6501048916451424,1.458929260436233
2020-10-27,FTSE 100,^FTSE,41.10684213341468,0.882619111417382,1.426489773779931
2020-10-28,FTSE 100,^FTSE,41.35932096701512,0.612322952776001,1.4033455252046743
2020-10-29,FTSE 100,^FTSE,41.93349869205641,1.3787186522186357,1.372781749677009
2020-10-30,FTSE 100,^FTSE,41.41892414800639,-1.234711754732798,1.3768514620450765
2020-11-02,FTSE 100,^FTSE,41.68585118447884,0.6423889682138473,1.367906762254813
2020-11-03,FTSE 100,^FTSE,42.08615400264315,0.9557031949571915,1.3400674378961515
2020-11-04,FTSE 100,^FTSE,43.12020081520049,2.4272780667600635,1.3250314665526928
2020-11-05,FTSE 100,^FTSE,43.19186886796626,0.16606731711932277,1.4164157968296343
2020-11-06,FTSE 100,^FTSE,43.97669016477853,1.8007467673381239,1.3772467869091285
2020-11-09,FTSE 100,^FTSE,43.854671585267376,-0.2778475833183247,1.408818981441934
2020-11-10,FTSE 100,^FTSE,45.12990186914592,2.8663790706906944,1.370170740562612
2020-11-11,FTSE 100,^FTSE,45.11212603351408,-0.039395914021156386,1.500669084935669
2020-11-12,FTSE 100,^FTSE,45.07597687339025,-0.08016392604908162,1.4567312370411531
2020-11-13,FTSE 100,^FTSE,46.277513845925945,2.630674001332256,1.4148092075257188
2020-11-16,FTSE 100,^FTSE,46.28359579115321,0.013141470018807055,1.514311807080621
2020-11-17,FTSE 100,^FTSE,45.93477813295658,-0.7565072055180533,1.4698264654548123
2020-11-18,FTSE 100,^FTSE,44.836718116736506,-2.4195119138531673,1.4371719400124197
2020-11-19,FTSE 100,^FTSE,43.753726015706896,-2.4450629301107085,1.5052243194939279
2020-11-20,FTSE 100,^FTSE,44.388917478078426,1.4413056681244374,1.5678487920916813
2020-11-23,FTSE 100,^FTSE,43.74676348022571,-1.4572199459438995,1.5612973284776355
2020-11-24,FTSE 100,^FTSE,44.77502102301188,2.323278500003001,1.5511217574675977
2020-11-25,FTSE 100,^FTSE,44.923593229789674,0.3312700957189385,1.6064332274752522
2020-11-26,FTSE 100,^FTSE,44.97475732386565,0.11382655918623641,1.5603498057454108
2020-11-27,FTSE 100,^FTSE,45.04241762142226,0.15032755768995543,1.5142125250307545
2020-11-30,FTSE 100,^FTSE,46.96914417440318,4.188621958914229,1.4704062276563796
2020-12-01,FTSE 100,^FTSE,46.00961220956638,-2.064054345012911,1.7456781850152723
2020-12-02,FTSE 100,^FTSE,45.7429901023791,-0.5811777561350873,1.757296080138639
2020-12-03,FTSE 100,^FTSE,45.4792277556075,-0.5782869305682059,1.7067698806267462
2020-12-04,FTSE 100,^FTSE,45.644405037697496,0.3625348505960524,1.6585120922713017
2020-12-07,FTSE 100,^FTSE,45.12719201188552,-1.1396045462303217,1.6104897339905029
2020-12-08,FTSE 100,^FTSE,44.98757028484752,-0.309875619051736,1.583001540539744
2020-12-09,FTSE 100,^FTSE,44.35938522047265,-1.4061932208496053,1.5366440693483572
2020-12-10,FTSE 100,^FTSE,44.79521496605734,0.9777021408200248,1.5255301515911526
2020-12-11,FTSE 100,^FTSE,43.85604188804146,-2.118883023632545,1.50027187751933
2020-12-14,FTSE 100,^FTSE,43.868490525843505,0.028381200886595792,1.5369993528070516
2020-12-15,FTSE 100,^FTSE,44.49868809782558,1.4263401094231298,1.491532911743503
2020-12-16,FTSE 100,^FTSE,44.33894578807676,-0.35962795253916546,1.489547100784425
2020-12-17,FTSE 100,^FTSE,44.3338769262348,-0.011432729200056002,1.448012124626982
2020-12-18,FTSE 100,^FTSE,44.13720197098162,-0.4446092026670456,1.4064914476075014
2020-12-21,FTSE 100,^FTSE,44.331797869288565,0.4399195480709217,1.3701059634574493
2020-12-22,FTSE 100,^FTSE,44.328856777876204,-0.006634490632029255,1.3371515706044323
2020-12-23,FTSE 100,^FTSE,44.35404281812601,0.056800219753005976,1.3007887242769358
2020-12-24,FTSE 100,^FTSE,44.649661394743475,0.6642862031634778,1.2663551377235112
2020-12-25,FTSE 100,^FTSE,45.154603894073496,1.1245519776135193,1.2448101957079432
2020-12-28,FTSE 100,^FTSE,44.50884190139532,-1.440437967705721,1.2442362216508658
2020-12-29,FTSE 100,^FTSE,44.59817888105521,0.2005162080570777,1.2565234445470517
2020-12-30,FTSE 100,^FTSE,45.48585517640265,1.9708376452258758,1.2253851297457399
2020-12-31,FTSE 100,^FTSE,45.918101451708594,0.9458004082556926,1.2866227261427319
2021-01-01,FTSE 100,^FTSE,45.988993274158105,0.15426847452952863,1.27455083695771
2021-01-04,FTSE 100,^FTSE,46.35346073965238,0.7893863380079136,1.242052661410437
2021-01-05,FTSE 100,^FTSE,46.963446095467326,1.3073601872493956,1.2263496477065399
2021-01-06,FTSE 100,^FTSE,46.35618513484127,-1.301482923532138,1.237659280924674
2021-01-07,FTSE 100,^FTSE,45.45486215131626,-1.9634934297878104,1.2421876836461605
2021-01-08,FTSE 100,^FTSE,44.5904189376929,-1.920077900486783,1.2928596250073638
2021-01-11,FTSE 100,^FTSE,44.46401246729431,-0.2838860532780707,1.3346524101982136
2021-01-12,FTSE 100,^FTSE,43.90479584496841,-1.2656594516406994,1.2995889134590324
2021-01-13,FTSE 100,^FTSE,44.719026315438526,1.8375496824771353,1.2975704540313977
2021-01-14,FTSE 100,^FTSE,44.235101613780465,-1.0880427631201783,1.3397603161916383
2021-01-15,FTSE 100,^FTSE,44.0589103362,-0.39910183614288997,1.3264205665546873
2021-01-18,FTSE 100,^FTSE,43.075215020196985,-2.2579835541924,1.2932306434044225
2021-01-19,FTSE 100,^FTSE,42.93552818205131,-0.32481282164749103,1.3637407016720429
2021-01-20,FTSE 100,^FTSE,43.143732361290304,0.48375086855680927,1.3277306796911126
2021-01-21,FTSE 100,^FTSE,42.67795463913364,-1.0854652517875873,1.2978903560001067
2021-01-22,FTSE 100,^FTSE,41.65476393708003,-2.426675980193771,1.2871391682302622
2021-01-25,FTSE 100,^FTSE,41.88449689497587,0.5500013639784918,1.3743239507537397
2021-01-26,FTSE 100,^FTSE,41.05671214211946,-1.996142204254392,1.343655740733296
2021-01-27,FTSE 100,^FTSE,41.020085393130366,-0.08924995253289936,1.3862819892592944
2021-01-28,FTSE 100,^FTSE,41.35908173694581,0.8230193849907419,1.3476205455357457
2021-01-29,FTSE 100,^FTSE,41.52299456310287,0.39553314098967896,1.3268592794164433
2021-02-01,FTSE 100,^FTSE,42.47990069919558,2.278367969572903,1.2952024136190552
2021-02-02,FTSE 100,^FTSE,42.435478472826,-0.10462705544056483,1.3760835448647524
2021-02-03,FTSE 100,^FTSE,42.47530243654707,0.09380190881440598,1.3379297227848224
2021-02-04,FTSE 100,^FTSE,42.18541513167697,-0.6848239564537284,1.3019223651666314
2021-02-05,FTSE 100,^FTSE,42.63929911371971,1.0701794116396712,1.276194881898997
2021-02-08,FTSE 100,^FTSE,41.625737895412996,-2.4057667066379462,1.2706152485925104
2021-02-09,FTSE 100,^FTSE,40.69876254509241,-2.2520987671766246,1.3579474710938069
2021-02-10,FTSE 100,^FTSE,41.34761475937324,1.5817047942288553,1.420337009505791
2021-02-11,FTSE 100,^FTSE,40.73689353175872,-1.4880578801130362,1.4330709246184135
2021-02-12,FTSE 100,^FTSE,39.61777927990068,-2.7856167612548166,1.4335417400847927
2021-02-15,FTSE 100,^FTSE,40.1764019502587,1.4001817883357415,1.5366397941887093
2021-02-16,FTSE 100,^FTSE,41.13969382448799,2.3693634813562348,1.5300519935294419
2021-02-17,FTSE 100,^FTSE,41.61937529158833,1.159236912559436,1.5914954102467898
2021-02-18,FTSE 100,^FTSE,41.612758881239984,-0.01589869208098449,1.5697656874524113
2021-02-19,FTSE 100,^FTSE,41.66654358803297,0.12916706234604725,1.5227474704940833
2021-02-22,FTSE 100,^FTSE,41.849408437275976,0.43791667829471415,1.4784030061141182
2021-02-23,FTSE 100,^FTSE,41.70307864028378,-0.3502707141819439,1.4400669966546753
2021-02-24,FTSE 100,^FTSE,41.32568522698384,-0.9090729398913311,1.4007344033279359
2021-02-25,FTSE 100,^FTSE,41.07668220940053,-0.604360731946052,1.376632625396442
2021-02-26,FTSE 100,^FTSE,41.039534312004015,-0.09047640406310009,1.3448967082918093
2021-03-01,FTSE 100,^FTSE,41.55524846179328,1.248797646941746,1.308174873926982
2021-03-02,FTSE 100,^FTSE,41.01359009426605,-1.312035259867006,1.3096940582251646
2021-03-03,FTSE 100,^FTSE,41.26710611796255,0.6162243092291853,1.3094295101035356
2021-03-04,FTSE 100,^FTSE,40.57070853539849,-1.7019379006314672,1.284007895925996
2021-03-05,FTSE 100,^FTSE,41.427136417313406,2.088979354104259,1.3102969383158023
2021-03-08,FTSE 100,^FTSE,41.56530845695917,0.332975290744697,1.3720620613878731
2021-03-09,FTSE 100,^FTSE,41.47097747504446,-0.22720433948943963,1.3370621978893253
2021-03-10,FTSE 100,^FTSE,41.10867551059004,-0.8774662425026225,1.3013717437387513
2021-03-11,FTSE 100,^FTSE,41.26533555399185,0.3803632486798936,1.2818942252397805
2021-03-12,FTSE 100,^FTSE,41.12847391526566,-0.3322137075142617,1.2522309175284427
2021-03-15,FTSE 100,^FTSE,41.039082290767695,-0.21758383452668006,1.22177204781218
2021-03-16,FTSE 100,^FTSE,41.26484053746852,0.5485979407635178,1.1916130673536083
2021-03-17,FTSE 100,^FTSE,41.295294856123625,0.07377487910167346,1.1708003507324973
2021-03-18,FTSE 100,^FTSE,41.299897182267756,0.011144295534171178,1.142840318304685
2021-03-19,FTSE 100,^FTSE,40.864126520819205,-1.0607434441309405,1.1160178790437647
2021-03-22,FTSE 100,^FTSE,41.395623353735694,1.2922583160477785,1.116670454690219
2021-03-23,FTSE 100,^FTSE,42.60141857584465,2.8712393473763864,1.1363643409310134
2021-03-24,FTSE 100,^FTSE,42.248864373483904,-0.8310077915517411,1.3078264671822772
2021-03-25,FTSE 100,^FTSE,43.089135256143216,1.969340839974798,1.2863299111800075
2021-03-26,FTSE 100,^FTSE,42.4707310314389,-1.4455726040528472,1.3405003712656556
2021-03-29,FTSE 100,^FTSE,42.21718894060149,-0.5987698090379023,1.3454667493624688
2021-03-30,FTSE 100,^FTSE,43.09462390716954,2.057079502043546,1.3152053791770464
2021-03-31,FTSE 100,^FTSE,44.33486751534471,2.8373190567052564,1.3736427931617612
2021-04-01,FTSE 100,^FTSE,44.40629448994934,0.16097826175642815,1.500454941619411
2021-04-02,FTSE 100,^FTSE,44.74679966748189,0.7638699171299113,1.4573589645911593
2021-04-05,FTSE 100,^FTSE,44.464795150864184,-0.6322170486865009,1.4283810342854384
2021-04-06,FTSE 100,^FTSE,43.62851419008639,-1.8986824087361853,1.3946606331799085
2021-04-07,FTSE 100,^FTSE,43.085905543051226,-1.2515005713617189,1.4249218676749766
2021-04-08,FTSE 100,^FTSE,42.29783190392679,-1.846009655286096,1.4135988142694182
2021-04-09,FTSE 100,^FTSE,41.4997701030833,-1.9047941975752547,1.438361436577782
2021-04-12,FTSE 100,^FTSE,41.85174994111238,0.8445723127155524,1.4650698472675059
2021-04-13,FTSE 100,^FTSE,41.993435281331145,0.33796925776354847,1.4383611188744432
2021-04-14,FTSE 100,^FTSE,42.48972064940308,1.1748876361584948,1.4002334494720876
2021-04-15,FTSE 100,^FTSE,42.27341933569583,-0.5103675565917065,1.3913797302604471
2021-04-16,FTSE 100,^FTSE,42.254241072690014,-0.045377485292341646,1.3569031134276268
2021-04-19,FTSE 100,^FTSE,43.23295392752833,2.28982976613219,1.319576214169792
2021-04-20,FTSE 100,^FTSE,43.15389378626392,-0.18303750033590305,1.3984570833901377
2021-04-21,FTSE 100,^FTSE,42.81837451564818,-0.7805330268690014,1.3595765761551648
2021-04-22,FTSE 100,^FTSE,42.30238502544363,-1.2123853530411566,1.3335222157291156
2021-04-23,FTSE 100,^FTSE,42.1737066802331,-0.3046505635770469,1.3264099577255593
2021-04-26,FTSE 100,^FTSE,42.7035336486413,1.2484709640859126,1.2919672203942685
2021-04-27,FTSE 100,^FTSE,42.673963170124495,-0.0692699617605097,1.2946776649831078
2021-04-28,FTSE 100,^FTSE,42.78411115996946,0.2577826652533588,1.2603089382268036
2021-04-29,FTSE 100,^FTSE,43.45520891535258,1.5563928420072592,1.2297059628109277
2021-04-30,FTSE 100,^FTSE,43.47049612525059,0.035173048175973776,1.2573194151980083
2021-05-03,FTSE 100,^FTSE,43.704222647158524,0.5362267529967824,1.2248924552460012
2021-05-04,FTSE 100,^FTSE,44.66464219625233,2.1737460776356965,1.2018706561215298
2021-05-05,FTSE 100,^FTSE,44.56676234027286,-0.2193844101086473,1.2848541361218047
2021-05-06,FTSE 100,^FTSE,43.45818281325842,-2.5189181092407864,1.2516139112121496
2021-05-07,FTSE 100,^FTSE,43.26721991116319,-0.4403858724746801,1.3528991876772767
2021-05-10,FTSE 100,^FTSE,43.886357376873775,1.4208203507849682,1.3190655344275457
2021-05-11,FTSE 100,^FTSE,43.41349103563693,-1.0833259723593613,1.3298669968026071
2021-05-12,FTSE 100,^FTSE,43.544434703167056,0.30116580033410223,1.3169511246651455
2021-05-13,FTSE 100,^FTSE,43.21900975165664,-0.7501465152272235,1.284163474159716
2021-05-14,FTSE 100,^FTSE,42.36155660267068,-2.0039171956057977,1.2613612261850669
2021-05-17,FTSE 100,^FTSE,41.15300059340195,-2.8944424157325344,1.3133098303556319
2021-05-18,FTSE 100,^FTSE,41.26217869708608,0.2649467452241261,1.4454532710000738
2021-05-19,FTSE 100,^FTSE,41.025363783469345,-0.5755806049624113,1.405969636624275
2021-05-20,FTSE 100,^FTSE,40.300448184741356,-1.7827914197197536,1.3720981463710527
2021-05-21,FTSE 100,^FTSE,40.630690905052624,0.8161124555499999,1.3961241934471507
2021-05-24,FTSE 100,^FTSE,39.66051714259425,-2.416755224936784,1.372309379180251
2021-05-25,FTSE 100,^FTSE,39.31065202322,-0.8860636409087075,1.447777615570057
2021-05-26,FTSE 100,^FTSE,39.29601957064524,-0.03722954412666013,1.4202537253895777
2021-05-27,FTSE 100,^FTSE,39.5836572343163,0.7293106418798878,1.3799841787943348
2021-05-28,FTSE 100,^FTSE,39.55181384363768,-0.08047817739260665,1.3541429687750777
2021-05-31,FTSE 100,^FTSE,39.428684435267165,-0.31179724313332713,1.316969715142767
2021-06-01,FTSE 100,^FTSE,39.235850290746434,-0.4902705684268316,1.2830666127163692
2021-06-02,FTSE 100,^FTSE,39.37794876554462,0.3615106540098001,1.2536607815113217
2021-06-03,FTSE 100,^FTSE,40.58662132093535,3.023250456238502,1.2250892846363413
2021-06-04,FTSE 100,^FTSE,40.302558544430845,-0.7023533795538661,1.3984961088057601
2021-06-07,FTSE 100,^FTSE,40.69127920635145,0.9598844982959598,1.368089319235671
2021-06-08,FTSE 100,^FTSE,39.32860964719169,-3.406156450495157,1.3514878306771518
2021-06-09,FTSE 100,^FTSE,40.237041600155024,2.28357693357486,1.5369521265614743
2021-06-10,FTSE 100,^FTSE,39.87702774184433,-0.8987591933898642,1.5904645178023882
2021-06-11,FTSE 100,^FTSE,39.076428571479894,-2.0280976902090853,1.555681701679811
2021-06-14,FTSE 100,^FTSE,38.28779689265311,-2.0388208944016384,1.5807037379977344
2021-06-15,FTSE 100,^FTSE,38.88320633033592,1.5431217110020157,1.6042942919417613
2021-06-16,FTSE 100,^FTSE,38.797428654840616,-0.22084708853271628,1.6007584555721144
2021-06-17,FTSE 100,^FTSE,38.1551805104671,-1.6692430942252923,1.5528963143233026
2021-06-18,FTSE 100,^FTSE,37.54647648721777,-1.608200312832464,1.5549550557675536
2021-06-21,FTSE 100,^FTSE,37.82693824016277,0.7441962085826592,1.5533473306224086
2021-06-22,FTSE 100,^FTSE,38.659732712719794,2.177705929622986,1.518670993706864
2021-06-23,FTSE 100,^FTSE,38.392860039779556,-0.6927054120896781,1.5654669576975782
2021-06-24,FTSE 100,^FTSE,38.62128735490185,0.5932104495340429,1.5263256729587955
2021-06-25,FTSE 100,^FTSE,38.42310478353524,-0.5144644612798288,1.4889861377056983
2021-06-28,FTSE 100,^FTSE,38.0803073264034,-0.8961685286916321,1.4498224171675642
2021-06-29,FTSE 100,^FTSE,37.91756171686732,-0.4282905832988515,1.422523047430611
2021-06-30,FTSE 100,^FTSE,37.905291288699615,-0.03236604213223693,1.3851038312852937
2021-07-01,FTSE 100,^FTSE,37.551384569226165,-0.9380463969776986,1.3464640026567711
2021-07-02,FTSE 100,^FTSE,37.43415272031558,-0.31267881423757693,1.3265686179018896
2021-07-05,FTSE 100,^FTSE,37.06620331899384,-0.9877869387056926,1.2922096717180585
2021-07-06,FTSE 100,^FTSE,36.704731566630905,-0.9799920411763363,1.2775825501895204
2021-07-07,FTSE 100,^FTSE,36.79891432866453,0.25626705296089014,1.263548835574385
2021-07-08,FTSE 100,^FTSE,36.62575480120115,-0.4716666769843947,1.2327627855612824
2021-07-09,FTSE 100,^FTSE,36.65773938896002,0.08729002388117024,1.2055933210251624
2021-07-12,FTSE 100,^FTSE,35.987685974027514,-1.8447752605694312,1.1759734224646015
2021-07-13,FTSE 100,^FTSE,35.763521917935,-0.6248390570776419,1.2240430336286083
2021-07-14,FTSE 100,^FTSE,35.58133956528517,-0.5107102175069045,1.2009313492061482
2021-07-15,FTSE 100,^FTSE,35.298568557022236,-0.7978918594184314,1.1762665246443156
2021-07-16,FTSE 100,^FTSE,35.89584716463061,1.677919861311583,1.1614110522960803
2021-07-19,FTSE 100,^FTSE,35.93204083507564,0.10077888830166692,1.205086079027945
2021-07-20,FTSE 100,^FTSE,36.093475824592595,0.4482724104945657,1.1755823131515561
2021-07-21,FTSE 100,^FTSE,35.76997027116488,-0.9003401765821817,1.1530172003836652
2021-07-22,FTSE 100,^FTSE,36.366289232698456,1.6533503388082238,1.1436451833623187
2021-07-23,FTSE 100,^FTSE,37.14041084225448,2.1063392304106365,1.1872422228857502
2021-07-26,FTSE 100,^FTSE,36.991068650308264,-0.40291221759325424,1.2656538623204105
2021-07-27,FTSE 100,^FTSE,37.48198921546627,1.3184034337785366,1.2355577803551143
2021-07-28,FTSE 100,^FTSE,37.212258154421804,-0.7222302734398944,1.2467962950746565
2021-07-29,FTSE 100,^FTSE,38.00107168268609,2.0976134225288323,1.2252382146855252
2021-07-30,FTSE 100,^FTSE,37.83725224746212,-0.43202349823681097,1.297972667341042
2021-08-02,FTSE 100,^FTSE,38.14819912886877,0.8184425083987978,1.266732547983297
2021-08-03,FTSE 100,^FTSE,38.12275293659167,-0.06672577837858462,1.2506407706750067
2021-08-04,FTSE 100,^FTSE,37.687076986271144,-1.1494043642962026,1.218392687322545
2021-08-05,FTSE 100,^FTSE,37.7382255306142,0.1356270388762848,1.216147124937354
2021-08-06,FTSE 100,^FTSE,38.18289926407571,1.1714231569037281,1.1863656939078384
2021-08-09,FTSE 100,^FTSE,38.11753918110759,-0.17132299705435727,1.1927793132608981
2021-08-10,FTSE 100,^FTSE,38.44804464263114,0.8633317943771868,1.1637388541648381
2021-08-11,FTSE 100,^FTSE,38.69802598023011,0.6480750361420817,1.1560988101325542
2021-08-12,FTSE 100,^FTSE,38.76978779370129,0.1852687729310798,1.1404868153060916
2021-08-13,FTSE 100,^FTSE,38.723791490724295,-0.11870998553233925,1.1150582627623908
2021-08-16,FTSE 100,^FTSE,39.62989171235831,2.3129496386284476,1.0897042359833469
2021-08-17,FTSE 100,^FTSE,40.29759301759769,1.670806582619866,1.2035191260998908
2021-08-18,FTSE 100,^FTSE,41.31319737964826,2.489025750760554,1.2422385450663567
2021-08-19,FTSE 100,^FTSE,41.446339666457895,0.32175724134715367,1.3515244483523363
2021-08-20,FTSE 100,^FTSE,41.419888704609605,-0.06384015120901587,1.3173524410791588
2021-08-23,FTSE 100,^FTSE,41.75203742086001,0.7987081638359594,1.2818981850050135
2021-08-24,FTSE 100,^FTSE,42.76393581073808,2.394687553268371,1.2641318484686417
2021-08-25,FTSE 100,^FTSE,43.23270932911861,1.0902243006521761,1.3605427825340288
2021-08-26,FTSE 100,^FTSE,43.46235924077328,0.5297889547509982,1.3502386106962494
2021-08-27,FTSE 100,^FTSE,43.00503050257447,-1.0578161409601439,1.3203232707029784
2021-08-30,FTSE 100,^FTSE,42.751123589867234,-0.5921619441619619,1.3068971622961925
2021-08-31,FTSE 100,^FTSE,42.77208369790105,0.04901618898118798,1.2784902607409623
2021-09-01,FTSE 100,^FTSE,42.97460793020484,0.47237882897874783,1.2450942182625837
2021-09-02,FTSE 100,^FTSE,42.764242077227024,-0.49071401142883886,1.21933809586812
2021-09-03,FTSE 100,^FTSE,42.548146729248415,-0.5065988965071266,1.1932619338832404
2021-09-06,FTSE 100,^FTSE,42.541732379845,-0.015076644796563343,1.1689183135564476
2021-09-07,FTSE 100,^FTSE,42.47785512500144,-0.15026482423063925,1.1407196958937946
2021-09-08,FTSE 100,^FTSE,41.986204153208426,-1.1641792469471834,1.114190337775538
2021-09-09,FTSE 100,^FTSE,42.07808385527086,0.2185939852108021,1.120522427923992
2021-09-10,FTSE 100,^FTSE,41.91885929154026,-0.3791203548121125,1.096561994613681
2021-09-13,FTSE 100,^FTSE,42.0609782031972,0.3384599245890296,1.0749222728687298
2021-09-14,FTSE 100,^FTSE,43.35473562612423,3.029551159221322,1.0554817049706704
2021-09-15,FTSE 100,^FTSE,44.646617786505196,2.936261606712254,1.2646938470762636
2021-09-16,FTSE 100,^FTSE,44.08303218087511,-1.27036043797637,1.420415686473322
2021-09-17,FTSE 100,^FTSE,43.14530265506581,-2.150139984034638,1.4103022826873601
2021-09-20,FTSE 100,^FTSE,43.56411521842398,0.9660215247239368,1.4584203921201895
2021-09-21,FTSE 100,^FTSE,43.404086903323424,-0.36801610659855655,1.4366169496520635
2021-09-22,FTSE 100,^FTSE,43.80659377304492,0.9230743863411828,1.3976698961150638
2021-09-23,FTSE 100,^FTSE,44.14170463573072,0.7620670110359384,1.3777731005458511
2021-09-24,FTSE 100,^FTSE,44.49062547339791,0.787348453445258,1.353133680731305
2021-09-27,FTSE 100,^FTSE,44.73621135326195,0.5504767595777338,1.330766198703581
2021-09-28,FTSE 100,^FTSE,44.694356959880444,-0.09360199141483783,1.3023942648036102
2021-09-29,FTSE 100,^FTSE,44.32352140907952,-0.8331757683305074,1.2676941595009437
2021-09-30,FTSE 100,^FTSE,43.7048633267251,-1.4056108608226925,1.2486122346739128
2021-10-01,FTSE 100,^FTSE,44.409558187767516,1.599533591874991,1.2584007160953223
2021-10-04,FTSE 100,^FTSE,44.11329620614348,-0.6693482485697455,1.2864329098846443
2021-10-05,FTSE 100,^FTSE,43.95867391448176,-0.35112749337185,1.261116937068771
2021-10-06,FTSE 100,^FTSE,43.75467202395932,-0.46515671286595506,1.2304692744162762
2021-10-07,FTSE 100,^FTSE,43.469001704836465,-0.6550316636284581,1.2032914318109855
2021-10-08,FTSE 100,^FTSE,43.697231388020455,0.5236665544469776,1.1821852903589074
2021-10-11,FTSE 100,^FTSE,43.79094902773099,0.21424076969362993,1.1612044812658646
2021-10-12,FTSE 100,^FTSE,43.27447710974408,-1.1864134800731563,1.1350581913029345
2021-10-13,FTSE 100,^FTSE,43.22179271413394,-0.12181889978064575,1.1410069904621423
2021-10-14,FTSE 100,^FTSE,43.825517933331284,1.3871419926082318,1.1143349173724224
2021-10-15,FTSE 100,^FTSE,44.036824722246756,0.4809960443194594,1.1407404554617575
2021-10-18,FTSE 100,^FTSE,44.356984990067936,0.7243983914805963,1.1209492101191099
2021-10-19,FTSE 100,^FTSE,43.83813030534901,-1.1766199725917303,1.1103230087859015
2021-10-20,FTSE 100,^FTSE,43.69324270542214,-0.3310532607209815,1.117662095082606
2021-10-21,FTSE 100,^FTSE,43.56342936890249,-0.2975438535666175,1.0941186768932194
2021-10-22,FTSE 100,^FTSE,44.02051287265266,1.0437704488216681,1.071364808134811
2021-10-25,FTSE 100,^FTSE,44.35342120682873,0.7534119927575134,1.079580929805439
2021-10-26,FTSE 100,^FTSE,43.65907978342951,-1.5778572838893279,1.0728490667564896
2021-10-27,FTSE 100,^FTSE,43.912873102012206,0.5796240023547838,1.1105713281852103
2021-10-28,FTSE 100,^FTSE,44.084638896728734,0.39038833931090977,1.0954335293473934
2021-10-29,FTSE 100,^FTSE,44.01603073945275,-0.15574948846222014,1.075966886593721
2021-11-01,FTSE 100,^FTSE,43.05079282337596,-2.2173255509204903,1.0528269617126136
2021-11-02,FTSE 100,^FTSE,43.037578714254934,-0.030698941073659114,1.151959976360119
2021-11-03,FTSE 100,^FTSE,43.45629192403585,0.9681991973943926,1.124597300911192
2021-11-04,FTSE 100,^FTSE,43.79286899194881,0.7715346118728039,1.1246762306939557
2021-11-05,FTSE 100,^FTSE,44.30942102353186,1.1726322904666464,1.1157005181929343
2021-11-08,FTSE 100,^FTSE,44.27339493097798,-0.0813387882331984,1.1278774326502041
2021-11-09,FTSE 100,^FTSE,44.73807543992163,1.044100784797175,1.1017630753524252
2021-11-10,FTSE 100,^FTSE,45.298029939943305,1.2438603763846867,1.1075939839464635
2021-11-11,FTSE 100,^FTSE,45.43372101214393,0.2991040555000879,1.124924563017048
2021-11-12,FTSE 100,^FTSE,46.18751469961887,1.6454934054215276,1.1019880588385624
2021-11-15,FTSE 100,^FTSE,46.777318053081345,1.268891148595408,1.1494951358136563
2021-11-16,FTSE 100,^FTSE,46.85279726322998,0.16122852405784371,1.1648101651366125
2021-11-17,FTSE 100,^FTSE,47.394311766624,1.149150288173928,1.137863074542478
2021-11-18,FTSE 100,^FTSE,48.78685776193818,2.895875185582364,1.146826484912558
2021-11-19,FTSE 100,^FTSE,49.52855145289903,1.5088331887296746,1.3193441120745186
2021-11-22,FTSE 100,^FTSE,50.160012859484205,1.2668852374494666,1.3357354044622733
2021-11-23,FTSE 100,^FTSE,50.33467258618931,0.34760027715372566,1.3362228933805493
2021-11-24,FTSE 100,^FTSE,50.7368842049576,0.7958989744050626,1.3032293468569405
2021-11-25,FTSE 100,^FTSE,50.32105884577869,-0.8229490793517868,1.2840849706038562
2021-11-26,FTSE 100,^FTSE,50.28148948135265,-0.07866473985904676,1.263685641903255
2021-11-29,FTSE 100,^FTSE,49.64355473442502,-1.2768438962367235,1.2308193220428527
2021-11-30,FTSE 100,^FTSE,49.05790047583553,-1.1867325170287657,1.2344789616988459
2021-12-01,FTSE 100,^FTSE,49.293977574194614,0.4800671963452796,1.2330015709520568
2021-12-02,FTSE 100,^FTSE,49.54338091699367,0.5046753089294143,1.20808199586792
2021-12-03,FTSE 100,^FTSE,50.913506658346165,2.7279577163600965,1.1851462093822078
2021-12-06,FTSE 100,^FTSE,50.799648318250355,-0.22388134097215406,1.3302304368837672
2021-12-07,FTSE 100,^FTSE,51.296721380531,0.9737407732064884,1.2948404446060147
2021-12-08,FTSE 100,^FTSE,50.959765476673404,-0.6590430276227188,1.2834738590082824
2021-12-09,FTSE 100,^FTSE,51.83042915546508,1.6941003079249395,1.2580349929473393
2021-12-10,FTSE 100,^FTSE,52.137877523967,0.5914288199975193,1.2930845628432706
2021-12-13,FTSE 100,^FTSE,51.58768899521419,-1.0608641769012994,1.2678464092344635
2021-12-14,FTSE 100,^FTSE,51.98516981436037,0.7675423370228973,1.2579505524843553
2021-12-15,FTSE 100,^FTSE,52.50600162111386,0.9968997628915233,1.2404614934699663
2021-12-16,FTSE 100,^FTSE,52.89331227349861,0.7349429164667409,1.2337776442095194
2021-12-17,FTSE 100,^FTSE,52.91916557964373,0.04886627207705274,1.2165488120601655
2021-12-20,FTSE 100,^FTSE,52.679086247734745,-0.45470401527003546,1.1861755378053638
2021-12-21,FTSE 100,^FTSE,53.04028761989497,0.6833237171456563,1.1611242819938472
2021-12-22,FTSE 100,^FTSE,52.73190108376619,-0.5831162496169107,1.1464415268655144
2021-12-23,FTSE 100,^FTSE,53.17794104288298,0.8423062244137025,1.1265521878395157
2021-12-24,FTSE 100,^FTSE,52.74168584640091,-0.8237522661240781,1.1204894904376947
2021-12-27,FTSE 100,^FTSE,52.41665781268937,-0.618170765038073,1.1101164768896579
2021-12-28,FTSE 100,^FTSE,52.12348082798914,-0.5608903089650674,1.0933102124481655
2021-12-29,FTSE 100,^FTSE,52.87270395391024,1.4271677476599187,1.075875377432407
2021-12-30,FTSE 100,^FTSE,52.04941754234317,-1.5693607734537096,1.1089446435801864
2021-12-31,FTSE 100,^FTSE,52.87847794523327,1.580280729571637,1.1423241145064502
2022-01-03,FTSE 100,^FTSE,53.47288399964568,1.1178272341213713,1.1802858796523712
2022-01-04,FTSE 100,^FTSE,53.317680746238395,-0.2906686804220904,1.1841472817266478
2022-01-05,FTSE 100,^FTSE,52.89018900238117,-0.8050138911376514,1.156608177478541
2022-01-06,FTSE 100,^FTSE,53.37667141784384,0.9155927107657558,1.1432291856551902
2022-01-07,FTSE 100,^FTSE,52.14439872949611,-2.335701691310188,1.1393909180695605
2022-01-10,FTSE 100,^FTSE,51.392966843008224,-1.4515437514720286,1.2379759055849044
2022-01-11,FTSE 100,^FTSE,52.61100774997881,2.3424039411749753,1.2514773000913646
2022-01-12,FTSE 100,^FTSE,52.80139309335945,0.36122040456350035,1.344384316243792
2022-01-13,FTSE 100,^FTSE,52.069561566939306,-1.3957027639028396,1.311220470126796
2022-01-14,FTSE 100,^FTSE,52.94082505250629,1.6594234279904807,1.3155270755151756
2022-01-17,FTSE 100,^FTSE,53.808321192150785,1.6253342857847297,1.342567219048199
2022-01-18,FTSE 100,^FTSE,53.356630312668344,-0.8429874655925929,1.364782310410865
2022-01-19,FTSE 100,^FTSE,53.81664139592621,0.8584489414285024,1.3404473664582843
2022-01-20,FTSE 100,^FTSE,55.0597444088776,2.2836118691255347,1.3214460801224817
2022-01-21,FTSE 100,^FTSE,55.542435853789144,0.8728480908859026,1.39950983256796
2022-01-24,FTSE 100,^FTSE,54.84367466206632,-1.2660479149106507,1.3775676623838182
2022-01-25,FTSE 100,^FTSE,56.49651511503227,2.9692097454009136,1.3701235721104423
2022-01-26,FTSE 100,^FTSE,56.492293058437646,-0.007473406729108234,1.5120087018831745
2022-01-27,FTSE 100,^FTSE,57.708517648198224,2.130055936929587,1.4675879658450184
2022-01-28,FTSE 100,^FTSE,58.28249480062433,0.9897005387283109,1.515751212582495
2022-01-31,FTSE 100,^FTSE,58.180894966349825,-0.17447518958810804,1.4915228324424064
2022-02-01,FTSE 100,^FTSE,57.06273480817189,-1.940576238724212,1.4483137816465745
2022-02-02,FTSE 100,^FTSE,55.59472600587269,-2.606293252841141,1.4766876250322682
2022-02-03,FTSE 100,^FTSE,55.36331456818805,-0.4171158250562357,1.556991566617697
2022-02-04,FTSE 100,^FTSE,55.37996286089156,0.030066462209532574,1.513074610771985
2022-02-07,FTSE 100,^FTSE,55.5879805770121,0.3749154095077145,1.4686893766679423
2022-02-08,FTSE 100,^FTSE,55.87144865611058,0.5086490971916824,1.429702108686135
2022-02-09,FTSE 100,^FTSE,56.31388782667016,0.7887687969109436,1.3952271375162122
2022-02-10,FTSE 100,^FTSE,57.49490227535654,2.0755107636793113,1.3705111060012443
2022-02-11,FTSE 100,^FTSE,57.48925319924824,-0.009825833984766774,1.4244116871702341
2022-02-14,FTSE 100,^FTSE,56.2751016329858,-2.134583665538692,1.3839766078413513
2022-02-15,FTSE 100,^FTSE,55.813479690342696,-0.823678107204806,1.4335765772237794
2022-02-16,FTSE 100,^FTSE,56.792258676738264,1.7384613811077365,1.4048222436363913
2022-02-17,FTSE 100,^FTSE,56.54334659292073,-0.4392485193559281,1.4293898019481073
2022-02-18,FTSE 100,^FTSE,55.55129026577379,-1.7700797420069136,1.3918120759320851
2022-02-21,FTSE 100,^FTSE,54.564715052915616,-1.7919313529722203,1.4132209968571792
2022-02-22,FTSE 100,^FTSE,53.972214232017194,-1.09180665144053,1.4342651742544221
2022-02-23,FTSE 100,^FTSE,53.83955033182889,-0.24610295116382908,1.4152110527249167
2022-02-24,FTSE 100,^FTSE,52.34429588675691,-2.816536308038131,1.3759837391313807
2022-02-25,FTSE 100,^FTSE,51.98443789985545,-0.6898567652133369,1.4902860510751432
2022-02-28,FTSE 100,^FTSE,52.810357770281016,1.5762938730852216,1.4548291890474376
2022-03-01,FTSE 100,^FTSE,53.28889839566789,0.9020682852793005,1.4644528547952549
2022-03-02,FTSE 100,^FTSE,53.49690577144804,0.3895791963794526,1.439846099150106
2022-03-03,FTSE 100,^FTSE,54.384871677679826,1.6462204844556183,1.402497167432415
2022-03-04,FTSE 100,^FTSE,53.9739975190129,-0.7583617859222347,1.4209380474406172
2022-03-07,FTSE 100,^FTSE,53.0293748242923,-1.7656401182476689,1.3909063409884475
2022-03-08,FTSE 100,^FTSE,53.93527553733598,1.6938724522404858,1.4120900239150327
2022-03-09,FTSE 100,^FTSE,53.73942148462136,-0.36378884571703907,1.4329308427497354
2022-03-10,FTSE 100,^FTSE,54.99474406146836,2.309078009754151,1.3941038131251446
2022-03-11,FTSE 100,^FTSE,56.224228820283095,2.2110163646374303,1.4656795178517636
2022-03-14,FTSE 100,^FTSE,56.46596082149682,0.42902114683966985,1.5206909244546327
2022-03-15,FTSE 100,^FTSE,56.72935317489445,0.4653776193899617,1.4801568151330247
2022-03-16,FTSE 100,^FTSE,57.53439166712607,1.4091115497274487,1.4422696133688517
2022-03-17,FTSE 100,^FTSE,56.680584786286104,-1.4951152853631022,1.4428972706051437
2022-03-18,FTSE 100,^FTSE,56.976286278777636,0.5203418973454887,1.4430462068807706
2022-03-21,FTSE 100,^FTSE,56.93351299860146,-0.07510026785730872,1.4081647678087905
2022-03-22,FTSE 100,^FTSE,55.14434496045393,-3.1929947200859843,1.3684676515791974
2022-03-23,FTSE 100,^FTSE,54.21181914326018,-1.7055251147054307,1.5254694056772897
2022-03-24,FTSE 100,^FTSE,54.59317317521596,0.7009891465969531,1.5317710401055264
2022-03-25,FTSE 100,^FTSE,53.468897752757194,-2.080870707604321,1.4969719707094242
2022-03-28,FTSE 100,^FTSE,53.4068747502647,-0.1160656115088532,1.5311510241172508
2022-03-29,FTSE 100,^FTSE,54.70394561695448,2.399636044211828,1.4859308497233497
2022-03-30,FTSE 100,^FTSE,55.58652332624283,1.6004946894032201,1.5549264476293658
2022-03-31,FTSE 100,^FTSE,56.57279152580641,1.7587368879240728,1.5583040026344381
2022-04-01,FTSE 100,^FTSE,55.639017932102966,-1.6643438030912172,1.5712351481400895
2022-04-04,FTSE 100,^FTSE,55.84701910422473,0.37314343391310345,1.571653986770267
2022-04-05,FTSE 100,^FTSE,52.99013820702627,-5.251032617193641,1.527783143677687
2022-04-06,FTSE 100,^FTSE,52.37883199071195,-1.1603284606741315,1.9289967900833398
2022-04-07,FTSE 100,^FTSE,53.65856839963739,2.4138625477879483,1.8850416331278896
2022-04-08,FTSE 100,^FTSE,52.45099239276464,-2.2761910141867236,1.9153942924922307
2022-04-11,FTSE 100,^FTSE,52.35800200310439,-0.17744739293914513,1.9273431863764556
2022-04-12,FTSE 100,^FTSE,51.66797382789995,-1.3266653647060256,1.8651312814793881
2022-04-13,FTSE 100,^FTSE,52.72962803298517,2.0339371509598525,1.8306203385062552
2022-04-14,FTSE 100,^FTSE,50.87641317237406,-3.5778078614598474,1.8396451872736355
2022-04-15,FTSE 100,^FTSE,51.79960571563092,1.7983116848173886,1.9678900963537531
2022-04-18,FTSE 100,^FTSE,52.026966445628176,0.4379632086178198,1.9533496297606792
2022-04-19,FTSE 100,^FTSE,52.555325968231045,1.0104273021705357,1.8932810817233952
2022-04-20,FTSE 100,^FTSE,51.77564790199558,-1.4946521673632862,1.849319629378139
2022-04-21,FTSE 100,^FTSE,50.78780444912873,-1.9263665139357844,1.8227720575189288
2022-04-22,FTSE 100,^FTSE,51.666059722571866,1.7144825013071685,1.820140275077135
2022-04-25,FTSE 100,^FTSE,52.77609421340005,2.125724619803293,1.8110273145489726
2022-04-26,FTSE 100,^FTSE,51.53571840698801,-2.3783198507170145,1.8275973726294903
2022-04-27,FTSE 100,^FTSE,51.7218868588109,0.3605906859178276,1.8537121631779678
2022-04-28,FTSE 100,^FTSE,52.12906038634556,0.7841538758181166,1.7969537674327225
2022-04-29,FTSE 100,^FTSE,50.33070699426789,-3.5107206321681073,1.7511372806966372
2022-05-02,FTSE 100,^FTSE,49.78305841106714,-1.094063426047498,1.884577440605859
2022-05-03,FTSE 100,^FTSE,51.48659459291388,3.3646741016119197,1.8407393421572933
2022-05-04,FTSE 100,^FTSE,52.30860778470608,1.5839467702639887,1.9569574302056263
2022-05-05,FTSE 100,^FTSE,50.530567929220325,-3.4582483634970185,1.932332113005512
2022-05-06,FTSE 100,^FTSE,48.753221400268195,-3.5807183420760946,2.0371473547700414
2022-05-09,FTSE 100,^FTSE,48.187699874578385,-1.1667476100051477,2.1408957963865953
2022-05-10,FTSE 100,^FTSE,47.97073380040996,-0.4512686699936097,2.08651225040375
2022-05-11,FTSE 100,^FTSE,47.09598085651683,-1.840344721820486,2.0196826553456484
2022-05-12,FTSE 100,^FTSE,47.612131751334324,1.0899932241391408,1.9991096034289126
2022-05-13,FTSE 100,^FTSE,47.554625808252105,-0.12085301959641193,1.9523329681135695
2022-05-16,FTSE 100,^FTSE,47.555352026471795,0.0015271125831883836,1.8888955448226044
2022-05-17,FTSE 100,^FTSE,46.58123407732069,-2.0696580597363123,1.8280837695117282
2022-05-18,FTSE 100,^FTSE,46.84363530705868,0.5617389062975153,1.8336646702192723
2022-05-19,FTSE 100,^FTSE,45.431792440821404,-3.060301288809253,1.7810155468116642
2022-05-20,FTSE 100,^FTSE,44.76060971469536,-1.4883628780407498,1.8669236281429453
2022-05-23,FTSE 100,^FTSE,45.333532743933084,1.2718490605148514,1.8390522683975168
2022-05-24,FTSE 100,^FTSE,46.37505312191422,2.271467059146648,1.807569370398874
2022-05-25,FTSE 100,^FTSE,46.936324428923534,1.203021734205656,1.8344796416858231
2022-05-26,FTSE 100,^FTSE,45.18241749146531,-3.808386614610537,1.8004992225131151
2022-05-27,FTSE 100,^FTSE,47.02299531516487,3.9928726476288645,1.9583312330403126
2022-05-30,FTSE 100,^FTSE,48.38139452763867,2.847858514671442,2.122957319911054
2022-05-31,FTSE 100,^FTSE,48.90299096508423,1.072323030855804,2.1640839249414245
2022-06-01,FTSE 100,^FTSE,47.542433038047164,-2.821592016229113,2.108544745011011
2022-06-02,FTSE 100,^FTSE,46.82952914745517,-1.5108670739897967,2.1420795609062293
2022-06-03,FTSE 100,^FTSE,47.7299399219495,1.9044903672451152,2.099578495397605
2022-06-06,FTSE 100,^FTSE,48.07859720509728,0.7278241223882542,2.0819970497902713
2022-06-07,FTSE 100,^FTSE,49.19883540449716,2.303283904318576,2.0214391895155996
2022-06-08,FTSE 100,^FTSE,49.23238400746597,0.06816659281132509,2.0329034171123195
2022-06-09,FTSE 100,^FTSE,47.839035631431656,-2.870966727258306,1.9662083078021098
2022-06-10,FTSE 100,^FTSE,47.59762404863238,-0.5059106186452667,2.016549671855504
2022-06-13,FTSE 100,^FTSE,49.534978578413565,3.989621292446932,1.9533818886141352
2022-06-14,FTSE 100,^FTSE,49.03424979589903,-1.0160028603767302,2.118378292794287
2022-06-15,FTSE 100,^FTSE,49.09060111575902,0.11485638048127633,2.0608083125283554
2022-06-16,FTSE 100,^FTSE,48.39526444324785,-1.4265626318317626,1.9931339590001804
2022-06-17,FTSE 100,^FTSE,47.34952576520077,-2.184516279061288,1.9554705983720164
2022-06-20,FTSE 100,^FTSE,46.10755132142171,-2.658006440740701,1.958552434805835
2022-06-21,FTSE 100,^FTSE,45.504702360246156,-1.3161070462414326,1.9933736013392926
2022-06-22,FTSE 100,^FTSE,45.95148845506054,0.9770572011821521,1.9514862523641627
2022-06-23,FTSE 100,^FTSE,47.578910205735056,3.480335894580966,1.9035492931665117
2022-06-24,FTSE 100,^FTSE,48.545607165368885,2.0114109861517626,2.023064268442165
2022-06-27,FTSE 100,^FTSE,48.49429686392427,-0.10575094182065925,2.016541981457376
2022-06-28,FTSE 100,^FTSE,48.69991874574885,0.4231161027446806,1.9503888803028522
2022-06-29,FTSE 100,^FTSE,48.03256796895813,-1.379808143747141,1.8902389747496597
2022-06-30,FTSE 100,^FTSE,48.99735492708814,1.9887035389197116,1.8564407571629782
2022-07-01,FTSE 100,^FTSE,49.266049203481586,0.5468871111448781,1.860662587369012
2022-07-04,FTSE 100,^FTSE,47.92251947451461,-2.7649657579933873,1.8065044675669852
2022-07-05,FTSE 100,^FTSE,49.11148147702568,2.4507316995166395,1.8641298492469918
2022-07-06,FTSE 100,^FTSE,50.5052153869996,2.798375983846757,1.8990379404729816
2022-07-07,FTSE 100,^FTSE,51.15301754172755,1.274487869181673,1.9576875285899642
2022-07-08,FTSE 100,^FTSE,51.864104398772945,1.3805436173246477,1.9196848155076658
2022-07-11,FTSE 100,^FTSE,52.70473726669485,1.607842191200115,1.8881220343794043
2022-07-12,FTSE 100,^FTSE,52.31303246047202,-0.7459816062223901,1.8689563535974945
2022-07-13,FTSE 100,^FTSE,53.0864946252176,1.4677030736474972,1.816533618999738
2022-07-14,FTSE 100,^FTSE,53.925062547357975,1.5672794779693966,1.7950509385831523
2022-07-15,FTSE 100,^FTSE,52.83511078404876,-2.041940548630228,1.7798347348015757
2022-07-18,FTSE 100,^FTSE,52.872191071686714,0.07015653319664139,1.7873764535962189
2022-07-19,FTSE 100,^FTSE,52.27206534369257,-1.1415407087009832,1.7310709071808421
2022-07-20,FTSE 100,^FTSE,55.06103895682833,5.198026414705925,1.6969379217995246
2022-07-21,FTSE 100,^FTSE,54.034292040396934,-1.882348627740127,2.0616737439192723
2022-07-22,FTSE 100,^FTSE,52.3671863288344,-3.1338702724385215,2.040553627627014
2022-07-25,FTSE 100,^FTSE,52.034151458104915,-0.6379918254396433,2.1047461778549783
2022-07-26,FTSE 100,^FTSE,50.9675052276022,-2.0711984562933328,2.0397072902051403
2022-07-27,FTSE 100,^FTSE,49.135631393219185,-3.6603815352324265,2.0301085429650763
2022-07-28,FTSE 100,^FTSE,51.14288556233008,4.0038931129057875,2.1421752781048786
2022-07-29,FTSE 100,^FTSE,51.59745607970018,0.8848977457938112,2.2826938972968756
2022-08-01,FTSE 100,^FTSE,50.05236724355616,-3.040256827490495,2.2165769004853053
2022-08-02,FTSE 100,^FTSE,50.08843974117243,0.07204355599408352,2.256659178743302
2022-08-03,FTSE 100,^FTSE,50.42009733670886,0.6599614499512629,2.18074685640691
2022-08-04,FTSE 100,^FTSE,51.753993642201934,2.6111748722137396,2.1144096969603927
2022-08-05,FTSE 100,^FTSE,50.427935050396144,-2.5956312596760345,2.1391101544678004
2022-08-08,FTSE 100,^FTSE,48.88871300636614,-3.0998736428554885,2.154345693037245
2022-08-09,FTSE 100,^FTSE,48.642767447260354,-0.5043419402348537,2.2046907046700572
2022-08-10,FTSE 100,^FTSE,48.49906737937275,-0.2958564102942596,2.1334797384579476
2022-08-11,FTSE 100,^FTSE,48.87648884666358,0.7751911710121462,2.063278245980082
2022-08-12,FTSE 100,^FTSE,50.524695680168676,3.3165759940640527,2.0046316707102756
2022-08-15,FTSE 100,^FTSE,49.788931428932024,-1.4669541254153096,2.0965455859278816
2022-08-16,FTSE 100,^FTSE,49.20832177035164,-1.1729947994641332,2.0548040538687884
2022-08-17,FTSE 100,^FTSE,49.71540486671871,1.025209128341098,2.004874065538303
2022-08-18,FTSE 100,^FTSE,50.43695401750251,1.4409278887133503,1.9557482005529958
2022-08-19,FTSE 100,^FTSE,50.80746997552248,0.7319269496593783,1.924693230746185
2022-08-22,FTSE 100,^FTSE,50.18774307091304,-1.227255558507201,1.87146828205081
2022-08-23,FTSE 100,^FTSE,49.31913999139411,-1.745859412685613,1.8328574244611004
2022-08-24,FTSE 100,^FTSE,49.01193516310522,-0.6248397616085644,1.8195500515955816
2022-08-25,FTSE 100,^FTSE,48.59833190727126,-0.8474635786609674,1.7669705377444722
2022-08-26,FTSE 100,^FTSE,48.492489996785736,-0.2180266895202454,1.7218170592880975
2022-08-29,FTSE 100,^FTSE,48.820722036687044,0.6745914101266681,1.668606291766662
2022-08-30,FTSE 100,^FTSE,48.70036214702693,-0.24683882829998893,1.6262370175350658
2022-08-31,FTSE 100,^FTSE,48.610520043326204,-0.18464970660061475,1.577415851030878
2022-09-01,FTSE 100,^FTSE,49.30435451853078,1.4172434817126156,1.5303888698484562
2022-09-02,FTSE 100,^FTSE,50.227348472897916,1.854726455416067,1.5251498038968583
2022-09-05,FTSE 100,^FTSE,50.44558793103796,0.43356200345474605,1.5472666070496863
2022-09-06,FTSE 100,^FTSE,49.050927008076926,-2.8036203604624,1.5055495826706102
2022-09-07,FTSE 100,^FTSE,49.187275263284924,0.27758721069344183,1.6009332554447795
2022-09-08,FTSE 100,^FTSE,50.32698975482464,2.2906551656141527,1.5544196673923634
2022-09-09,FTSE 100,^FTSE,50.495914216278784,0.33509175567614236,1.6067001381111763
2022-09-12,FTSE 100,^FTSE,50.932943676100976,0.8617511296857838,1.5606568291787741
2022-09-13,FTSE 100,^FTSE,51.470623427573,1.050128834015407,1.5292786093350585
2022-09-14,FTSE 100,^FTSE,50.95340406428868,-1.0099656739522622,1.5066747163858796
2022-09-15,FTSE 100,^FTSE,51.06892594118576,0.22646400305297298,1.4801898925036927
2022-09-16,FTSE 100,^FTSE,50.57879139206942,-0.9643863348426152,1.438638403703636
2022-09-19,FTSE 100,^FTSE,49.86248805946099,-1.4263368217274142,1.4143573714200819
2022-09-20,FTSE 100,^FTSE,50.4829392945395,1.2366465688091743,1.4127503570625224
2022-09-21,FTSE 100,^FTSE,49.28320788191434,-2.405203133721212,1.4061551104811318
2022-09-22,FTSE 100,^FTSE,48.437941440829604,-1.7299991423890937,1.4765336414309203
2022-09-23,FTSE 100,^FTSE,49.30072903427337,1.7655447963598636,1.4882063131116263
2022-09-26,FTSE 100,^FTSE,49.248787393339676,-0.10541227928100305,1.5073907686676542
2022-09-27,FTSE 100,^FTSE,48.698841399286565,-1.1229506623473107,1.463214457368666
2022-09-28,FTSE 100,^FTSE,48.48815762224547,-0.43356438452653023,1.4437046765782233
2022-09-29,FTSE 100,^FTSE,47.96871535599642,-1.077056039017421,1.4053513635407626
2022-09-30,FTSE 100,^FTSE,47.41097471496019,-1.1695299028995798,1.387443925362453
2022-10-03,FTSE 100,^FTSE,47.190591895199674,-0.4659187502498163,1.3747145802860292
2022-10-04,FTSE 100,^FTSE,47.353117800193125,0.34381148278113116,1.3402438165684527
2022-10-05,FTSE 100,^FTSE,48.3594625955678,2.102924980617793,1.3069867720294523
2022-10-06,FTSE 100,^FTSE,48.39718170351753,0.07796696574944306,1.3703592920164402
2022-10-07,FTSE 100,^FTSE,47.27212143895439,-2.352085978047569,1.3327310164828405
2022-10-10,FTSE 100,^FTSE,46.32932218466425,-2.0145653819514386,1.4070634512895457
2022-10-11,FTSE 100,^FTSE,45.62926032436987,-1.5225884645252208,1.444817806564922
2022-10-12,FTSE 100,^FTSE,45.18307017286057,-0.982672153813402,1.4463885095759135
2022-10-13,FTSE 100,^FTSE,44.13700276360464,-2.3423967408704893,1.4223349460056214
2022-10-14,FTSE 100,^FTSE,43.55579143060597,-1.3255817630763111,1.485306194845834
2022-10-17,FTSE 100,^FTSE,43.58539083052801,0.06793435730929609,1.4735970918816041
2022-10-18,FTSE 100,^FTSE,43.6848241257829,0.22787462671383096,1.431143500823483
2022-10-19,FTSE 100,^FTSE,43.198991508059706,-1.118361752168484,1.3918960623000094
2022-10-20,FTSE 100,^FTSE,43.23392665895522,0.08083761034294312,1.376588680246212
2022-10-21,FTSE 100,^FTSE,41.972355810681385,-2.9614319765983055,1.33868340773815
2022-10-24,FTSE 100,^FTSE,41.837759697826314,-0.32119327780884,1.4742488443541455
2022-10-25,FTSE 100,^FTSE,41.76827874309856,-0.16621041259470282,1.4329845403356198
2022-10-26,FTSE 100,^FTSE,40.96153259010672,-1.9503772908227468,1.392415354778591
2022-10-27,FTSE 100,^FTSE,41.06005076028066,0.24022510545922415,1.4267157824463066
2022-10-28,FTSE 100,^FTSE,40.8450692642491,-0.5249537261297732,1.387817071583104
2022-10-31,FTSE 100,^FTSE,41.362195829971924,1.2581208882336714,1.353802438519691
2022-11-01,FTSE 100,^FTSE,41.31174504993977,-0.12204761441796386,1.3524939845809325
2022-11-02,FTSE 100,^FTSE,40.11972193885373,-2.9278810980097436,1.3154949136409464
2022-11-03,FTSE 100,^FTSE,40.224939279409995,0.261915102035859,1.4510100675053963
2022-11-04,FTSE 100,^FTSE,41.04404594510931,2.015859805681064,1.4112274796185365
2022-11-07,FTSE 100,^FTSE,40.26159743320302,-1.924768406236943,1.4559849921775685
2022-11-08,FTSE 100,^FTSE,39.984488444705676,-0.6906507326044142,1.4825330641629038
2022-11-09,FTSE 100,^FTSE,40.03926873439983,0.1369100881589258,1.4474883502451166
2022-11-10,FTSE 100,^FTSE,40.20777251308034,0.4199632128939257,1.4066414734968193
2022-11-11,FTSE 100,^FTSE,40.54815042760677,0.8429844345736459,1.3714722115988585
2022-11-14,FTSE 100,^FTSE,40.89628197630788,0.8548986313589246,1.3500531408966316
2022-11-15,FTSE 100,^FTSE,41.39669164663831,1.2161812029312546,1.3303434029768326
2022-11-16,FTSE 100,^FTSE,40.7563919835868,-1.5588279842400077,1.328465712726634
2022-11-17,FTSE 100,^FTSE,40.74314321778327,-0.03251249442710602,1.3412849289860982
2022-11-18,FTSE 100,^FTSE,40.588847701551565,-0.3794219214162897,1.3046966728484666
2022-11-21,FTSE 100,^FTSE,40.20875280162957,-0.9408638411600112,1.2722849733233748
2022-11-22,FTSE 100,^FTSE,38.59551999316542,-4.09484959269566,1.2569865840498176
2022-11-23,FTSE 100,^FTSE,38.89274025254031,0.7671399927112521,1.5558219672174425
2022-11-24,FTSE 100,^FTSE,38.46385519948019,-1.108863297583973,1.521697603935518
2022-11-25,FTSE 100,^FTSE,38.800091559125555,0.8703632064646527,1.498129469125375
2022-11-28,FTSE 100,^FTSE,38.49083476058793,-0.8002451610872541,1.470477642763181
2022-11-29,FTSE 100,^FTSE,37.72777902548041,-2.0023487492074388,1.4390399649632672
2022-11-30,FTSE 100,^FTSE,38.60208885434119,2.290972310926609,1.472805926148867
2022-12-01,FTSE 100,^FTSE,39.238800643129814,1.6359679175907083,1.5338093963695731
2022-12-02,FTSE 100,^FTSE,39.535274370031956,0.7527225846317709,1.5409405951226165
2022-12-05,FTSE 100,^FTSE,39.03625400241219,-1.270249129220291,1.5071633217947376
2022-12-06,FTSE 100,^FTSE,40.41335579792003,3.4669515257947037,1.4914180017889649
2022-12-07,FTSE 100,^FTSE,40.40517059807874,-0.02025575133397517,1.6705173753258993
2022-12-08,FTSE 100,^FTSE,40.44776342918765,0.10535878644688523,1.6190546772731313
2022-12-09,FTSE 100,^FTSE,40.65416479492834,0.5089935982315552,1.5702513108638485
2022-12-12,FTSE 100,^FTSE,41.08256755665087,1.0482598760812145,1.5288852463768707
2022-12-13,FTSE 100,^FTSE,41.49355093915015,0.9954131618079565,1.5062281836286577
2022-12-14,FTSE 100,^FTSE,41.73728372156258,0.5856807278688425,1.482779151323746
2022-12-15,FTSE 100,^FTSE,41.67941149255445,-0.13875456980074752,1.447441372431219
2022-12-16,FTSE 100,^FTSE,41.39689220536088,-0.6801467174823994,1.4060907493211225
2022-12-19,FTSE 100,^FTSE,40.94551029327758,-1.0963644969690822,1.3747004886351373
2022-12-20,FTSE 100,^FTSE,41.498828951915414,1.3423043271870494,1.3595140197901332
2022-12-21,FTSE 100,^FTSE,42.58648686888755,2.587178449079275,1.3624816847463463
2022-12-22,FTSE 100,^FTSE,42.14852274513234,-1.0337357034559513,1.4647348379175027
2022-12-23,FTSE 100,^FTSE,42.55453716677299,0.9586844482563972,1.441547910458232
2022-12-26,FTSE 100,^FTSE,41.60219825870616,-2.2633472122731035,1.420451959455173
2022-12-27,FTSE 100,^FTSE,42.57900909898725,2.3208379053353045,1.4768607828955713
2022-12-28,FTSE 100,^FTSE,42.914096148881114,0.7838965840072376,1.5399866596724128
2022-12-29,FTSE 100,^FTSE,42.648944244621326,-0.6197833826762977,1.5072076102901828
2022-12-30,FTSE 100,^FTSE,41.450750470299184,-2.849653284226328,1.4692686094582597
2023-01-02,FTSE 100,^FTSE,40.916453577586836,-1.2973716739639318,1.573956828011264
2023-01-03,FTSE 100,^FTSE,41.866950373836154,2.296447167495197,1.5552655527617254
2023-01-04,FTSE 100,^FTSE,41.788032522208866,-0.18867465465008948,1.6079327757414446
2023-01-05,FTSE 100,^FTSE,42.12625258758486,0.8061128005641294,1.5595680343360883
2023-01-06,FTSE 100,^FTSE,42.66313259972559,1.266401887970714,1.5264447109751027
2023-01-09,FTSE 100,^FTSE,43.14239310422013,1.1170970272257108,1.5137210300024593
2023-01-10,FTSE 100,^FTSE,43.083933223472435,-0.13559638267026664,1.4948919558950262
2023-01-11,FTSE 100,^FTSE,43.43511580403252,0.8118085281330512,1.451366795398845
2023-01-12,FTSE 100,^FTSE,42.741757733172435,-1.6091858622951705,1.4242952367046695
2023-01-13,FTSE 100,^FTSE,42.928833618854334,0.43673372643016073,1.4325700053609365
2023-01-16,FTSE 100,^FTSE,43.47023428791189,1.2532722136940677,1.396447551056076
2023-01-17,FTSE 100,^FTSE,43.73948207578628,0.6174739572083254,1.3918471140779245
2023-01-18,FTSE 100,^FTSE,44.078608647986094,0.7723425895092006,1.362028975058533
2023-01-19,FTSE 100,^FTSE,43.70256247020647,-0.8567861954777989,1.338629819443547
2023-01-20,FTSE 100,^FTSE,43.60937128685573,-0.21346731134843644,1.3162500227031422
2023-01-23,FTSE 100,^FTSE,43.88773141062846,0.6362749263645551,1.2814511554696992
2023-01-24,FTSE 100,^FTSE,44.064182713245096,0.4012454785323971,1.258175607220081
2023-01-25,FTSE 100,^FTSE,44.077704782786,0.030682505290346995,1.2301497457298223
2023-01-26,FTSE 100,^FTSE,44.915436171926075,1.882743155361677,1.199032692261235
2023-01-27,FTSE 100,^FTSE,45.04911060533763,0.2971715783036011,1.2556386594566478
2023-01-30,FTSE 100,^FTSE,45.33655504477044,0.6360420237223163,1.2258557292345165
2023-01-31,FTSE 100,^FTSE,46.21859484297817,1.926854118392285,1.205730487039164
2023-02-01,FTSE 100,^FTSE,46.6210973523538,0.8670968671351087,1.265400471760206
2023-02-02,FTSE 100,^FTSE,46.36262342389003,-0.5559566600801702,1.2513366240214001
2023-02-03,FTSE 100,^FTSE,46.97930660464943,1.321361478737959,1.2250090678241625
2023-02-06,FTSE 100,^FTSE,47.27579207701646,0.6291149325301948,1.2372945337219792
2023-02-07,FTSE 100,^FTSE,47.210713391170444,-0.13775236117474776,1.2162943742710477
2023-02-08,FTSE 100,^FTSE,46.656758185071794,-1.1803058670721178,1.1859125901438288
2023-02-09,FTSE 100,^FTSE,46.7711448355433,0.24486626356363672,1.1876519721344958
2023-02-10,FTSE 100,^FTSE,47.30439108307321,1.1336676499120735,1.1605549810812126
2023-02-13,FTSE 100,^FTSE,47.18949446420929,-0.24318330190689075,1.1668264306533371
2023-02-14,FTSE 100,^FTSE,47.29362452199584,0.22042053874531398,1.139659540861491
2023-02-15,FTSE 100,^FTSE,47.430496229200024,0.28899038888141604,1.1147167792816695
2023-02-16,FTSE 100,^FTSE,47.38000797357256,-0.10650351630214772,1.092153799107968
2023-02-17,FTSE 100,^FTSE,47.462754409445154,0.17449187431624047,1.067945083611222
2023-02-20,FTSE 100,^FTSE,47.18473693075948,-0.5874815578533088,1.0462270840444603
2023-02-21,FTSE 100,^FTSE,46.169233877482526,-2.1756827317351846,1.0323346012822237
2023-02-22,FTSE 100,^FTSE,45.86912361351705,-0.652144031610824,1.130194475737209
2023-02-23,FTSE 100,^FTSE,46.216673909714906,0.754843756143142,1.1132236024368887
2023-02-24,FTSE 100,^FTSE,46.47621888282627,0.5600119784770374,1.1043149646045196
2023-02-27,FTSE 100,^FTSE,46.60400585903641,0.27457401794555025,1.0889310143805728
2023-02-28,FTSE 100,^FTSE,47.31397147579939,1.511913184254432,1.0675202268971056
2023-03-01,FTSE 100,^FTSE,46.933060780069844,-0.8083284123694412,1.1079758111501148
2023-03-02,FTSE 100,^FTSE,47.34779915812536,0.8797990462681593,1.097805627861119
2023-03-03,FTSE 100,^FTSE,46.95595880385668,-0.8310222577953663,1.0954713743428501
2023-03-06,FTSE 100,^FTSE,47.16408007653007,0.4422471863727573,1.087019502437116
2023-03-07,FTSE 100,^FTSE,46.925754030167525,-0.5065936364311074,1.0692919317158824
2023-03-08,FTSE 100,^FTSE,46.621757766521036,-0.6499314153876057,1.0518511577812364
2023-03-09,FTSE 100,^FTSE,45.70102695364401,-1.9946567745384947,1.0395517645444918
2023-03-10,FTSE 100,^FTSE,46.685998196316355,2.132352594746534,1.1179016302866875
2023-03-13,FTSE 100,^FTSE,45.687847990219254,-2.1611940998514267,1.2083311939660057
2023-03-14,FTSE 100,^FTSE,45.74848383928877,0.1326296817573791,1.2803892618447605
2023-03-15,FTSE 100,^FTSE,45.41906958016105,-0.7226599384861476,1.2474204897883336
2023-03-16,FTSE 100,^FTSE,45.04715077505199,-0.822231544524632,1.225840267861051
2023-03-17,FTSE 100,^FTSE,44.943242076171636,-0.23093297354734865,1.2088584099418533
2023-03-20,FTSE 100,^FTSE,44.17003139568597,-1.73538700817093,1.1794553638884409
2023-03-21,FTSE 100,^FTSE,43.44946659824291,-1.6447960984166343,1.2183754830003206
2023-03-22,FTSE 100,^FTSE,43.06853370213206,-0.8805921458691301,1.2466747756449177
2023-03-23,FTSE 100,^FTSE,42.8922216640838,-0.41021576541728777,1.2305957804638776
2023-03-24,FTSE 100,^FTSE,42.563621317848984,-0.7690567534087922,1.2024075631647966
2023-03-27,FTSE 100,^FTSE,43.0214598219091,1.0699128058384577,1.1849561758162417
2023-03-28,FTSE 100,^FTSE,43.09784091825646,0.17738443233699108,1.1858739834587368
2023-03-29,FTSE 100,^FTSE,44.1699417288781,2.4571605210080616,1.158023678082583
2023-03-30,FTSE 100,^FTSE,44.731132073125195,1.2625219798282572,1.2768051493369785
2023-03-31,FTSE 100,^FTSE,43.73962278773516,-2.241533491363912,1.2814632689931102
2023-04-03,FTSE 100,^FTSE,43.82276890536401,0.18991290898142665,1.351899228140787
2023-04-04,FTSE 100,^FTSE,44.86029024121738,2.339947866921266,1.3160049916082983
2023-04-05,FTSE 100,^FTSE,45.64538600388196,1.7349529628672755,1.4000960443656856
2023-04-06,FTSE 100,^FTSE,46.52173409476727,1.9017074650157895,1.4248383339913242
2023-04-07,FTSE 100,^FTSE,46.4614345315756,-0.12969997158736035,1.4594262263062459
2023-04-10,FTSE 100,^FTSE,45.86243230340708,-1.297628996454181,1.4174953717494256
2023-04-11,FTSE 100,^FTSE,45.730162929947376,-0.2888213071580381,1.4089232457886347
2023-04-12,FTSE 100,^FTSE,45.46113266672843,-0.5900366739329144,1.3703766018321928
2023-04-13,FTSE 100,^FTSE,46.22167733067176,1.659116054428722,1.338630598529342
2023-04-14,FTSE 100,^FTSE,44.94817711568857,-2.7938687840937337,1.363548417118811
2023-04-17,FTSE 100,^FTSE,43.40824312276819,-3.4860849719927867,1.477276299288387
2023-04-18,FTSE 100,^FTSE,43.767801758794256,0.824907061164426,1.650025211999097
2023-04-19,FTSE 100,^FTSE,43.52460974434615,-0.5571908014490479,1.6127483319803941
2023-04-20,FTSE 100,^FTSE,42.9453127782725,-1.3399008951989089,1.5684840330571046
2023-04-21,FTSE 100,^FTSE,42.04800365853672,-2.1115600550017266,1.552093154825475
2023-04-24,FTSE 100,^FTSE,42.04314659411091,-0.011551903896211968,1.5834376746504588
2023-04-25,FTSE 100,^FTSE,42.609062339766865,1.337057079998294,1.5358171319866605
2023-04-26,FTSE 100,^FTSE,41.16569801674131,-3.446162446635359,1.5259975450806418
2023-04-27,FTSE 100,^FTSE,40.9895134884037,-0.42890717509593834,1.6860771202132891
2023-04-28,FTSE 100,^FTSE,40.4651070285575,-1.2876217504055543,1.6364338040685689
2023-05-01,FTSE 100,^FTSE,42.12275979341391,4.0148159369743475,1.6135036896770272
2023-05-02,FTSE 100,^FTSE,42.9358183302732,1.9118196410530253,1.837209382778283
2023-05-03,FTSE 100,^FTSE,41.04370894208737,-4.506883307906273,1.838194395331211
2023-05-04,FTSE 100,^FTSE,39.99780585498504,-2.5812971627536374,2.0700472158798604
2023-05-05,FTSE 100,^FTSE,38.958524783343414,-2.632698583052262,2.0898966357826776
2023-05-08,FTSE 100,^FTSE,38.5397945295517,-1.0806281537206086,2.1116347395245447
2023-05-09,FTSE 100,^FTSE,38.37162463702449,-0.437308691881233,2.0561541035808766
2023-05-10,FTSE 100,^FTSE,37.19631341958926,-3.1108589953240173,1.9904588626786945
2023-05-11,FTSE 100,^FTSE,37.411348585613716,0.576444176619928,2.0578704724742534
2023-05-12,FTSE 100,^FTSE,36.406899410671436,-2.7215795579796698,1.9954298635911585
2023-05-15,FTSE 100,^FTSE,38.13631800925547,4.640875575750636,2.031645593490028
2023-05-16,FTSE 100,^FTSE,39.36952310323597,3.182493499207295,2.2574474812994114
2023-05-17,FTSE 100,^FTSE,39.41072551438419,0.10460087554422515,2.3118240445275147
2023-05-18,FTSE 100,^FTSE,39.932172197065036,1.3144319286654493,2.2337733151074177
2023-05-19,FTSE 100,^FTSE,39.678845121320016,-0.6364142534668549,2.1826132208151585
2023-05-22,FTSE 100,^FTSE,38.723170090212356,-2.4380045966067243,2.1141744812302186
2023-05-23,FTSE 100,^FTSE,37.56794797057147,-3.028689195700629,2.1211127037697493
2023-05-24,FTSE 100,^FTSE,36.926132295765484,-1.72317465707863,2.1690572935089834
2023-05-25,FTSE 100,^FTSE,36.61798357858021,-0.8380018355625296,2.1338975387767007
2023-05-26,FTSE 100,^FTSE,36.88987382311014,0.7397616909709193,2.0713471212533
2023-05-29,FTSE 100,^FTSE,36.12742474704152,-2.0884826042448346,2.011533222934139
2023-05-30,FTSE 100,^FTSE,36.26464102518629,0.37909249034466797,2.0048686929653807
2023-05-31,FTSE 100,^FTSE,36.457914977352736,0.5315390928036567,1.941780382554621
2023-06-01,FTSE 100,^FTSE,35.965753441993755,-1.3591388625391776,1.8837034039748748
2023-06-02,FTSE 100,^FTSE,36.01945186351308,0.14919296611526356,1.8494422508921395
2023-06-05,FTSE 100,^FTSE,35.23372491539806,-2.205540396048722,1.7908696942512123
2023-06-06,FTSE 100,^FTSE,34.97589449840694,-0.7344622522248656,1.8081610430918718
2023-06-07,FTSE 100,^FTSE,34.29718129508961,-1.9595922780587305,1.7583205629068401
2023-06-08,FTSE 100,^FTSE,34.18297980305599,-0.3335319195235886,1.7624033944491773
2023-06-09,FTSE 100,^FTSE,34.57897313657643,1.1517930901551843,1.708300999842045
2023-06-12,FTSE 100,^FTSE,34.9084305672462,0.9482579052330742,1.6794072568171048
2023-06-13,FTSE 100,^FTSE,34.2089053280484,-2.0242363685958775,1.6445598899591238
2023-06-14,FTSE 100,^FTSE,34.72019505417809,1.483550781418419,1.6617455509314645
2023-06-15,FTSE 100,^FTSE,35.93002915996174,3.425190500585673,1.6510280529982344
2023-06-16,FTSE 100,^FTSE,36.292030967031266,1.0024771879227234,1.7997542184145952
2023-06-19,FTSE 100,^FTSE,36.529510326735064,0.6522251447682148,1.7603691735418083
2023-06-20,FTSE 100,^FTSE,36.848897218381545,0.870525592737037,1.7130397193692368
2023-06-21,FTSE 100,^FTSE,36.63285790104697,-0.5880097432517939,1.6739091787602378
2023-06-22,FTSE 100,^FTSE,36.05445025306453,-1.591529172487105,1.6273538384625195
2023-06-23,FTSE 100,^FTSE,35.53209200556625,-1.459401452288045,1.6197298149338446
2023-06-26,FTSE 100,^FTSE,35.09086207948328,-1.2495531314393293,1.6058046945875175
2023-06-27,FTSE 100,^FTSE,34.2971678376813,-2.2877976528933086,1.5830724606486557
2023-06-28,FTSE 100,^FTSE,34.30015168194542,0.008699594348327011,1.6247969722583373
2023-06-29,FTSE 100,^FTSE,34.79088550035141,1.4205665190065275,1.5753810325456221
2023-06-30,FTSE 100,^FTSE,35.23341427584133,1.2639459966677702,1.5672100151483344
2023-07-03,FTSE 100,^FTSE,35.218607020650595,-0.042035005202878395,1.5517348648605307
2023-07-04,FTSE 100,^FTSE,35.29831832552501,0.22607718199303406,1.5055031357913784
2023-07-05,FTSE 100,^FTSE,34.90808544406952,-1.1116846309778605,1.4627780981788765
2023-07-06,FTSE 100,^FTSE,35.505754289231476,1.697629900904829,1.4428248463624385
2023-07-07,FTSE 100,^FTSE,35.61183642058586,0.29832903216586715,1.4612858388795875
2023-07-10,FTSE 100,^FTSE,35.30243335331251,-0.8726171236795643,1.4214920534609168
2023-07-11,FTSE 100,^FTSE,35.75006192863668,1.2600106323028104,1.3949753749921185
2023-07-12,FTSE 100,^FTSE,35.75514633697691,0.01422108535060751,1.3908332553302316
2023-07-13,FTSE 100,^FTSE,36.11390261628081,0.9983692964282032,1.352000238538033
2023-07-14,FTSE 100,^FTSE,35.45653105305847,-1.837043640808611,1.3380567415594278
2023-07-17,FTSE 100,^FTSE,36.028612996062925,1.600595939394145,1.369090162637038
2023-07-18,FTSE 100,^FTSE,36.27837705508562,0.6908462161575368,1.3873267117204602
2023-07-19,FTSE 100,^FTSE,36.57850573678054,0.8238902569197126,1.359875903358886
2023-07-20,FTSE 100,^FTSE,37.17525579902273,1.6182580322159357,1.3384303598404372
2023-07-21,FTSE 100,^FTSE,37.1961031632892,0.0560628852380507,1.3605230648300095
2023-07-24,FTSE 100,^FTSE,36.02697581270348,-3.1936016136422385,1.323251352687808
2023-07-25,FTSE 100,^FTSE,37.071492393368835,2.858028916230504,1.4881067604416653
2023-07-26,FTSE 100,^FTSE,37.8267846750486,2.0169165838771708,1.600537706493425
2023-07-27,FTSE 100,^FTSE,37.501952329946874,-0.8624447228588128,1.6274533259643633
2023-07-28,FTSE 100,^FTSE,37.54633017633025,0.11826480253458449,1.5896742027131805
2023-07-31,FTSE 100,^FTSE,37.814858534315974,0.7126466528661446,1.5422512587809314
2023-08-01,FTSE 100,^FTSE,37.365829919310315,-1.1945460029795019,1.507240446287437
2023-08-02,FTSE 100,^FTSE,38.108057505107226,1.9669094569634726,1.4881028552954199
2023-08-03,FTSE 100,^FTSE,38.2843913261858,0.4616533098507958,1.5215983910027924
2023-08-04,FTSE 100,^FTSE,39.601988483703835,3.383705528923686,1.4816305771980869
2023-08-07,FTSE 100,^FTSE,38.90701843451302,-1.7704674403411058,1.6526200894399399
2023-08-08,FTSE 100,^FTSE,39.43934480913357,1.3589260420687754,1.6532456657974954
2023-08-09,FTSE 100,^FTSE,38.78534180883745,-1.6721530434789411,1.6368269515693064
2023-08-10,FTSE 100,^FTSE,38.104178969198344,-1.7718426468467552,1.6329593450015174
2023-08-11,FTSE 100,^FTSE,38.675529697387944,1.488313213525938,1.6351190843548138
2023-08-14,FTSE 100,^FTSE,38.79629222706073,0.311758842077392,1.6264530717693781
2023-08-15,FTSE 100,^FTSE,38.99221721711634,0.5037386774973118,1.579199990786852
2023-08-16,FTSE 100,^FTSE,38.40942460205404,-1.505920585446674,1.5372982122630638
2023-08-17,FTSE 100,^FTSE,38.818130984579646,1.0584569073414318,1.5313100123290349
2023-08-18,FTSE 100,^FTSE,38.89546452884095,0.19902198393149106,1.5089276342109832
2023-08-21,FTSE 100,^FTSE,38.441363002132974,-1.174360935261376,1.4657758007509099
2023-08-22,FTSE 100,^FTSE,37.62001964023976,-2.159769544350887,1.44831172245829
2023-08-23,FTSE 100,^FTSE,36.96686508117902,-1.7514372878172146,1.4933124971268
2023-08-24,FTSE 100,^FTSE,35.8653597013475,-3.0250054221552247,1.5050012045189556
2023-08-25,FTSE 100,^FTSE,35.8388339786095,-0.07398653436205826,1.6226046398215033
2023-08-28,FTSE 100,^FTSE,35.874951680089566,0.10072736839110696,1.5732433790566551
2023-08-29,FTSE 100,^FTSE,36.29621610656205,1.1674169166423276,1.5264538693981293
2023-08-30,FTSE 100,^FTSE,37.073460141958456,2.1187857217422223,1.5090759298158267
2023-08-31,FTSE 100,^FTSE,35.945631024443614,-3.089380600719327,1.5521647391108362
2023-09-01,FTSE 100,^FTSE,37.046949211654756,3.01784583272382,1.6698150730401242
2023-09-04,FTSE 100,^FTSE,37.751379844793064,1.8836021320657537,1.7740421548100103
2023-09-05,FTSE 100,^FTSE,37.03880140186118,-1.9055977513554367,1.7780201179233937
2023-09-06,FTSE 100,^FTSE,37.53021010503327,1.318016176007486,1.7774098369944888
2023-09-07,FTSE 100,^FTSE,37.391911296958,-0.3691805906323342,1.7514698047743975
2023-09-08,FTSE 100,^FTSE,38.19489938314778,2.1247577148874264,1.6982058712236268
2023-09-11,FTSE 100,^FTSE,38.661018382686954,1.2129832762212356,1.7242127095673931
2023-09-12,FTSE 100,^FTSE,39.328693731921575,1.71225574138556,1.696906181546434
2023-09-13,FTSE 100,^FTSE,39.51279226145116,0.46701013256309487,1.6963642555234308
2023-09-14,FTSE 100,^FTSE,39.9531131551716,1.1082121265598932,1.6482730378995332
2023-09-15,FTSE 100,^FTSE,39.476464522759386,-1.2001936003248836,1.6210756139316482
2023-09-18,FTSE 100,^FTSE,39.80399455838793,0.8262613582636025,1.5953850758532193
2023-09-19,FTSE 100,^FTSE,40.26784016850479,1.1585866622793262,1.5610019522578324
2023-09-20,FTSE 100,^FTSE,40.35311040472825,0.21153376985361128,1.5410953445208926
2023-09-21,FTSE 100,^FTSE,40.44912687101801,0.23765805185544941,1.4965932975741045
2023-09-22,FTSE 100,^FTSE,40.84145433599086,0.9652545357456077,1.4544037965109067
2023-09-25,FTSE 100,^FTSE,40.14116543811909,-1.7295225960547889,1.4328073134879393
2023-09-26,FTSE 100,^FTSE,40.52452841043624,0.9505053271088748,1.4480176968673895
2023-09-27,FTSE 100,^FTSE,40.63042947773113,0.26098498517193036,1.4262154616021083
2023-09-28,FTSE 100,^FTSE,40.32777508080105,-0.7476840884099722,1.3875905678878757
2023-09-29,FTSE 100,^FTSE,40.334196797750295,0.015922538993917712,1.3590303672214292
2023-10-02,FTSE 100,^FTSE,40.05574966378712,-0.6927439555853621,1.3216874324725916
2023-10-03,FTSE 100,^FTSE,40.59991300882812,1.3493698613379568,1.2951097076789448
2023-10-04,FTSE 100,^FTSE,40.26049980414668,-0.8395089421100455,1.3034551364872544
2023-10-05,FTSE 100,^FTSE,40.27422764392966,0.034091727509188985,1.2825046893111436
2023-10-06,FTSE 100,^FTSE,41.16793069237476,2.1947820186778877,1.2488556567278555
2023-10-09,FTSE 100,^FTSE,40.814287157243726,-0.862737647080758,1.3277257196722896
2023-10-10,FTSE 100,^FTSE,40.71177941665235,-0.2514724404584445,1.3061814409319363
2023-10-11,FTSE 100,^FTSE,40.91361710033836,0.49454729452409474,1.2721780722336542
2023-10-12,FTSE 100,^FTSE,41.73032115658013,1.9765046557449484,1.2455117588775775
2023-10-13,FTSE 100,^FTSE,41.3955091941227,-0.8055589258088691,1.3049061566070195
2023-10-16,FTSE 100,^FTSE,40.53423523825269,-2.102546981552722,1.2827177264047172
2023-10-17,FTSE 100,^FTSE,40.719023281492284,0.4548454183554096,1.3406701159370944
2023-10-18,FTSE 100,^FTSE,41.191970418621516,1.1547958865818497,1.30952073473987
2023-10-19,FTSE 100,^FTSE,40.91622829485242,-0.6716580431815444,1.3058961653915033
2023-10-20,FTSE 100,^FTSE,40.293745391131644,-1.5330508482631178,1.2795873190576181
2023-10-23,FTSE 100,^FTSE,40.11491620667178,-0.44480153194563776,1.2948141311999932
2023-10-24,FTSE 100,^FTSE,40.10408150095054,-0.027012817653515597,1.2639554810288087
2023-10-25,FTSE 100,^FTSE,39.96936566482084,-0.33648098839700324,1.2310619221281136
2023-10-26,FTSE 100,^FTSE,39.96128619511046,-0.02021619879206682,1.2017237772273395
2023-10-27,FTSE 100,^FTSE,40.24530856994963,0.708229947572736,1.1718821916637323
2023-10-30,FTSE 100,^FTSE,41.0438409694166,1.964734755297215,1.1574416258412483
2023-10-31,FTSE 100,^FTSE,41.464073915191086,1.0186576165254646,1.2263588754200505
2023-11-01,FTSE 100,^FTSE,41.3448621986945,-0.28792013143621453,1.2216967111492623
2023-11-02,FTSE 100,^FTSE,41.313897291850246,-0.07492226712226824,1.192224767789686
2023-11-03,FTSE 100,^FTSE,41.51988690042301,0.497357534011611,1.1628564462145587
2023-11-06,FTSE 100,^FTSE,41.76006046897257,0.5767876709458442,1.1422496964234163
2023-11-07,FTSE 100,^FTSE,41.88073928924084,0.2885646822070598,1.1251322348645216
2023-11-08,FTSE 100,^FTSE,41.652687528956704,-0.5460145370531411,1.1020013770173116
2023-11-09,FTSE 100,^FTSE,42.6034600289607,2.2569578277486624,1.0836719850502432
2023-11-10,FTSE 100,^FTSE,43.32877485719271,1.6881489336626032,1.1923189063935211
2023-11-13,FTSE 100,^FTSE,43.479291820684196,0.3467813996819391,1.2335524080521931
2023-11-14,FTSE 100,^FTSE,43.14081568384351,-0.7815226034013634,1.2057457833915872
2023-11-15,FTSE 100,^FTSE,43.62320137647678,1.111960186654759,1.1885257502431268
2023-11-16,FTSE 100,^FTSE,43.29755885494427,-0.749289454492752,1.1914402039500451
2023-11-17,FTSE 100,^FTSE,43.05680998758896,-0.5575849706832781,1.1739689968526024
2023-11-20,FTSE 100,^FTSE,42.615207302833404,-1.0309237715121267,1.151877199365048
2023-11-21,FTSE 100,^FTSE,42.250779512782906,-0.8588364873574506,1.1484691391316293
2023-11-22,FTSE 100,^FTSE,42.629701222594285,0.8928418494400958,1.1376887238940512
2023-11-23,FTSE 100,^FTSE,43.292333426451755,1.5424340072074827,1.133166005247867
2023-11-24,FTSE 100,^FTSE,42.72474200863055,-1.3197371639805056,1.1691513368687454
2023-11-27,FTSE 100,^FTSE,42.77826130506631,0.12518695566496874,1.180167635709567
2023-11-28,FTSE 100,^FTSE,42.67746287290523,-0.23590807960065519,1.15210318543782
2023-11-29,FTSE 100,^FTSE,42.83050138892315,0.3579518720749242,1.125620083759249
2023-11-30,FTSE 100,^FTSE,42.934451954597805,0.2424081458095806,1.1037719492256592
2023-12-01,FTSE 100,^FTSE,41.850796866869295,-2.5563741727276046,1.0810445320586646
2023-12-04,FTSE 100,^FTSE,42.24554098645956,0.9387971672988993,1.2132772064897852
2023-12-05,FTSE 100,^FTSE,42.047208059135585,-0.47058209768273684,1.2057162970681887
2023-12-06,FTSE 100,^FTSE,42.15795334015452,0.2630369517284681,1.1799465137808867
2023-12-07,FTSE 100,^FTSE,42.48137677516433,0.7642428377978572,1.153513343449153
2023-12-08,FTSE 100,^FTSE,42.07943841332988,-0.9506563720417027,1.1423712778224888
2023-12-11,FTSE 100,^FTSE,42.17475533761913,0.22626046422002943,1.1358901534975605
2023-12-12,FTSE 100,^FTSE,42.49021838419061,0.7452066482617425,1.1112248623769636
2023-12-13,FTSE 100,^FTSE,42.76498020276141,0.6445654327381423,1.1020557939343674
2023-12-14,FTSE 100,^FTSE,44.083009267855,3.0354882739732414,1.0896434068145557
2023-12-15,FTSE 100,^FTSE,43.619671668147255,-1.0566197190633009,1.2920639073443556
2023-12-18,FTSE 100,^FTSE,43.84035009438509,0.5046394686592404,1.2803976111940671
2023-12-19,FTSE 100,^FTSE,43.21717916725826,-1.4316546226772253,1.253541584401066
2023-12-20,FTSE 100,^FTSE,43.37782504802497,0.3710284825617638,1.264524479572951
2023-12-21,FTSE 100,^FTSE,43.34140609470597,-0.0839928006283408,1.2355736812934541
2023-12-22,FTSE 100,^FTSE,44.11897112217399,1.7781435196372986,1.2040827565539869
2023-12-25,FTSE 100,^FTSE,44.2291106144674,0.24933093551351426,1.2513173200580106
2023-12-26,FTSE 100,^FTSE,43.56856902898362,-1.5047186926098632,1.221048333608621
2023-12-27,FTSE 100,^FTSE,44.590763072133626,2.319073501520297,1.2394243733359418
2023-12-28,FTSE 100,^FTSE,44.46348686375233,-0.28583991248374296,1.33165461093084
2023-12-29,FTSE 100,^FTSE,43.76916723831243,-1.5738707279313147,1.2967555903898018
2024-01-01,FTSE 100,^FTSE,43.868475874687654,0.22663475500821484,1.313185736011232
2024-01-02,FTSE 100,^FTSE,44.48882872066408,1.4042144954738767,1.2795671876575032
2024-01-03,FTSE 100,^FTSE,45.29771787723894,1.8018535562773774,1.2925496910383913
2024-01-04,FTSE 100,^FTSE,45.03328073288173,-0.585486497043286,1.3324457169474024
2024-01-05,FTSE 100,^FTSE,44.806710823327215,-0.5043864897328554,1.3025479448045238
2024-01-08,FTSE 100,^FTSE,45.049829416632434,0.541127414661835,1.2724262093701346
2024-01-09,FTSE 100,^FTSE,44.998204911909255,-0.11465993847390443,1.246933272342794
2024-01-10,FTSE 100,^FTSE,44.27204574592647,-1.6269141791640962,1.2149627762302448
2024-01-11,FTSE 100,^FTSE,43.9182378583482,-0.8023781562484178,1.242298493023292
2024-01-12,FTSE 100,^FTSE,43.76407970799943,-0.35162918468785165,1.2236341410565654
2024-01-15,FTSE 100,^FTSE,42.827168196139695,-2.1640710783454864,1.1948835305173333
2024-01-16,FTSE 100,^FTSE,42.90697804862085,0.18617990387870265,1.268907679712694
2024-01-17,FTSE 100,^FTSE,42.53683066814869,-0.8664166580124366,1.2370004498323144
2024-01-18,FTSE 100,^FTSE,42.28597475939689,-0.5914839502024094,1.2209738912939123
2024-01-19,FTSE 100,^FTSE,42.24246638437624,-0.10294376253541238,1.1971529423090481
2024-01-22,FTSE 100,^FTSE,42.51042347882915,0.6323276709832903,1.1675966949059826
2024-01-23,FTSE 100,^FTSE,43.24362578637555,1.7100537669597848,1.1507638669641664
2024-01-24,FTSE 100,^FTSE,43.31773832069654,0.17123702519010742,1.1982091124577905
2024-01-25,FTSE 100,^FTSE,43.27826735042469,-0.09116118624508118,1.1696681441902697
2024-01-26,FTSE 100,^FTSE,43.71656675684984,1.0076532004048122,1.1414554726491681
2024-01-29,FTSE 100,^FTSE,43.11395300377886,-1.3880451942791971,1.1423203376172033
2024-01-30,FTSE 100,^FTSE,42.718839961739235,-0.9206640475579508,1.1598930430915955
2024-01-31,FTSE 100,^FTSE,42.87023932106854,0.3537823248243477,1.150929447830965
2024-02-01,FTSE 100,^FTSE,43.284053595762416,0.9606426865780282,1.1276207572611079
2024-02-02,FTSE 100,^FTSE,42.53940556155541,-1.7353453904420668,1.1270975368807759
2024-02-05,FTSE 100,^FTSE,41.6916584254461,-2.0129765003735756,1.1715355225972237
2024-02-06,FTSE 100,^FTSE,41.154192094089716,-1.29752756116992,1.2345948037268404
2024-02-07,FTSE 100,^FTSE,41.72109767714307,1.368114493660455,1.2391331107362575
2024-02-08,FTSE 100,^FTSE,42.854639539871975,2.6806972798239848,1.2531850671566571
2024-02-09,FTSE 100,^FTSE,43.58096228848667,1.6806497079832727,1.3815432464517878
2024-02-12,FTSE 100,^FTSE,43.16329071064364,-0.9630028300744442,1.4041423559047674
2024-02-13,FTSE 100,^FTSE,43.322683801064585,0.36859912092661595,1.3817995930739084
2024-02-14,FTSE 100,^FTSE,43.13302494653596,-0.43874293904475614,1.3469161735703261
2024-02-15,FTSE 100,^FTSE,43.436745056327425,0.7016799419258923,1.3133504605954471
2024-02-16,FTSE 100,^FTSE,42.975926060099845,-1.0665643329249352,1.2903451356839217
2024-02-19,FTSE 100,^FTSE,43.00725666797059,0.07287613289785888,1.2792337030394467
2024-02-20,FTSE 100,^FTSE,42.780562298699024,-0.528501364550138,1.2459178379154565
2024-02-21,FTSE 100,^FTSE,43.06074270575218,0.6527892417077297,1.219251847078359
2024-02-22,FTSE 100,^FTSE,42.17867817971674,-2.069690299494331,1.2000505589274928
2024-02-23,FTSE 100,^FTSE,42.63880871773964,1.0850004375876576,1.2647631227287908
2024-02-26,FTSE 100,^FTSE,42.07268709337354,-1.3366073804907064,1.2607194677605775
2024-02-27,FTSE 100,^FTSE,41.860253919445846,-0.5061984602807268,1.2654863555443983
2024-02-28,FTSE 100,^FTSE,42.23100689965434,0.8817928972541189,1.2373139729083351
2024-02-29,FTSE 100,^FTSE,41.37954069154583,-2.0368139406343744,1.2256481237896202
2024-03-01,FTSE 100,^FTSE,41.86283533679941,1.1611876035903634,1.2844296179434942
2024-03-04,FTSE 100,^FTSE,41.71501507752571,-0.3537310727066867,1.282928228924709
2024-03-05,FTSE 100,^FTSE,41.15278327984219,-1.356957553932281,1.2512296196659929
2024-03-06,FTSE 100,^FTSE,40.64859512311364,-1.2327287176404411,1.2579092641171175
2024-03-07,FTSE 100,^FTSE,40.31231320349389,-0.8307314246114306,1.2571536468581432
2024-03-08,FTSE 100,^FTSE,40.26222495793131,-0.12432774213158027,1.2386078949995925
2024-03-11,FTSE 100,^FTSE,39.96831063301683,-0.7326777456140299,1.2070764698079333
2024-03-12,FTSE 100,^FTSE,40.27827742388999,0.7725395932472345,1.1881363359876027
2024-03-13,FTSE 100,^FTSE,39.65934258059047,-1.548575531873908,1.1751252275040436
2024-03-14,FTSE 100,^FTSE,39.19916595446006,-1.1671076671625702,1.200615573815557
2024-03-15,FTSE 100,^FTSE,38.91724838861576,-0.7217914241606227,1.2005698565500036
2024-03-18,FTSE 100,^FTSE,38.61817483807198,-0.7714539273902865,1.1816576738119742
2024-03-19,FTSE 100,^FTSE,38.17241386916065,-1.1609911667990858,1.165531787680059
2024-03-20,FTSE 100,^FTSE,38.345924635379035,0.453514979548153,1.1677569177317475
2024-03-21,FTSE 100,^FTSE,39.05615227395051,1.8352157994797835,1.1457510288731334
2024-03-22,FTSE 100,^FTSE,39.08309558815068,0.06896231024779986,1.2044268086940622
2024-03-25,FTSE 100,^FTSE,39.36155126581886,0.7099448041358425,1.174755383426484
2024-03-26,FTSE 100,^FTSE,39.448952708098716,0.22180159675269095,1.1602009382058733
2024-03-27,FTSE 100,^FTSE,38.92086341727,-1.347705813369382,1.1342058902598142
2024-03-28,FTSE 100,^FTSE,39.0416277975491,0.3098014827018325,1.149885691655307
2024-03-29,FTSE 100,^FTSE,39.493087198590565,1.1497192651240162,1.1258019767283147
2024-04-01,FTSE 100,^FTSE,39.642219641823765,0.3769053933889932,1.1357735873668762
2024-04-02,FTSE 100,^FTSE,39.87711487489266,0.5907894418701876,1.113767289220241
2024-04-03,FTSE 100,^FTSE,40.034423853955964,0.3937083048693779,1.098798110002644
2024-04-04,FTSE 100,^FTSE,40.096397518990216,0.15468124831135022,1.079217970045551
2024-04-05,FTSE 100,^FTSE,40.788745790344464,1.7119712042503732,1.0566716391008029
2024-04-08,FTSE 100,^FTSE,41.447536359963195,1.6022238496830266,1.115154348191443
2024-04-09,FTSE 100,^FTSE,41.5337605586404,0.20781605713762197,1.1576988809733515
2024-04-10,FTSE 100,^FTSE,40.92075959813021,-1.4869100040649563,1.1316519217274275
2024-04-11,FTSE 100,^FTSE,40.80214136935154,-0.29029393395143543,1.1568609240056082
2024-04-12,FTSE 100,^FTSE,41.118638359384654,0.7726942194659969,1.1307190102747762
2024-04-15,FTSE 100,^FTSE,41.495962613925066,0.9134629322137933,1.1213949909782148
2024-04-16,FTSE 100,^FTSE,42.62625442315004,2.687422836018172,1.1189954337403962
2024-04-17,FTSE 100,^FTSE,41.71549629645008,-2.1597690855577056,1.2710946073976934
2024-04-18,FTSE 100,^FTSE,41.52578664051765,-0.45580744959758945,1.3354011102107066
2024-04-19,FTSE 100,^FTSE,41.40415746032687,-0.29333015648389527,1.302700796237498
2024-04-22,FTSE 100,^FTSE,41.73271648063912,0.7904091536926394,1.2692841529707752
2024-04-23,FTSE 100,^FTSE,40.89819412774011,-2.019948035531405,1.2519650620971978
2024-04-24,FTSE 100,^FTSE,40.68196171762177,-0.5301115553275615,1.3063064376518752
2024-04-25,FTSE 100,^FTSE,40.18513617378779,-1.228761283367863,1.2765256476321138
2024-04-26,FTSE 100,^FTSE,40.71029947410905,1.2983938435581877,1.2742209552404675
2024-04-29,FTSE 100,^FTSE,40.371679139802005,-0.8352591013918609,1.2811682332450354
2024-04-30,FTSE 100,^FTSE,40.81506801574684,1.092279958919784,1.26136801644259
2024-05-01,FTSE 100,^FTSE,41.93950335899165,2.717685635914169,1.2579323264033528
2024-05-02,FTSE 100,^FTSE,41.55339877430117,-0.9248866122808508,1.3896521641250013
2024-05-03,FTSE 100,^FTSE,42.01944308033945,1.1153124070161446,1.3667488002229171
2024-05-06,FTSE 100,^FTSE,41.84427748681124,-0.41773927288795143,1.357230866791966
2024-05-07,FTSE 100,^FTSE,40.551539555610425,-3.1381302232676767,1.322815721365917
2024-05-08,FTSE 100,^FTSE,40.460345652646204,-0.22513719128776088,1.4811943080165482
2024-05-09,FTSE 100,^FTSE,39.943190044672164,-1.286417905260251,1.4387583941452018
2024-05-10,FTSE 100,^FTSE,39.913256826154644,-0.07496757266909349,1.4282109544992376
2024-05-13,FTSE 100,^FTSE,39.76638106877097,-0.3686661426151261,1.3875893480899306
2024-05-14,FTSE 100,^FTSE,39.68816498529224,-0.196882652104291,1.3509868078192693
2024-05-15,FTSE 100,^FTSE,39.312589480015475,-0.9508221468171207,1.3144193097052064
2024-05-16,FTSE 100,^FTSE,39.41437632412942,0.25858204946791474,1.2969354707940086
2024-05-17,FTSE 100,^FTSE,39.21091609136223,-0.5175451325179825,1.2645229692966886
2024-05-20,FTSE 100,^FTSE,39.65698300426195,1.1311868948066461,1.236640656606299
2024-05-21,FTSE 100,^FTSE,39.1335042225246,-1.328806313575237,1.237016691307533
2024-05-22,FTSE 100,^FTSE,39.095914359869106,-0.09610161044188992,1.243162673293738
2024-05-23,FTSE 100,^FTSE,39.429076477799214,0.8485556342660683,1.2113256142368287
2024-05-24,FTSE 100,^FTSE,39.155193131226625,-0.6970465129317649,1.1999256718770077
2024-05-27,FTSE 100,^FTSE,39.90899101133886,1.9068576470901988,1.180270211422794
2024-05-28,FTSE 100,^FTSE,39.25035385536265,-1.66411775298978,1.2411754136922122
2024-05-29,FTSE 100,^FTSE,39.46573856970891,0.5472457924046381,1.2687269901883247
2024-05-30,FTSE 100,^FTSE,38.70308740679217,-1.951354272814676,1.2435981315489066
2024-05-31,FTSE 100,^FTSE,39.02311215907522,0.8234715256613345,1.2931077019840458
2024-06-03,FTSE 100,^FTSE,38.891306772429424,-0.3383340700851001,1.275606664377164
2024-06-04,FTSE 100,^FTSE,38.59951250307566,-0.7531102425658798,1.2440638126342067
2024-06-05,FTSE 100,^FTSE,38.611970605414605,0.032270076795581915,1.2236417677957063
2024-06-06,FTSE 100,^FTSE,39.21174130959132,1.5413877447167046,1.1928503080117154
2024-06-07,FTSE 100,^FTSE,39.103855737058005,-0.27551508217285026,1.222866834341372
2024-06-10,FTSE 100,^FTSE,38.87293976351416,-0.5922701672326003,1.1931988510330105
2024-06-11,FTSE 100,^FTSE,38.61436990557958,-0.6673888118714277,1.170928144329018
2024-06-12,FTSE 100,^FTSE,38.87627895298581,0.6759784531021218,1.1520402745853686
2024-06-13,FTSE 100,^FTSE,39.16468924448558,0.7391287196327756,1.1376518757722807
2024-06-14,FTSE 100,^FTSE,38.86729967843424,-0.7622284398915102,1.1265314345255455
2024-06-17,FTSE 100,^FTSE,39.2073262858567,0.8710352513255692,1.1134539765889861
2024-06-18,FTSE 100,^FTSE,39.19797430794171,-0.023855473771572377,1.109603975139048
2024-06-19,FTSE 100,^FTSE,39.12317406091237,-0.19100912417457927,1.08441124424372
2024-06-20,FTSE 100,^FTSE,39.32304397012514,0.5095729194395826,1.0610633605457627
2024-06-21,FTSE 100,^FTSE,39.982152809035824,1.662246717600624,1.0467396894263972
2024-06-24,FTSE 100,^FTSE,39.5267511449635,-1.1455487914999285,1.1020481194533283
2024-06-25,FTSE 100,^FTSE,39.59560325677359,0.1740396369900754,1.108290004434064
2024-06-26,FTSE 100,^FTSE,39.0671560465378,-1.3435968042066815,1.0844167936218665
2024-06-27,FTSE 100,^FTSE,38.994741712320355,-0.1855306034525217,1.1041970020999112
2024-06-28,FTSE 100,^FTSE,38.76040344113916,-0.6027613483811756,1.0797708839172047
2024-07-01,FTSE 100,^FTSE,39.02937583764089,0.6915393536514269,1.0643102386690677
2024-07-02,FTSE 100,^FTSE,38.8790284430782,-0.38595985269682664,1.0560812562895665
2024-07-03,FTSE 100,^FTSE,38.65249890650314,-0.5843562971906024,1.0367967077315556
2024-07-04,FTSE 100,^FTSE,37.75257677844811,-2.3557695306926085,1.0233855346255656
2024-07-05,FTSE 100,^FTSE,38.20963898407332,1.2034080811587078,1.1424642317836875
2024-07-08,FTSE 100,^FTSE,37.71472804779482,-1.3037130646579076,1.154295796420456
2024-07-09,FTSE 100,^FTSE,37.2800020876504,-1.1593636745643288,1.165557432282041
2024-07-10,FTSE 100,^FTSE,37.69794073355391,1.1148424693358638,1.1676933937188265
2024-07-11,FTSE 100,^FTSE,37.102294251567415,-1.5926663143667419,1.1723521071171745
2024-07-12,FTSE 100,^FTSE,36.11135549033555,-2.7071434970990182,1.201249048818965
2024-07-15,FTSE 100,^FTSE,35.556348021089825,-1.5488666092967396,1.3304699069341717
2024-07-16,FTSE 100,^FTSE,35.24716764917286,-0.8733530650390176,1.3424963445845086
2024-07-17,FTSE 100,^FTSE,35.460107096882886,0.6023145206226044,1.3204723205641713
2024-07-18,FTSE 100,^FTSE,35.806149608246116,0.9711334563202279,1.294050975788138
2024-07-19,FTSE 100,^FTSE,35.44093597585577,-1.0252119879284205,1.2826191538457092
2024-07-22,FTSE 100,^FTSE,34.8526487495234,-1.6738396933244193,1.2701841714438573
2024-07-23,FTSE 100,^FTSE,34.82466583780967,-0.0803214457500534,1.2957492142870763
2024-07-24,FTSE 100,^FTSE,35.01149421318539,0.5350489515610235,1.2613430071508263
2024-07-25,FTSE 100,^FTSE,35.07127464699567,0.17059956186491476,1.2362903873847886
2024-07-26,FTSE 100,^FTSE,35.411328364449915,0.9649369956953535,1.2058348739441545
2024-07-29,FTSE 100,^FTSE,35.9284079972112,1.4496512446210197,1.2000000610608081
2024-07-30,FTSE 100,^FTSE,35.76625519016306,-0.4523435255274766,1.2228447878410127
2024-07-31,FTSE 100,^FTSE,35.840506713775014,0.20738697924689298,1.1958173897180147
2024-08-01,FTSE 100,^FTSE,36.6002366932641,2.097598118952826,1.1678083586759294
2024-08-02,FTSE 100,^FTSE,35.430114404485074,-3.2492559514665675,1.2479368438394869
2024-08-05,FTSE 100,^FTSE,35.45670300392459,0.0750170529824512,1.4334721909699064
2024-08-06,FTSE 100,^FTSE,35.53055642755824,0.20807522609267437,1.3928924803556273
2024-08-07,FTSE 100,^FTSE,34.919934215683575,-1.7335223579800552,1.355234890481331
2024-08-08,FTSE 100,^FTSE,34.79352483799879,-0.3626545517712021,1.377335221208918
2024-08-09,FTSE 100,^FTSE,35.14003864079362,0.9909880788468328,1.3411454326925887
2024-08-12,FTSE 100,^FTSE,35.01235013097567,-0.3640322248852801,1.3275674677921496
2024-08-13,FTSE 100,^FTSE,35.16974788110733,0.44854177483997226,1.2938108993560593
2024-08-14,FTSE 100,^FTSE,35.44247554540402,0.7724697147909243,1.2649380793223253
2024-08-15,FTSE 100,^FTSE,35.28465754934004,-0.44627359001787603,1.2472117031289165
2024-08-16,FTSE 100,^FTSE,35.19062227508245,-0.2668604659605389,1.218807248443993
2024-08-19,FTSE 100,^FTSE,34.48666215537833,-2.020698937548193,1.1892509193308332
2024-08-20,FTSE 100,^FTSE,34.48084751396674,-0.01686197298771397,1.2508794041138984
2024-08-21,FTSE 100,^FTSE,34.69011564187124,0.6050769190717897,1.2186313016628632
2024-08-22,FTSE 100,^FTSE,34.52896991870056,-0.4656115087166679,1.1979538243724328
2024-08-23,FTSE 100,^FTSE,34.56671720536313,0.10926091624217094,1.1724948681986997
2024-08-26,FTSE 100,^FTSE,34.30726337776843,-0.7534196592166698,1.1446905558330918
2024-08-27,FTSE 100,^FTSE,34.004946335439854,-0.8851097549623876,1.1301783227908089
2024-08-28,FTSE 100,^FTSE,34.145505492039305,0.41249720914837695,1.1216696792546519
2024-08-29,FTSE 100,^FTSE,33.8392173942259,-0.9010558758077103,1.1012420814021282
2024-08-30,FTSE 100,^FTSE,33.55477200721155,-0.8441318834873535,1.0953597087851257
2024-09-02,FTSE 100,^FTSE,34.17694035591513,1.8372069067474683,1.0874513368822794
2024-09-03,FTSE 100,^FTSE,33.26628652097819,-2.700669069611461,1.1534256299519619
2024-09-04,FTSE 100,^FTSE,34.01039494341324,2.2121744160047196,1.2898996756274341
2024-09-05,FTSE 100,^FTSE,34.17542728532851,0.4840673875468049,1.365224608682444
2024-09-06,FTSE 100,^FTSE,33.733909659591546,-1.300333258461528,1.3334634031873867
2024-09-09,FTSE 100,^FTSE,33.266423338178456,-1.395497267086876,1.3308570672862716
2024-09-10,FTSE 100,^FTSE,33.29698128897206,0.09181607554937798,1.3336671454475146
2024-09-11,FTSE 100,^FTSE,33.70527380196567,1.2187576860112959,1.2978503301830762
2024-09-12,FTSE 100,^FTSE,33.571592066047145,-0.39740826250960204,1.298473664635928
2024-09-13,FTSE 100,^FTSE,34.04650832278951,1.4047246621696985,1.2666431885277667
2024-09-16,FTSE 100,^FTSE,33.703317775901034,-1.0131198915277917,1.2807290846875
2024-09-17,FTSE 100,^FTSE,33.51396522164324,-0.5634058584106594,1.267893917084266
2024-09-18,FTSE 100,^FTSE,33.81328434834152,0.8891529079351201,1.2408619725318697
2024-09-19,FTSE 100,^FTSE,33.62655737500926,-0.5537600496261952,1.2292821470650683
2024-09-20,FTSE 100,^FTSE,33.312951426915596,-0.9369899723595143,1.2040819687848834
2024-09-23,FTSE 100,^FTSE,33.49784623792151,0.5534892247649914,1.192929574587844
2024-09-24,FTSE 100,^FTSE,33.602319036325014,0.31139381667943944,1.1721825955474816
2024-09-25,FTSE 100,^FTSE,33.70199405086205,0.2961922730821964,1.1469451328821307
2024-09-26,FTSE 100,^FTSE,33.370190348412656,-0.9894009331729681,1.1227798588544886
2024-09-27,FTSE 100,^FTSE,33.03372170202387,-1.0134087453507856,1.1194357133031028
2024-09-30,FTSE 100,^FTSE,32.976315635915995,-0.1739313683041921,1.1174808680621755
2024-10-01,FTSE 100,^FTSE,32.52038656293239,-1.3922424250247367,1.0922848799409384
2024-10-02,FTSE 100,^FTSE,32.07554955993539,-1.3773127591952594,1.1146085242600658
2024-10-03,FTSE 100,^FTSE,32.10854627739737,0.1028189925820655,1.133917690116972
2024-10-04,FTSE 100,^FTSE,31.82858756701064,-0.8757367831657259,1.1080328813766158
2024-10-07,FTSE 100,^FTSE,32.00459248249572,0.5514541540202256,1.100600939649323
2024-10-08,FTSE 100,^FTSE,31.915279697934263,-0.27945250714016545,1.085173055630697
2024-10-09,FTSE 100,^FTSE,32.058907097054544,0.4490174791732304,1.0626670600971386
2024-10-10,FTSE 100,^FTSE,32.381884279654805,1.0024081956504283,1.0465361912437217
2024-10-11,FTSE 100,^FTSE,32.80905878431549,1.310552045014024,1.0544092744746822
2024-10-14,FTSE 100,^FTSE,33.01145880599981,0.6150078031882611,1.0811141203567005
2024-10-15,FTSE 100,^FTSE,33.157147465718964,0.440356547775167,1.0689703497681446
2024-10-16,FTSE 100,^FTSE,33.6905868349656,1.5960172718942456,1.052241948976378
2024-10-17,FTSE 100,^FTSE,34.74557126091679,3.083364222392504,1.10124131151572
2024-10-18,FTSE 100,^FTSE,35.35763537884283,1.7462244603186239,1.3075567136165958
2024-10-21,FTSE 100,^FTSE,35.34696536056389,-0.030181963403652645,1.341710586989094
2024-10-22,FTSE 100,^FTSE,35.496674506340995,0.42264730867520584,1.3051038253419656
2024-10-23,FTSE 100,^FTSE,35.86749242297422,1.0392365524135805,1.2750948280859218
2024-10-24,FTSE 100,^FTSE,35.54446858200927,-0.9046833039682678,1.2680807483660932
2024-10-25,FTSE 100,^FTSE,35.5122362275656,-0.09072291415939127,1.2516197515174374
2024-10-28,FTSE 100,^FTSE,35.06234708258798,-1.2749497566160617,1.2193594074360168
2024-10-29,FTSE 100,^FTSE,34.734850023857575,-0.9384315580947877,1.2237854592482706
2024-10-30,FTSE 100,^FTSE,34.83212219429468,0.27965061789587686,1.2114309244442631
2024-10-31,FTSE 100,^FTSE,34.148483004026566,-1.9821849111568035,1.1836271103648177
2024-11-01,FTSE 100,^FTSE,34.65062169239042,1.4597504056351074,1.242523563537434
2024-11-04,FTSE 100,^FTSE,34.98818767793251,0.9694842073688203,1.2622695937872852
2024-11-05,FTSE 100,^FTSE,34.936037884802786,-0.149160902045109,1.25284497524632
2024-11-06,FTSE 100,^FTSE,33.819882303309534,-3.247003721552355,1.2207219239292482
2024-11-07,FTSE 100,^FTSE,33.91345980793444,0.27631166939450225,1.4112972818201184
2024-11-08,FTSE 100,^FTSE,34.246337343418126,0.9767640044617831,1.3735778436697201
2024-11-11,FTSE 100,^FTSE,34.97092771383836,2.093745946051939,1.3573480357836412
2024-11-12,FTSE 100,^FTSE,35.03441060904577,0.18136591902786492,1.4142270308184655
2024-11-13,FTSE 100,^FTSE,35.06984553616321,0.10109209364346228,1.3752983512914048
2024-11-14,FTSE 100,^FTSE,35.1560874248925,0.24561277706940388,1.3375709023012183
2024-11-15,FTSE 100,^FTSE,35.320253901033944,0.4658776831428124,1.3029998644035925
2024-11-18,FTSE 100,^FTSE,34.92156351018687,-1.1352060271509146,1.2740361582459931
2024-11-19,FTSE 100,^FTSE,34.83099934910464,-0.25967278694660756,1.2672059768678505
2024-11-20,FTSE 100,^FTSE,35.44821213389075,1.7565042087732685,1.2351779811090375
2024-11-21,FTSE 100,^FTSE,35.776623694476896,0.9221892453576519,1.2773736677988985
2024-11-22,FTSE 100,^FTSE,35.59435349915505,-0.5107694997390944,1.2648695852196616
2024-11-25,FTSE 100,^FTSE,34.949242857026405,-1.8290210863094458,1.2368252288947048
2024-11-26,FTSE 100,^FTSE,34.61108490389402,-0.9722801140626292,1.277183280227643
2024-11-27,FTSE 100,^FTSE,34.33606910401611,-0.7977624671859918,1.2628555991105856
2024-11-28,FTSE 100,^FTSE,33.66914129772335,-1.961464966363513,1.2428284515151886
2024-11-29,FTSE 100,^FTSE,34.5413526126409,2.5575503346851214,1.2932613472900913
2024-12-02,FTSE 100,^FTSE,34.71130418436063,0.4908170191865846,1.4022596522883755
2024-12-03,FTSE 100,^FTSE,34.96185506259332,0.7192208907372155,1.3687693416233677
2024-12-04,FTSE 100,^FTSE,34.31228060792708,-1.8754286501619255,1.3432258045728607
2024-12-05,FTSE 100,^FTSE,34.709001387997056,1.1495733997934021,1.376613467059197
2024-12-06,FTSE 100,^FTSE,33.9547618793885,-2.1969953594965563,1.368101839700012
2024-12-09,FTSE 100,^FTSE,33.91601062619922,-0.1141912961045044,1.4246121564861292
2024-12-10,FTSE 100,^FTSE,33.54669109947535,-1.0948960144288034,1.3842322166114371
2024-12-11,FTSE 100,^FTSE,34.11096427268969,1.6680632925540895,1.3683857820815775
2024-12-12,FTSE 100,^FTSE,34.10901096336588,-0.0057265025898534105,1.3912739470099118
2024-12-13,FTSE 100,^FTSE,33.821569408819656,-0.8462853357460443,1.3523780828260603
2024-12-16,FTSE 100,^FTSE,33.9443676131411,0.3624190681286166,1.3288548718084539
2024-12-17,FTSE 100,^FTSE,33.90087497683417,-0.1282113250816952,1.296485969089106
2024-12-18,FTSE 100,^FTSE,33.650648663272406,-0.7408491905589898,1.2621670729416354
2024-12-19,FTSE 100,^FTSE,33.39972483849484,-0.7484671093509032,1.2403173475159532
2024-12-20,FTSE 100,^FTSE,33.300710541418844,-0.2968927241400632,1.2199608812704643
2024-12-23,FTSE 100,^FTSE,32.82174464213873,-1.4487492194029894,1.190680185152198
2024-12-24,FTSE 100,^FTSE,32.867253652272375,0.13855902387360786,1.2080101620789534
2024-12-25,FTSE 100,^FTSE,33.223557330571126,1.078235007120254,1.1786607974317826
2024-12-26,FTSE 100,^FTSE,33.34179915563486,0.3552657288111494,1.1804890127057142
2024-12-27,FTSE 100,^FTSE,33.10647923587735,-0.7082829208435282,1.1556262291128976
2024-12-30,FTSE 100,^FTSE,33.60390381772266,1.491323473698225,1.13892366212104
2024-12-31,FTSE 100,^FTSE,34.25886401363735,1.9303089270843454,1.1704924455969676
2025-01-01,FTSE 100,^FTSE,35.16993371561861,2.624622725652115,1.2346639785458517
2025-01-02,FTSE 100,^FTSE,35.70737782799625,1.516576748377707,1.3597539252918756
2025-01-03,FTSE 100,^FTSE,36.04555299086029,0.942617013638003,1.3732780634658022
2025-01-06,FTSE 100,^FTSE,36.171655675827125,0.3492320333630339,1.3556420696485634
2025-01-07,FTSE 100,^FTSE,37.36818021117239,3.254372604239819,1.3217150564265037
2025-01-08,FTSE 100,^FTSE,37.627514236098705,0.6915998592223804,1.5055502282160074
2025-01-09,FTSE 100,^FTSE,37.082018619086455,-1.4603365605928342,1.471843376454187
2025-01-10,FTSE 100,^FTSE,37.49401873062087,1.104924095671489,1.4679874270597544
2025-01-13,FTSE 100,^FTSE,37.2072095858064,-0.767887116683319,1.451455803600803
2025-01-14,FTSE 100,^FTSE,37.70279252968684,1.3231615545031161,1.4200834269082185
2025-01-15,FTSE 100,^FTSE,37.676613833029755,-0.06945848733170834,1.417545204335976
2025-01-16,FTSE 100,^FTSE,36.766905531439264,-2.444144489734601,1.3774090734102356
2025-01-17,FTSE 100,^FTSE,37.1730287895007,1.0985331430029444,1.4547848985058414
2025-01-20,FTSE 100,^FTSE,37.19254566163134,0.05248899836458598,1.438795376582269
2025-01-21,FTSE 100,^FTSE,36.9029492022301,-0.7816883726846857,1.397870140252844
2025-01-22,FTSE 100,^FTSE,36.099128465193274,-2.202274922339864,1.3697621063322172
2025-01-23,FTSE 100,^FTSE,35.44399411557758,-1.8314902644219977,1.4265381708635185
2025-01-24,FTSE 100,^FTSE,34.7356330139641,-2.018777209028677,1.4491446247178186
2025-01-27,FTSE 100,^FTSE,34.664180968273755,-0.2059143010251674,1.4831841950379423
2025-01-28,FTSE 100,^FTSE,33.76328657307366,-2.633288897663544,1.4405306250259564
2025-01-29,FTSE 100,^FTSE,33.79658524366773,0.09857530038179796,1.5278313553545246
2025-01-30,FTSE 100,^FTSE,34.477870040923364,1.995790104087547,1.4830702536854248
2025-01-31,FTSE 100,^FTSE,34.06300391442033,-1.2105804000412945,1.519206824078072
2025-02-03,FTSE 100,^FTSE,34.19704797304926,0.39274576336825184,1.5000338435146223
2025-02-04,FTSE 100,^FTSE,33.62974505108578,-1.672837903867741,1.4598494623100198
2025-02-05,FTSE 100,^FTSE,34.36072023452718,2.1503113593439593,1.4692560563302297
2025-02-06,FTSE 100,^FTSE,33.938872760350485,-1.2353011783816203,1.5188890915374955
2025-02-07,FTSE 100,^FTSE,33.43979332027387,-1.4814438952927222,1.5008252378093776
2025-02-10,FTSE 100,^FTSE,33.78124500194611,1.015915930239819,1.496068528824155
2025-02-11,FTSE 100,^FTSE,32.45493548997932,-4.005324007840239,1.4740382526587985
2025-02-12,FTSE 100,^FTSE,32.42704993464377,-0.08595777971360796,1.7116387922119831
2025-02-13,FTSE 100,^FTSE,31.304083429604155,-3.524439896391307,1.658400967712664
2025-02-14,FTSE 100,^FTSE,31.439492735267127,0.43162830098624205,1.806631984821104
2025-02-17,FTSE 100,^FTSE,31.19835045083509,-0.7699609804171725,1.752955415811882
2025-02-18,FTSE 100,^FTSE,31.573201368878877,1.1943479589198613,1.7065429324283485
2025-02-19,FTSE 100,^FTSE,31.989285734809435,1.309232310610975,1.6794886221763883
2025-02-20,FTSE 100,^FTSE,31.961753622894758,-0.08610372526289822,1.6590813785373786
2025-02-21,FTSE 100,^FTSE,30.809661198424955,-3.671167262763486,1.6081331137149006
2025-02-24,FTSE 100,^FTSE,29.889241003144452,-3.0329733096686073,1.7805382087247783
2025-02-25,FTSE 100,^FTSE,29.972538675835526,0.27830020056258675,1.8640303464730146
2025-02-26,FTSE 100,^FTSE,30.19283936131832,0.7323204049139775,1.8058817062462689
2025-02-27,FTSE 100,^FTSE,30.15670129973343,-0.1197625218301912,1.7582954728586966
2025-02-28,FTSE 100,^FTSE,30.4054081444158,0.821332827025989,1.7031043025072905
2025-03-03,FTSE 100,^FTSE,30.939659139783444,1.7418336193212092,1.6630015759739731
2025-03-04,FTSE 100,^FTSE,30.93121688692428,-0.027289909093619613,1.66672294045113
2025-03-05,FTSE 100,^FTSE,31.54210230941073,1.9557305473539621,1.6154203205478384
2025-03-06,FTSE 100,^FTSE,32.1484066955007,1.9039656342130673,1.636758065263118
2025-03-07,FTSE 100,^FTSE,30.793947017542145,-4.304474573384143,1.6528128120442394
2025-03-10,FTSE 100,^FTSE,30.077765873674224,-2.353192175480956,1.8936824967448125
2025-03-11,FTSE 100,^FTSE,29.389780049934267,-2.3139226944050684,1.9124944624579099
2025-03-12,FTSE 100,^FTSE,29.313861512976818,-0.2586503230831205,1.9271488610846477
2025-03-13,FTSE 100,^FTSE,28.042759796862587,-4.433001244004009,1.8653643090089336
2025-03-14,FTSE 100,^FTSE,28.387333357624644,1.221255624975326,2.0836539466546875
2025-03-17,FTSE 100,^FTSE,27.870158636377024,-1.8386503651676822,2.036980178551083
2025-03-18,FTSE 100,^FTSE,27.776390605550716,-0.33701324108506014,2.0152262557385345
2025-03-19,FTSE 100,^FTSE,28.291767658833027,1.8384465804408556,1.950292187828507
2025-03-20,FTSE 100,^FTSE,27.28934491512361,-3.607453702707808,1.9390934056175588
2025-03-21,FTSE 100,^FTSE,27.431714208500374,0.5203467070634904,2.057358238766082
2025-03-24,FTSE 100,^FTSE,27.273620294595,-0.5779851469962072,1.993998896056237
2025-03-25,FTSE 100,^FTSE,27.400176880437094,0.4629523406689984,1.932844044247555
2025-03-26,FTSE 100,^FTSE,27.110394557739582,-1.0632251503206014,1.8740461628573688
2025-03-27,FTSE 100,^FTSE,27.319613854451607,0.768768307143608,1.8297689311864647
2025-03-28,FTSE 100,^FTSE,27.462883335667872,0.523049569465428,1.7819557995089867
2025-03-31,FTSE 100,^FTSE,27.131238002494563,-1.2149638263266205,1.7309430986468524
2025-04-01,FTSE 100,^FTSE,27.15374054965852,0.08290524949261524,1.699567643735901
2025-04-02,FTSE 100,^FTSE,28.045599597128497,3.2316932196349235,1.6471149789770791
2025-04-03,FTSE 100,^FTSE,27.864512426307975,-0.6477819396176532,1.775868233495426
2025-04-04,FTSE 100,^FTSE,27.870915161728107,0.022975460045326912,1.7257275182182632
2025-04-07,FTSE 100,^FTSE,27.978440714525444,0.38505613526051974,1.671935573600796
2025-04-08,FTSE 100,^FTSE,28.419381460909708,1.5637119102223984,1.6236316256853753
2025-04-09,FTSE 100,^FTSE,29.162124459707705,2.5799401544232214,1.6198728950603176
2025-04-10,FTSE 100,^FTSE,29.0091478928539,-0.5259534932362975,1.6896177381566646
2025-04-11,FTSE 100,^FTSE,28.59494648973043,-1.4381218775532556,1.6412474025666381
2025-04-14,FTSE 100,^FTSE,29.606317041157617,3.4757746063275086,1.6248973481550693
2025-04-15,FTSE 100,^FTSE,29.369011482403028,-0.804766486089159,1.7831619872548428
2025-04-16,FTSE 100,^FTSE,28.808599982360228,-1.9266134187034378,1.7361425117089635
2025-04-17,FTSE 100,^FTSE,28.360744659290088,-1.5667994366306726,1.7398849693686491
2025-04-18,FTSE 100,^FTSE,27.226794027043795,-4.080439574086503,1.7235066294731882
2025-04-21,FTSE 100,^FTSE,28.171763587408176,3.4118622132363274,1.9242714170219781
2025-04-22,FTSE 100,^FTSE,29.059188660251877,3.1014553193634775,2.0345547971708102
2025-04-23,FTSE 100,^FTSE,28.40645828522512,-2.271821456007217,2.104463605303459
2025-04-24,FTSE 100,^FTSE,29.296946629042083,3.0866776255788153,2.1019072440817634
2025-04-25,FTSE 100,^FTSE,29.222815152904097,-0.253355494056029,2.1637413011323017
2025-04-28,FTSE 100,^FTSE,29.347477368304947,0.42568475683606444,2.0920230020116506
2025-04-29,FTSE 100,^FTSE,29.061694472434347,-0.9785626721698915,2.02578809601981
2025-04-30,FTSE 100,^FTSE,28.80969761054412,-0.8708912834011873,1.9716180061724349
2025-05-01,FTSE 100,^FTSE,29.22982853122263,1.4477659862544456,1.917274556907619
2025-05-02,FTSE 100,^FTSE,29.065695803687557,-0.563107247474548,1.8887766624177056
2025-05-05,FTSE 100,^FTSE,29.054389328428886,-0.038907291259482335,1.8320288946953993
2025-05-06,FTSE 100,^FTSE,29.19335177400349,0.47714368518465555,1.7735947104183836
2025-05-07,FTSE 100,^FTSE,29.157095291556733,-0.12427149725877662,1.7221457900941233
2025-05-08,FTSE 100,^FTSE,29.40812149573151,0.8572588142058191,1.6685279527024823
2025-05-09,FTSE 100,^FTSE,28.944943886242232,-1.5875338653226212,1.6312878249305909
2025-05-12,FTSE 100,^FTSE,29.05697940100003,0.38631703138034545,1.6231800927307238
2025-05-13,FTSE 100,^FTSE,28.798630974910672,-0.8930858790339613,1.577128229568274
2025-05-14,FTSE 100,^FTSE,29.533525992587006,2.519824195400666,1.542870334901191
2025-05-15,FTSE 100,^FTSE,29.047683969694376,-1.6587337908973598,1.6160204833396423
2025-05-16,FTSE 100,^FTSE,29.20253695247294,0.5316832970522434,1.612880117601077
2025-05-19,FTSE 100,^FTSE,29.02669883223503,-0.6039531598049486,1.56993891475289
2025-05-20,FTSE 100,^FTSE,29.247133125746792,0.7565500243141621,1.5286146603579636
2025-05-21,FTSE 100,^FTSE,29.703717439829667,1.5490648220918057,1.4955994399592925
2025-05-22,FTSE 100,^FTSE,30.14487062740941,1.4742575955342563,1.5003958367143366
2025-05-23,FTSE 100,^FTSE,30.36526595274888,0.7284607585126057,1.5004653188545765
2025-05-26,FTSE 100,^FTSE,29.857423484281764,-1.6865885980292372,1.46809148910755
2025-05-27,FTSE 100,^FTSE,30.056316742342602,0.6639344762123578,1.477702923547517
2025-05-28,FTSE 100,^FTSE,29.79966394623107,-0.857573014687274,1.4446687259807764
2025-05-29,FTSE 100,^FTSE,29.858044065153173,0.19571699786538055,1.4163836593098258
2025-05-30,FTSE 100,^FTSE,30.397633764163533,1.791048222328051,1.3774917782200577
2025-06-02,FTSE 100,^FTSE,30.13973654511468,-0.852031655544927,1.4083276218745802
2025-06-03,FTSE 100,^FTSE,29.743158684762133,-1.3245306751465957,1.3818608855634373
2025-06-04,FTSE 100,^FTSE,29.924020974324023,0.6062389559029935,1.377109271971641
2025-06-05,FTSE 100,^FTSE,29.105134490863254,-2.774693333150502,1.3477634369879061
2025-06-06,FTSE 100,^FTSE,28.495058106572742,-2.1183929128456125,1.4617707556176434
2025-06-09,FTSE 100,^FTSE,28.023221206502335,-1.6697177194007207,1.5021816927730771
2025-06-10,FTSE 100,^FTSE,27.786065847942677,-0.8498828727411922,1.508099475168424
2025-06-11,FTSE 100,^FTSE,28.183468567398894,1.4200918486793057,1.4761590953895807
2025-06-12,FTSE 100,^FTSE,28.68294211314666,1.7567009575302883,1.474933579670552
2025-06-13,FTSE 100,^FTSE,28.57726199704721,-0.3691228060887397,1.4946490250379236
2025-06-16,FTSE 100,^FTSE,28.366851861981107,-0.7390091035150537,1.4529934704781169
2025-06-17,FTSE 100,^FTSE,28.93175301408541,1.9718436663271444,1.420732803556654
2025-06-18,FTSE 100,^FTSE,28.018437871522245,-3.2076923303919536,1.4610754977519125
2025-06-19,FTSE 100,^FTSE,28.230319854489146,0.7533783631726187,1.6047262284421797
2025-06-20,FTSE 100,^FTSE,27.921177291246497,-1.1011128908357204,1.5676660357765921
2025-06-23,FTSE 100,^FTSE,27.959659935623137,0.13773111631749657,1.5411354728681232
2025-06-24,FTSE 100,^FTSE,28.5921156401793,2.23682481428491,1.4960174306447858
2025-06-25,FTSE 100,^FTSE,28.807347728773774,0.7499481170089695,1.549958976071412
2025-06-26,FTSE 100,^FTSE,29.235474611220425,1.4752371772572825,1.5156282160364136
2025-06-27,FTSE 100,^FTSE,29.22932744772219,-0.021028596024974533,1.5146437517315912
2025-06-30,FTSE 100,^FTSE,28.97842737053868,-0.8620900492424255,1.4700874079729094
2025-07-01,FTSE 100,^FTSE,30.086081764236138,3.7510995562661797,1.440564941273004
2025-07-02,FTSE 100,^FTSE,29.94118133122616,-0.48278301219126796,1.664106170952885
2025-07-03,FTSE 100,^FTSE,30.700516621717743,2.504464768667214,1.61622067110216
2025-07-04,FTSE 100,^FTSE,30.315675857846568,-1.2614548742759357,1.6798448578568148
2025-07-07,FTSE 100,^FTSE,30.802891311719005,1.5943625552990337,1.6532446147701845
2025-07-08,FTSE 100,^FTSE,30.266089783676787,-1.7580622583959205,1.649101190835854
2025-07-09,FTSE 100,^FTSE,30.91348024858749,2.116440602537084,1.649259377842251
2025-07-10,FTSE 100,^FTSE,30.1743358825387,-2.4200584894460864,1.6789926705227927
2025-07-11,FTSE 100,^FTSE,29.883848568168247,-0.9673605098376559,1.721713669990088
2025-07-14,FTSE 100,^FTSE,29.619349918522065,-0.8890291563322439,1.6822352415436015
2025-07-15,FTSE 100,^FTSE,30.50235621946142,2.9376072510569173,1.6424358116666167
2025-07-16,FTSE 100,^FTSE,30.141268662650607,-1.1908649089928502,1.7423772594428582
2025-07-17,FTSE 100,^FTSE,30.108290104999075,-0.10947320318899223,1.7094465811821564
2025-07-18,FTSE 100,^FTSE,29.39764525492865,-2.38859748375595,1.6563444693565292
2025-07-21,FTSE 100,^FTSE,29.42490520752252,0.09268538793727465,1.6988058831588235
2025-07-22,FTSE 100,^FTSE,29.631567191676144,0.6998820598067557,1.6464314017848967
2025-07-23,FTSE 100,^FTSE,29.254751246215278,-1.2798255990008833,1.6058017332887469
2025-07-24,FTSE 100,^FTSE,29.77649523923241,1.7677335668150995,1.5843786080374145
2025-07-25,FTSE 100,^FTSE,29.898652604609016,0.4094084067453263,1.5957955549516178
2025-07-28,FTSE 100,^FTSE,30.015898965476868,0.39137908056705584,1.5513812405377723
2025-07-29,FTSE 100,^FTSE,29.131119284439006,-2.9920212792104994,1.5087472610495887
2025-07-30,FTSE 100,^FTSE,29.813413604375622,2.3151419185695854,1.6224439441634655
2025-07-31,FTSE 100,^FTSE,29.334668264223968,-1.618837940728568,1.6698076472362382
2025-08-01,FTSE 100,^FTSE,28.716856502163917,-2.128574885992407,1.6607384109608014
2025-08-04,FTSE 100,^FTSE,28.473373783589967,-0.8514887541601901,1.683679552397035
2025-08-05,FTSE 100,^FTSE,27.759727409837993,-2.5383081320642376,1.6427492578188827
2025-08-06,FTSE 100,^FTSE,29.066715829807006,4.600741757777671,1.6985449512313247
2025-08-07,FTSE 100,^FTSE,29.49960787220393,1.4783237151928308,1.9807398291834737
2025-08-08,FTSE 100,^FTSE,29.982509844040607,1.62372356601308,1.9498627522557312
2025-08-11,FTSE 100,^FTSE,29.542802185700364,-1.477407312458734,1.927589198594172
2025-08-12,FTSE 100,^FTSE,29.039118812701687,-1.7196287744330352,1.8957077484125684
2025-08-13,FTSE 100,^FTSE,29.14888149791089,0.3772695910259305,1.876964386938712
2025-08-14,FTSE 100,^FTSE,28.503714054855678,-2.238214499301394,1.8194026735498345
2025-08-15,FTSE 100,^FTSE,28.258493705163843,-0.8640321965880382,1.836550491241301
2025-08-18,FTSE 100,^FTSE,28.844699763099506,2.053218449344385,1.788451822997151
2025-08-19,FTSE 100,^FTSE,29.60683526172233,2.6078996650209074,1.8020475356971344
2025-08-20,FTSE 100,^FTSE,30.207551025056713,2.008667139382636,1.854970323752707
2025-08-21,FTSE 100,^FTSE,30.639812365835596,1.420829395338652,1.8605373233047198
2025-08-22,FTSE 100,^FTSE,31.135428032974716,1.6046114853238258,1.8342086286271337
2025-08-25,FTSE 100,^FTSE,31.034522836462404,-0.32461111423223166,1.8183476419283229
2025-08-26,FTSE 100,^FTSE,32.13199404436962,3.4752008228538855,1.7617274467873292
2025-08-27,FTSE 100,^FTSE,32.97525840209097,2.5905301912997114,1.8997229842355996
2025-08-28,FTSE 100,^FTSE,32.92812376993551,-0.14304164259502095,1.9418752865300795
2025-08-29,FTSE 100,^FTSE,32.96731017568508,0.11893513107810172,1.8789338037992527
2025-09-01,FTSE 100,^FTSE,32.715629934544104,-0.7663526403502541,1.8189321539383245
2025-09-02,FTSE 100,^FTSE,31.647372902379665,-3.3197802876031357,1.7693008569148794
2025-09-03,FTSE 100,^FTSE,31.82302056858094,0.553480465444256,1.8811093858409422
2025-09-04,FTSE 100,^FTSE,31.290797831878507,-1.6865889796983335,1.8261472938076184
2025-09-05,FTSE 100,^FTSE,32.26672614132796,3.071249349727978,1.8102149909187644
2025-09-08,FTSE 100,^FTSE,32.088459313902156,-0.5540106274987355,1.9022774847404715
2025-09-09,FTSE 100,^FTSE,31.25899591650438,-2.618923847658383,1.844788924799826
2025-09-10,FTSE 100,^FTSE,30.427678530487757,-2.695453192903674,1.88708903696551
2025-09-11,FTSE 100,^FTSE,29.921015979537096,-1.6791563089991524,1.9312912903019084
2025-09-12,FTSE 100,^FTSE,29.901207751090418,-0.06622364711748041,1.9083224217013728
2025-09-15,FTSE 100,^FTSE,30.687217808574875,2.5947337271281956,1.8466602240737193
2025-09-16,FTSE 100,^FTSE,31.25461763890281,1.83209198460057,1.8941673825926688
2025-09-17,FTSE 100,^FTSE,32.06432214965654,2.5576822783319297,1.886463951752798
2025-09-18,FTSE 100,^FTSE,31.616737334932587,-1.405730962546592,1.9273473358497568
2025-09-19,FTSE 100,^FTSE,31.62267522355458,0.01877907589338257,1.8925119571755942
2025-09-22,FTSE 100,^FTSE,32.60876909515318,3.0706809222036835,1.8315774583096007
2025-09-23,FTSE 100,^FTSE,33.138225348273856,1.6106217571910886,1.9210854430182829
2025-09-24,FTSE 100,^FTSE,32.67215923580394,-1.416414468185767,1.8999732707723125
2025-09-25,FTSE 100,^FTSE,32.84037896052119,0.513550837930099,1.8671186788276375
2025-09-26,FTSE 100,^FTSE,32.455927597282766,-1.1775729013800085,1.812071251903316
2025-09-29,FTSE 100,^FTSE,32.03441524318003,-1.3072293866859486,1.7748569329138593
2025-09-30,FTSE 100,^FTSE,31.319181337655184,-2.2580069102217326,1.7446560993927664
2025-10-01,FTSE 100,^FTSE,31.823913114127024,1.5987259771749418,1.7694337672168055
2025-10-02,FTSE 100,^FTSE,31.409795473695894,-1.3098189881742606,1.7575381043559801
2025-10-03,FTSE 100,^FTSE,31.97800969748676,1.7928667591613046,1.7284353528256144
2025-10-06,FTSE 100,^FTSE,32.59164787310026,1.9007585718000986,1.7303365270003905
2025-10-07,FTSE 100,^FTSE,32.30639919178632,-0.8790727337415039,1.7387164531431742
2025-10-08,FTSE 100,^FTSE,31.71473772635651,-1.8483842650455884,1.6958033159829133
2025-10-09,FTSE 100,^FTSE,31.989647824779304,0.863085963663357,1.6978480518712784
2025-10-10,FTSE 100,^FTSE,31.950948701820618,-0.12104712744704926,1.6592707642557283
2025-10-13,FTSE 100,^FTSE,31.89059068860599,-0.18908701693147734,1.608383539691956
2025-10-14,FTSE 100,^FTSE,31.767670701204796,-0.38618755048416276,1.5600009065153262
2025-10-15,FTSE 100,^FTSE,31.29184059802305,-1.5091748243312164,1.5155378163356739
2025-10-16,FTSE 100,^FTSE,31.80249363522008,1.6187323120675057,1.5112483443319498
2025-10-17,FTSE 100,^FTSE,31.916193906951705,0.35688240544820005,1.5190710088940071
2025-10-20,FTSE 100,^FTSE,32.09590439588522,0.5614906114466134,1.4774073461614297
2025-10-21,FTSE 100,^FTSE,32.61585152752972,1.606998028793516,1.44175588358744
2025-10-22,FTSE 100,^FTSE,32.59002523746713,-0.07921461283668663,1.454366043432995
2025-10-23,FTSE 100,^FTSE,32.56547146023353,-0.07536978348841039,1.412550793571102
2025-10-24,FTSE 100,^FTSE,32.90845394141213,1.0477014061364809,1.3726513247636503
2025-10-27,FTSE 100,^FTSE,32.856923399263806,-0.15671027758923373,1.3595895395681037
2025-10-28,FTSE 100,^FTSE,32.856615125157276,-0.0009382362096577168,1.322393375252644
2025-10-29,FTSE 100,^FTSE,33.025109052758175,0.511505419972158,1.2867396151002939
2025-10-30,FTSE 100,^FTSE,33.48079727862141,1.370390638627006,1.2597163396948003
2025-10-31,FTSE 100,^FTSE,33.70163575729676,0.6574316055905083,1.272206225782206
2025-11-03,FTSE 100,^FTSE,33.484706125318475,-0.6457573957277862,1.2501096569668306
2025-11-04,FTSE 100,^FTSE,32.67377915132207,-2.4515905590237086,1.2261310602441005
2025-11-05,FTSE 100,^FTSE,32.976884516720496,0.9233951408004426,1.3241415946304063
2025-11-06,FTSE 100,^FTSE,32.8410086981382,-0.41288471864606713,1.3087388807947542
2025-11-07,FTSE 100,^FTSE,32.557926149523475,-0.8657153737176682,1.276642151905397
2025-11-10,FTSE 100,^FTSE,32.09290818197136,-1.4385769092354117,1.2582016752293066
2025-11-11,FTSE 100,^FTSE,32.26590712192911,0.5376088910691745,1.2692328126215335
2025-11-12,FTSE 100,^FTSE,32.16067675233617,-0.3266678344331808,1.2438197675077698
2025-11-13,FTSE 100,^FTSE,31.60183049864881,-1.7529441295810688,1.2137096833168322
2025-11-14,FTSE 100,^FTSE,31.343294257944894,-0.8214701156469939,1.2505086967725318
2025-11-17,FTSE 100,^FTSE,31.369504302364653,0.08358755006159235,1.2320280345973826
2025-11-18,FTSE 100,^FTSE,31.247858410280944,-0.3885377468675788,1.2010763580519759
2025-11-19,FTSE 100,^FTSE,31.516613892912165,0.8563989000579308,1.1740492970647696
2025-11-20,FTSE 100,^FTSE,30.947612245594623,-1.8218984578302955,1.1654178181193549
2025-11-21,FTSE 100,^FTSE,31.28407498266491,1.0813334188680912,1.2127562554421274
2025-11-24,FTSE 100,^FTSE,31.241455447041268,-0.13632684739000034,1.2122380970960607
2025-11-25,FTSE 100,^FTSE,31.039292340217152,-0.6492016362724673,1.1820506416040637
2025-11-26,FTSE 100,^FTSE,30.98016664072886,-0.1906682785439262,1.161982578263709
2025-11-27,FTSE 100,^FTSE,31.177842080490247,0.6360438831425341,1.1346205372161677
2025-11-28,FTSE 100,^FTSE,31.06264778342306,-0.37015913226126074,1.119899592861667
2025-12-01,FTSE 100,^FTSE,31.40218255734356,1.0871337233520517,1.0968464141467185
2025-12-02,FTSE 100,^FTSE,31.966217681965837,1.7802249025836492,1.1054991956905187
2025-12-03,FTSE 100,^FTSE,31.71697917402756,-0.7827489598627224,1.1641239397536427
2025-12-04,FTSE 100,^FTSE,31.939459955869765,0.6990076440710702,1.149464725863162
2025-12-05,FTSE 100,^FTSE,32.1860350967783,0.7690431269670395,1.136071871118116
2025-12-08,FTSE 100,^FTSE,31.95905743820292,-0.7077037289751953,1.12624933300873
2025-12-09,FTSE 100,^FTSE,32.556197578938296,1.8512123799035773,1.111292633159567
2025-12-10,FTSE 100,^FTSE,32.096156906745925,-1.4231451903778058,1.1755665977679048
2025-12-11,FTSE 100,^FTSE,31.77397465785049,-1.0088752714908278,1.1925356973885564
2025-12-12,FTSE 100,^FTSE,31.816823585643977,0.134764574315982,1.1852927683635521
2025-12-15,FTSE 100,^FTSE,31.664933859392626,-0.47853122601093645,1.1570518536222534
2025-12-16,FTSE 100,^FTSE,31.524988859000203,-0.44293527566527935,1.1340551633001883
2025-12-17,FTSE 100,^FTSE,31.38646675738444,-0.4403723427449435,1.1115705221587524
2025-12-18,FTSE 100,^FTSE,30.91557475426846,-1.5116710746909678,1.0902638336075214
2025-12-19,FTSE 100,^FTSE,30.794989225642617,-0.3908105009156948,1.1212203732244304
2025-12-22,FTSE 100,^FTSE,31.209071122117383,1.3356804386591925,1.0984491415186783
2025-12-23,FTSE 100,^FTSE,31.672545547941027,1.4741440932216854,1.1227456211619977
2025-12-24,FTSE 100,^FTSE,31.484723777474343,-0.5947765828693719,1.1546357452359959
2025-12-25,FTSE 100,^FTSE,30.97272672185749,-1.6395434672554554,1.1345957305979277
2025-12-26,FTSE 100,^FTSE,30.879715647165224,-0.30075172859196364,1.1707001960485088
2025-12-29,FTSE 100,^FTSE,31.37610378197634,1.5947060338179941,1.143973041508456
2025-12-30,FTSE 100,^FTSE,31.00207293429382,-1.199250603745794,1.1828863947888653
2025-12-31,FTSE 100,^FTSE,30.67592414527875,-1.0575953969093277,1.185878542533607
2026-01-01,FTSE 100,^FTSE,30.446634383126693,-0.7502658371288717,1.1813753123996937
2026-01-02,FTSE 100,^FTSE,30.527384657661937,0.26486796512421584,1.1645362032187896
2026-01-05,FTSE 100,^FTSE,30.71388701128141,0.6090759551475866,1.1389335623139898
2026-01-06,FTSE 100,^FTSE,30.35928422016651,-1.1612522121399849,1.1230467188282423
2026-01-07,FTSE 100,^FTSE,30.06360204726175,-0.9787170107802723,1.1285247897426138
2026-01-08,FTSE 100,^FTSE,30.210363128397034,0.48698097344219704,1.1242767111922578
2026-01-09,FTSE 100,^FTSE,29.850360284116697,-1.1988105879841449,1.105586041315426
2026-01-12,FTSE 100,^FTSE,30.117712296353705,0.8916537485388343,1.1145790438429701
2026-01-13,FTSE 100,^FTSE,30.760473125690467,2.11170786476389,1.1116188568503733
2026-01-14,FTSE 100,^FTSE,31.058200182869516,0.9632343860457748,1.2008520856178748
2026-01-15,FTSE 100,^FTSE,31.205034454382407,0.4716572936669827,1.1952788205051668
2026-01-16,FTSE 100,^FTSE,31.766691338983694,1.783885614931302,1.172204952522001
2026-01-19,FTSE 100,^FTSE,31.328971604191132,-1.3875018874352385,1.2234228810449361
2026-01-20,FTSE 100,^FTSE,31.771843175834842,1.4037183044545376,1.234142605292897
2026-01-21,FTSE 100,^FTSE,31.49132779847387,-0.8868262892656631,1.2509072372134413
2026-01-22,FTSE 100,^FTSE,31.834024551752577,1.0823472308026272,1.2348079346048786
2026-01-23,FTSE 100,^FTSE,31.556152774571288,-0.8767085649839856,1.232751464464675
2026-01-26,FTSE 100,^FTSE,31.473934647515755,-0.26088548199902917,1.2173763492320195
2026-01-27,FTSE 100,^FTSE,31.535276822740048,0.1947086566319367,1.1878303229197367
2026-01-28,FTSE 100,^FTSE,31.501585285704774,-0.10689472513858433,1.1600761737808856
2026-01-29,FTSE 100,^FTSE,31.53967128364285,0.12082881796575684,1.1323869336015477
2026-01-30,FTSE 100,^FTSE,31.7699822056941,0.7275728908288315,1.106726113160207
2026-02-02,FTSE 100,^FTSE,31.459146402986647,-0.9832123693672923,1.0971442283664106
2026-02-03,FTSE 100,^FTSE,31.299146769991747,-0.5098927059951741,1.0953239961348447
2026-02-04,FTSE 100,^FTSE,30.846522282992538,-1.4566823319765554,1.0764715880059679
2026-02-05,FTSE 100,^FTSE,30.75776541730031,-0.2881517842960868,1.1047841018473148
2026-02-06,FTSE 100,^FTSE,31.30867438292851,1.7752699718410092,1.081341788455411
2026-02-09,FTSE 100,^FTSE,30.87666226555782,-1.3894563926089898,1.1424545476444072
2026-02-10,FTSE 100,^FTSE,30.963245712835963,0.2800246853090993,1.1601073433662443
2026-02-11,FTSE 100,^FTSE,30.87701147407363,-0.27889371286757836,1.134976277945148
2026-02-12,FTSE 100,^FTSE,30.529554322135677,-1.1316733173932114,1.1098342775524488
2026-02-13,FTSE 100,^FTSE,30.355270552442875,-0.5725047122366433,1.1147043990672467
2026-02-16,FTSE 100,^FTSE,30.755290860491836,1.3091878468023843,1.0963445269177812
2026-02-17,FTSE 100,^FTSE,30.941065543447344,0.6022243621742085,1.1190160677786811
2026-02-18,FTSE 100,^FTSE,30.500687293496675,-1.433506600487755,1.1041046137573878
2026-02-19,FTSE 100,^FTSE,30.05718196145709,-1.4647584766037447,1.1281638084827044
2026-02-20,FTSE 100,^FTSE,30.396003795271735,1.1209512861981796,1.152155088039086
2026-02-23,FTSE 100,^FTSE,30.642581360073084,0.8079443699459787,1.1583604233407714
2026-02-24,FTSE 100,^FTSE,29.824233227886154,-2.7069330754248444,1.1486913994991603
2026-02-25,FTSE 100,^FTSE,29.781548186662892,-0.14322452455788337,1.2867054782345602
2026-02-26,FTSE 100,^FTSE,29.74658897969719,-0.11745440945687413,1.2529159342072889
2026-02-27,FTSE 100,^FTSE,29.314993907450965,-1.4615346687760766,1.2206631236244496
2026-03-02,FTSE 100,^FTSE,28.93992260680074,-1.2877075649934344,1.2362547929423993
2026-03-03,FTSE 100,^FTSE,29.587970139653258,2.214581758468359,1.2401116047831628
2026-03-04,FTSE 100,^FTSE,29.305223403829906,-0.9602091217971953,1.3220047285319718
2026-03-05,FTSE 100,^FTSE,29.450563718300103,0.4947278150097656,1.3044297223750847
2026-03-06,FTSE 100,^FTSE,29.101485896155353,-1.1923816855209601,1.2760618933936352
2026-03-09,FTSE 100,^FTSE,28.76414881762978,-1.1659455624534854,1.2719201442288905
2026-03-10,FTSE 100,^FTSE,29.169842907432947,1.4005619476876507,1.2667411367370571
2026-03-11,FTSE 100,^FTSE,29.017925240863757,-0.5221647661725282,1.2805539662106242
2026-03-12,FTSE 100,^FTSE,28.92035307115503,-0.33681450258060686,1.251935535879089
2026-03-13,FTSE 100,^FTSE,28.7142298095721,-0.7152793690660797,1.2215523667954702
2026-03-16,FTSE 100,^FTSE,28.34396120127553,-1.2978813360722263,1.2012197699652392
2026-03-17,FTSE 100,^FTSE,28.191374563296833,-0.5397934103223534,1.2083665513190363
2026-03-18,FTSE 100,^FTSE,28.486863035800482,1.0426970286427917,1.18396427136315
2026-03-19,FTSE 100,^FTSE,28.95202725373794,1.619719270912423,1.183529884377414
2026-03-20,FTSE 100,^FTSE,29.023124531100887,0.2452682254913796,1.2203316086204017
2026-03-23,FTSE 100,^FTSE,28.909405759731012,-0.39259088756855576,1.191569958023913
2026-03-24,FTSE 100,^FTSE,29.487275632990155,1.9791834837013855,1.1651035010494455
2026-03-25,FTSE 100,^FTSE,29.305274783492514,-0.619130925887923,1.2343946387259195
2026-03-26,FTSE 100,^FTSE,29.863486677974876,1.8869026247966048,1.2105597112537045
2026-03-27,FTSE 100,^FTSE,29.531225691597722,-1.1188351256464557,1.2662055132652212
2026-03-30,FTSE 100,^FTSE,29.373059068070333,-0.5370305549148302,1.2591207836141225
2026-03-31,FTSE 100,^FTSE,29.89848427513426,1.7729889969512858,1.2319483010800407
2026-04-01,FTSE 100,^FTSE,30.199873179580415,1.0029939047987213,1.2757963751763155
2026-04-02,FTSE 100,^FTSE,30.239050776285058,0.12964361251879275,1.2670181207990705
2026-04-03,FTSE 100,^FTSE,30.497220783118586,0.8501396450999454,1.2346768968813269
2026-04-06,FTSE 100,^FTSE,30.347469621483615,-0.49224168292725246,1.221851879874671
2026-04-07,FTSE 100,^FTSE,30.571233974725608,0.7346359866286178,1.1956748444539969
2026-04-08,FTSE 100,^FTSE,30.93489797320495,1.1825430241634738,1.1807471881080203
2026-04-09,FTSE 100,^FTSE,30.27394186550519,-2.1597592814626143,1.1882448006431847
2026-04-10,FTSE 100,^FTSE,29.901383286642936,-1.2382594966746652,1.262710196505305
2026-04-13,FTSE 100,^FTSE,30.183648733081505,0.9395601979974355,1.2618997791714088
2026-04-14,FTSE 100,^FTSE,29.76027793482448,-1.4125795944709196,1.2511537350457365
2026-04-15,FTSE 100,^FTSE,29.573363811407198,-0.6300464162502184,1.2611615812040502
2026-04-16,FTSE 100,^FTSE,29.795070586198353,0.7468878291413183,1.2361545192719896
2026-04-17,FTSE 100,^FTSE,29.979781433018143,0.6180238963526374,1.2192172079042778
2026-04-20,FTSE 100,^FTSE,29.73730359894678,-0.8120931105334961,1.1989061004380819
2026-04-21,FTSE 100,^FTSE,29.821246032737704,0.28188224828249453,1.1831852543876926
2026-04-22,FTSE 100,^FTSE,30.25548463110827,1.4456384562418378,1.1568766592116533
2026-04-23,FTSE 100,^FTSE,30.601814879385703,1.1381838821987067,1.1834146827314296
2026-04-24,FTSE 100,^FTSE,30.49968524650526,-0.33429532100219816,1.1881704410988305
2026-04-27,FTSE 100,^FTSE,30.889371039994494,1.2695781667646067,1.1609875627520125
2026-04-28,FTSE 100,^FTSE,30.856476444866814,-0.10654837395409622,1.1753705110126715
2026-04-29,FTSE 100,^FTSE,30.50825775180639,-1.1349268772351095,1.1469111079421923
2026-04-30,FTSE 100,^FTSE,30.04889558519805,-1.5171485195777823,1.1491379571505513
2026-05-01,FTSE 100,^FTSE,29.987722911190296,-0.20378461249062063,1.1748367170013099
2026-05-04,FTSE 100,^FTSE,30.092438818521543,0.34858765473648745,1.1469206510375791
2026-05-05,FTSE 100,^FTSE,30.407990460359624,1.0431479809658306,1.123725066623634
2026-05-06,FTSE 100,^FTSE,30.158718960738568,-0.8231350504393387,1.127807528460559
2026-05-07,FTSE 100,^FTSE,30.46691657349981,1.0167324928534338,1.1169398931765533
2026-05-08,FTSE 100,^FTSE,30.289163882926545,-0.5851371464511423,1.120115896011487
2026-05-11,FTSE 100,^FTSE,30.513894367528216,0.7392111989170669,1.1017878524187499
2026-05-12,FTSE 100,^FTSE,30.941209050377328,1.3906788725605246,1.09299490599643
2026-05-13,FTSE 100,^FTSE,30.932264200781262,-0.028913358789717236,1.1216950417794245
2026-05-14,FTSE 100,^FTSE,30.970498815110897,0.12353122002641825,1.0958750665797716
2026-05-15,FTSE 100,^FTSE,30.843934860476207,-0.40949701863852717,1.0721404328048598
2026-05-18,FTSE 100,^FTSE,31.028425929520655,0.5963619731661041,1.0524041864153646
2026-05-19,FTSE 100,^FTSE,30.940181044887254,-0.2848053186640609,1.0414197994414618
2026-05-20,FTSE 100,^FTSE,30.536456973975973,-1.3134416190353715,1.0213526457039819
2026-05-21,FTSE 100,^FTSE,30.539996441565144,0.011590285274287737,1.0449002827106806
2026-05-22,FTSE 100,^FTSE,30.59161075910127,0.16886298975071767,1.0231808742951722
2026-05-25,FTSE 100,^FTSE,31.131589170529146,1.74972194666978,1.0038376255236539
2026-05-26,FTSE 100,^FTSE,31.029851864203362,-0.3273328142734844,1.0724790768974555
2026-05-27,FTSE 100,^FTSE,30.919562999764278,-0.3560614130130979,1.051311706444853
2026-05-28,FTSE 100,^FTSE,30.783279573975232,-0.441741876773305,1.0317660014035186
2026-05-29,FTSE 100,^FTSE,30.648496277383895,-0.4388071514987768,1.0149854056420864
2026-06-01,FTSE 100,^FTSE,30.450061078710434,-0.6495600059038154,0.9991152314321894
2026-06-02,FTSE 100,^FTSE,29.90210610529146,-1.8159083802832043,0.9901474274709601
2026-06-03,FTSE 100,^FTSE,29.705424366888483,-0.6599248472015429,1.0580185603475056
2026-06-04,FTSE 100,^FTSE,29.74783167427072,0.14265766889156595,1.045663515349681
2026-06-05,FTSE 100,^FTSE,29.533432077863882,-0.7233332005343485,1.0247950664010965
2026-06-08,FTSE 100,^FTSE,29.80715206098475,0.9225454330344274,1.016794770927991
2026-06-09,FTSE 100,^FTSE,29.811604504525626,0.01493638514338258,1.0226608589131352
2026-06-10,FTSE 100,^FTSE,30.134162241207523,1.076175574298066,1.0021489884393218
2026-06-11,FTSE 100,^FTSE,30.60345398723333,1.545339163181092,1.0180878212401543
2026-06-12,FTSE 100,^FTSE,30.999536030001984,1.2859359610845278,1.0667588373551664
2026-06-15,FTSE 100,^FTSE,30.688294916760483,-1.0090928778610397,1.0905798185494515
2026-06-16,FTSE 100,^FTSE,31.317717126220586,2.030267095541438,1.0904983152594327
2026-06-17,FTSE 100,^FTSE,31.33035060473393,0.040331582895269946,1.1745385723416926
2026-06-18,FTSE 100,^FTSE,31.275630673176842,-0.17480740457829214,1.1462197112252555
2026-06-19,FTSE 100,^FTSE,31.7202756704917,1.4116865916796506,1.119552554580908
2026-06-22,FTSE 100,^FTSE,31.66042183953489,-0.18887090581478638,1.1472070364042053
2026-06-23,FTSE 100,^FTSE,31.38119625263674,-0.8858510340415293,1.1205847726268159
2026-06-24,FTSE 100,^FTSE,31.602520185256683,0.7028002033564462,1.1127438527540416
2026-06-25,FTSE 100,^FTSE,31.895281302361088,0.9221207182462443,1.1018086002186047
2026-06-26,FTSE 100,^FTSE,32.33929539489547,1.3824989200165838,1.101239971943896
2026-06-29,FTSE 100,^FTSE,31.97943708252066,-1.1189961415112748,1.1285609932531333
2026-06-30,FTSE 100,^FTSE,32.04069114153344,0.1913588098111596,1.1313182731243288
2026-07-01,FTSE 100,^FTSE,32.61528277505528,1.7774282126206131,1.1064401901153913
2026-07-02,FTSE 100,^FTSE,32.59050651455269,-0.07599405502145551,1.1647057997021508
2026-07-03,FTSE 100,^FTSE,33.143659978478574,1.6830411053786687,1.136714997608368
2026-07-06,FTSE 100,^FTSE,32.83520694050551,-0.9350123746522776,1.1834790242458009
2026-07-07,FTSE 100,^FTSE,33.286732411398354,1.3657569449835982,1.1735797241415407
2026-07-08,FTSE 100,^FTSE,32.92840331441403,-1.0823283560243535,1.1931058596097712
2026-07-09,FTSE 100,^FTSE,33.38340740373624,1.3723384275907247,1.18929801544689
2026-07-10,FTSE 100,^FTSE,33.252720860069054,-0.39223980932105995,1.2078800147666562
2026-07-13,FTSE 100,^FTSE,33.080083483069075,-0.5205200307671465,1.1805617502370682
2026-07-14,FTSE 100,^FTSE,33.6598759600119,1.737510984578261,1.1572195923456596
2026-07-15,FTSE 100,^FTSE,33.817388652569655,0.466862370779797,1.206226515806813
2026-07-16,FTSE 100,^FTSE,34.002180398944944,0.5449524562828323,1.1824359057491232
2026-07-17,FTSE 100,^FTSE,33.750819845445875,-0.7419943200279722,1.1620396695437012
2026-07-20,FTSE 100,^FTSE,33.77609673829179,0.0748646474777459,1.146078497154702
2026-07-21,FTSE 100,^FTSE,33.853909847529366,0.23011425697712085,1.1193790914644342
2026-07-22,FTSE 100,^FTSE,34.40470490427241,1.6138827715196147,1.0956394600754382
2026-07-23,FTSE 100,^FTSE,35.007377947901624,1.7365512285844709,1.1412483345032527
2026-07-24,FTSE 100,^FTSE,35.051925375000344,0.1271706425542085,1.1919583552324158
2026-07-27,FTSE 100,^FTSE,34.917700425799325,-0.3836668048865288,1.1633160617488014
2026-07-28,FTSE 100,^FTSE,34.17838865826669,-2.1400342410756945,1.1381801691542253
2026-07-29,FTSE 100,^FTSE,34.14716770143926,-0.09138881749026773,1.2172990890790452
2026-07-30,FTSE 100,^FTSE,33.701552455799714,-1.3135742342077261,1.1867188957653982
2026-07-31,FTSE 100,^FTSE,33.8849497316655,0.542705185389103,1.195941546511755
2026-08-03,FTSE 100,^FTSE,33.715481394370514,-0.5013834660148486,1.1747168365408427
2026-08-04,FTSE 100,^FTSE,33.71608336922233,0.0017854393678629066,1.1512595746350067
2026-08-05,FTSE 100,^FTSE,33.616873229717974,-0.2946854447219316,1.1239849252284067
2026-08-06,FTSE 100,^FTSE,32.82919704124134,-2.3709847240512616,1.0996111941803814
2026-08-07,FTSE 100,^FTSE,32.71003074480966,-0.3636491663973729,1.2079660283364244
2026-08-10,FTSE 100,^FTSE,32.79624102181551,0.2632124358584065,1.180192375329639
2026-08-11,FTSE 100,^FTSE,32.68660720530692,-0.33484774078731405,1.1537491006133342
2026-08-12,FTSE 100,^FTSE,31.985257147626672,-2.1690345919676,1.1283583212406063
2026-08-13,FTSE 100,^FTSE,31.32718839195593,-2.078872328323378,1.2116340368740484
2026-08-14,FTSE 100,^FTSE,31.322553567501295,-0.014795988995741638,1.2757790647816976
2026-08-17,FTSE 100,^FTSE,32.173577080656166,2.6807128798329583,1.2423292908133554
2026-08-18,FTSE 100,^FTSE,32.81115115009044,1.9622903573293105,1.3724273064922388
2026-08-19,FTSE 100,^FTSE,33.57038266750686,2.2875778318503404,1.416869453674723
2026-08-20,FTSE 100,^FTSE,34.40490827880233,2.4555026705863625,1.4838667672463894
2026-08-21,FTSE 100,^FTSE,34.5385000546813,0.38754087245491675,1.5580949762278549
2026-08-24,FTSE 100,^FTSE,34.280885928609585,-0.7486708161649425,1.5150840492984656
2026-08-25,FTSE 100,^FTSE,34.37969726576678,0.2878257095288994,1.4798827753662953
2026-08-26,FTSE 100,^FTSE,34.758065228933084,1.0945443617662143,1.4390744840407408
2026-08-27,FTSE 100,^FTSE,34.685617882616356,-0.20865072056652778,1.4238960423615992
2026-08-28,FTSE 100,^FTSE,34.35833040980214,-0.9480625959263911,1.3839889526904807
2026-08-31,FTSE 100,^FTSE,34.706342023595084,1.007793266807866,1.362263486278323
